
Displacement Length
 ==================== 
Displacement Length,Unit,Category,Time,Set 1,TrackID,ID,
0,um,Spot,1,,1000000003,3,
0,um,Spot,1,Tracked,1000000005,5,
0,um,Spot,1,Untracked,1000000010,10,
0,um,Spot,1,Untracked,1000000011,11,
0,um,Spot,1,Untracked,1000000012,12,
0,um,Spot,1,Untracked,1000000013,13,
0,um,Spot,1,Untracked,1000000014,14,
0,um,Spot,1,Tracked,1000000016,16,
0,um,Spot,1,Untracked,1000000018,18,
0,um,Spot,1,Untracked,1000000020,20,
0,um,Spot,1,Tracked,1000000021,21,
0,um,Spot,1,Tracked,1000000022,22,
0,um,Spot,1,Tracked,1000000023,23,
0,um,Spot,1,Untracked,1000000024,24,
0,um,Spot,1,Untracked,1000000026,26,
0,um,Spot,1,Untracked,1000000027,27,
0,um,Spot,1,Untracked,1000000028,28,
0,um,Spot,1,Untracked,1000000029,29,
0,um,Spot,1,Untracked,1000000030,30,
0,um,Spot,1,Untracked,1000000031,31,
0,um,Spot,1,Untracked,1000000033,33,
0,um,Spot,1,Untracked,1000000034,34,
0,um,Spot,1,Untracked,1000000037,37,
0,um,Spot,1,Untracked,1000000038,38,
0,um,Spot,1,Tracked,1000000041,41,
0,um,Spot,1,Untracked,1000000042,42,
0,um,Spot,1,Untracked,1000000044,44,
0,um,Spot,1,Tracked,1000000045,45,
0,um,Spot,1,Tracked,1000000046,46,
0,um,Spot,1,Untracked,1000000047,47,
0,um,Spot,1,Untracked,1000000048,48,
0,um,Spot,1,Tracked,1000000051,51,
0,um,Spot,1,Tracked,1000000052,52,
0,um,Spot,1,Tracked,1000000053,53,
0,um,Spot,1,Tracked,1000000054,54,
0,um,Spot,1,Tracked,1000000056,56,
0,um,Spot,1,Untracked,1000000061,61,
0,um,Spot,1,Untracked,1000000063,63,
0,um,Spot,1,Untracked,1000000064,64,
0,um,Spot,1,Untracked,1000000065,65,
0,um,Spot,1,Untracked,1000000066,66,
0,um,Spot,1,Untracked,1000000067,67,
0,um,Spot,1,Untracked,1000000068,68,
0,um,Spot,1,Untracked,1000000071,71,
0,um,Spot,1,Untracked,1000000072,72,
0,um,Spot,1,,1000000073,73,
0,um,Spot,1,,1000000082,82,
0,um,Spot,1,,1000000084,84,
0,um,Spot,1,Untracked,1000000088,88,
0,um,Spot,1,Untracked,1000000089,89,
0,um,Spot,1,Untracked,1000000091,91,
0,um,Spot,1,Untracked,1000000092,92,
0,um,Spot,1,Tracked,1000000094,94,
0,um,Spot,1,Untracked,1000000096,96,
0,um,Spot,1,Tracked,1000000102,102,
0,um,Spot,1,Tracked,1000000105,105,
0,um,Spot,1,Untracked,1000000106,106,
0,um,Spot,1,Untracked,1000000107,107,
0,um,Spot,1,Untracked,1000000108,108,
0,um,Spot,1,Untracked,1000000111,111,
0,um,Spot,1,Untracked,1000000112,112,
0,um,Spot,1,Untracked,1000000114,114,
0,um,Spot,1,Untracked,1000000115,115,
0,um,Spot,1,Untracked,1000000116,116,
0,um,Spot,1,Untracked,1000000120,120,
0,um,Spot,1,Untracked,1000000121,121,
0,um,Spot,1,Untracked,1000000122,122,
0,um,Spot,1,Untracked,1000000123,123,
0,um,Spot,1,Tracked,1000000124,124,
0,um,Spot,1,Tracked,1000000125,125,
0,um,Spot,1,Tracked,1000000126,126,
0,um,Spot,1,Untracked,1000000127,127,
0,um,Spot,1,Tracked,1000000128,128,
0,um,Spot,1,Tracked,1000000130,130,
0,um,Spot,1,Tracked,1000000131,131,
0,um,Spot,1,Tracked,1000000133,133,
0,um,Spot,1,Tracked,1000000134,134,
0,um,Spot,1,Tracked,1000000135,135,
0,um,Spot,1,Tracked,1000000137,137,
0,um,Spot,1,Tracked,1000000139,139,
0,um,Spot,1,Tracked,1000000140,140,
0,um,Spot,1,Tracked,1000000145,145,
0,um,Spot,1,Untracked,1000000150,150,
0,um,Spot,1,Untracked,1000000151,151,
0,um,Spot,1,Untracked,1000000152,152,
0,um,Spot,1,Untracked,1000000155,155,
0,um,Spot,1,Untracked,1000000156,156,
0,um,Spot,1,Untracked,1000000159,159,
0,um,Spot,1,Untracked,1000000161,161,
0,um,Spot,1,Untracked,1000000162,162,
0,um,Spot,1,Untracked,1000000163,163,
0,um,Spot,1,Untracked,1000000164,164,
0,um,Spot,1,Untracked,1000000166,166,
0,um,Spot,1,,1000000172,172,
0,um,Spot,1,Untracked,1000000175,175,
0,um,Spot,1,Tracked,1000000178,178,
0,um,Spot,1,Tracked,1000000179,179,
0,um,Spot,1,Tracked,1000000191,191,
0,um,Spot,1,Untracked,1000000199,199,
0,um,Spot,1,Untracked,1000000201,201,
0,um,Spot,1,Untracked,1000000202,202,
0,um,Spot,1,Untracked,1000000203,203,
0,um,Spot,1,Untracked,1000000204,204,
0,um,Spot,1,Untracked,1000000205,205,
0,um,Spot,1,Untracked,1000000208,208,
0,um,Spot,1,Untracked,1000000212,212,
0,um,Spot,1,Tracked,1000000216,216,
0,um,Spot,1,Tracked,1000000217,217,
0,um,Spot,1,Tracked,1000000218,218,
0,um,Spot,1,Untracked,1000000219,219,
0,um,Spot,1,Untracked,1000000251,251,
0,um,Spot,1,Untracked,1000000254,254,
0,um,Spot,1,Untracked,1000000257,257,
0,um,Spot,1,Tracked,1000000262,262,
0,um,Spot,1,Untracked,1000000268,268,
0,um,Spot,1,Tracked,1000000272,272,
0,um,Spot,1,Untracked,1000000284,284,
0,um,Spot,1,Untracked,1000000285,285,
0,um,Spot,1,Untracked,1000000289,289,
0,um,Spot,1,Tracked,1000000309,309,
0,um,Spot,1,Untracked,1000000314,314,
0,um,Spot,1,Untracked,1000000316,316,
0,um,Spot,1,Untracked,1000000317,317,
0,um,Spot,1,Untracked,1000000323,323,
0,um,Spot,1,Untracked,1000000324,324,
0,um,Spot,1,Untracked,1000000325,325,
0,um,Spot,1,Untracked,1000000379,379,
0,um,Spot,1,Tracked,1000006624,6624,
0,um,Spot,1,Tracked,1000006651,6651,
0,um,Spot,1,Tracked,1000006677,6677,
0,um,Spot,1,Tracked,1000006690,6690,
0,um,Spot,1,Tracked,1000006703,6703,
4.57715,um,Spot,2,,1000000003,6704,
0,um,Spot,2,,1000006705,6705,
3.22494,um,Spot,2,Untracked,1000000010,6706,
6.91975,um,Spot,2,Untracked,1000000013,6707,
2.82889,um,Spot,2,Tracked,1000000016,6708,
2.11545,um,Spot,2,Untracked,1000000018,6709,
3.64201,um,Spot,2,Tracked,1000000022,6710,
4.80508,um,Spot,2,Untracked,1000000024,6711,
3.66386,um,Spot,2,Untracked,1000000026,6712,
10.1699,um,Spot,2,Untracked,1000000027,6713,
3.39683,um,Spot,2,Untracked,1000000028,6714,
0.38274,um,Spot,2,Untracked,1000000029,6715,
0,um,Spot,2,Untracked,1000006716,6716,
4.76212,um,Spot,2,Untracked,1000000030,6717,
1.31748,um,Spot,2,Untracked,1000000033,6718,
3.99613,um,Spot,2,Untracked,1000000031,6719,
5.67515,um,Spot,2,Untracked,1000000034,6720,
2.41362,um,Spot,2,Untracked,1000000042,6721,
2.46426,um,Spot,2,Tracked,1000000045,6722,
7.74935,um,Spot,2,Untracked,1000000044,6723,
1.88192,um,Spot,2,Untracked,1000000047,6724,
6.03273,um,Spot,2,Tracked,1000000046,6725,
4.08147,um,Spot,2,Untracked,1000000048,6726,
0.933616,um,Spot,2,Tracked,1000000052,6727,
2.46521,um,Spot,2,Tracked,1000000053,6728,
4.27902,um,Spot,2,Tracked,1000000054,6729,
5.76378,um,Spot,2,Tracked,1000000178,6730,
1.96071,um,Spot,2,Tracked,1000000056,6731,
4.34591,um,Spot,2,Untracked,1000000061,6732,
0,um,Spot,2,Untracked,1000006733,6733,
3.92507,um,Spot,2,Untracked,1000000063,6734,
0,um,Spot,2,Untracked,1000006735,6735,
6.29439,um,Spot,2,Untracked,1000000064,6736,
7.05752,um,Spot,2,Untracked,1000000066,6737,
13.5143,um,Spot,2,Untracked,1000000065,6738,
3.31893,um,Spot,2,,1000000073,6739,
0,um,Spot,2,Untracked,1000006740,6740,
0,um,Spot,2,,1000006741,6741,
0.512686,um,Spot,2,,1000000082,6742,
4.31351,um,Spot,2,,1000000084,6743,
6.47172,um,Spot,2,Untracked,1000000088,6744,
7.44755,um,Spot,2,Untracked,1000000089,6745,
3.16439,um,Spot,2,Untracked,1000000092,6746,
3.72911,um,Spot,2,Untracked,1000000096,6747,
4.01106,um,Spot,2,Tracked,1000000005,6748,
1.58279,um,Spot,2,Tracked,1000000102,6749,
2.12099,um,Spot,2,Tracked,1000000105,6750,
9.24936,um,Spot,2,Untracked,1000000014,6751,
4.86651,um,Spot,2,Untracked,1000000106,6752,
3.95985,um,Spot,2,Untracked,1000000112,6753,
9.74009,um,Spot,2,Untracked,1000000107,6754,
5.05993,um,Spot,2,Untracked,1000000108,6755,
5.58385,um,Spot,2,Untracked,1000000111,6756,
4.67951,um,Spot,2,Untracked,1000000116,6757,
4.87852,um,Spot,2,Untracked,1000000114,6758,
5.66366,um,Spot,2,Untracked,1000000115,6759,
1.78584,um,Spot,2,Untracked,1000000122,6760,
4.88912,um,Spot,2,Untracked,1000000120,6761,
5.29721,um,Spot,2,Tracked,1000000021,6762,
4.23081,um,Spot,2,Tracked,1000000124,6763,
3.27606,um,Spot,2,Tracked,1000000125,6764,
8.94883,um,Spot,2,Untracked,1000000020,6765,
4.16733,um,Spot,2,Tracked,1000000126,6766,
4.51422,um,Spot,2,Untracked,1000000127,6767,
3.83997,um,Spot,2,Tracked,1000000128,6768,
3.36017,um,Spot,2,Tracked,1000000130,6769,
10.4841,um,Spot,2,Tracked,1000000131,6770,
2.92418,um,Spot,2,Tracked,1000000133,6771,
4.44196,um,Spot,2,Tracked,1000000023,6772,
7.46935,um,Spot,2,Tracked,1000000137,6773,
1.9666,um,Spot,2,Tracked,1000000134,6774,
3.59385,um,Spot,2,Tracked,1000000135,6775,
2.36903,um,Spot,2,Tracked,1000000140,6776,
0,um,Spot,2,Tracked,1000006777,6777,
5.11434,um,Spot,2,Tracked,1000000139,6778,
2.3699,um,Spot,2,Tracked,1000000145,6779,
2.51404,um,Spot,2,Untracked,1000000151,6780,
5.35069,um,Spot,2,Untracked,1000000037,6781,
7.82698,um,Spot,2,Untracked,1000000150,6782,
1.02721,um,Spot,2,Untracked,1000000156,6783,
3.33037,um,Spot,2,Untracked,1000000161,6784,
6.21021,um,Spot,2,Untracked,1000000162,6785,
14.0751,um,Spot,2,Untracked,1000000155,6786,
2.92957,um,Spot,2,Untracked,1000000164,6787,
3.68406,um,Spot,2,Tracked,1000000051,6788,
5.67435,um,Spot,2,,1000000172,6789,
2.57851,um,Spot,2,Untracked,1000000175,6790,
0,um,Spot,2,Tracked,1000006791,6791,
9.36368,um,Spot,2,Tracked,1000000218,6792,
1.71797,um,Spot,2,Tracked,1000000191,6793,
0,um,Spot,2,Tracked,1000006794,6794,
3.65065,um,Spot,2,Untracked,1000000068,6795,
7.01573,um,Spot,2,Untracked,1000000071,6796,
8.55949,um,Spot,2,Untracked,1000000072,6797,
12.6215,um,Spot,2,Untracked,1000000067,6798,
6.07192,um,Spot,2,Untracked,1000000201,6799,
3.04273,um,Spot,2,Untracked,1000000204,6800,
0,um,Spot,2,Untracked,1000006801,6801,
7.68362,um,Spot,2,Untracked,1000000205,6802,
11.2355,um,Spot,2,Untracked,1000000203,6803,
3.44769,um,Spot,2,Untracked,1000000212,6804,
2.26394,um,Spot,2,Tracked,1000000217,6805,
5.98077,um,Spot,2,Tracked,1000000216,6806,
4.12886,um,Spot,2,Untracked,1000000219,6807,
6.0083,um,Spot,2,Untracked,1000000091,6808,
0,um,Spot,2,,1000006809,6809,
9.4083,um,Spot,2,Untracked,1000000121,6810,
0,um,Spot,2,Untracked,1000006811,6811,
9.1302,um,Spot,2,Untracked,1000000123,6812,
7.09301,um,Spot,2,Untracked,1000000251,6813,
5.3902,um,Spot,2,Tracked,1000000262,6814,
4.4557,um,Spot,2,Untracked,1000000268,6815,
5.69794,um,Spot,2,Untracked,1000000166,6816,
5.23656,um,Spot,2,Untracked,1000000285,6817,
6.72039,um,Spot,2,Untracked,1000000284,6818,
2.65427,um,Spot,2,Tracked,1000000309,6819,
0,um,Spot,2,Untracked,1000006820,6820,
8.98807,um,Spot,2,Untracked,1000000208,6821,
2.95441,um,Spot,2,Untracked,1000000317,6822,
8.97948,um,Spot,2,Untracked,1000000314,6823,
0,um,Spot,2,Untracked,1000006824,6824,
3.0217,um,Spot,2,Untracked,1000000324,6825,
5.40678,um,Spot,2,Untracked,1000000325,6826,
11.4642,um,Spot,2,Untracked,1000000379,6827,
2.0887,um,Spot,2,Tracked,1000006624,6828,
0,um,Spot,2,Tracked,1000006829,6829,
2.60624,um,Spot,2,Tracked,1000006651,6830,
0,um,Spot,2,Tracked,1000006831,6831,
4.10049,um,Spot,2,Tracked,1000006677,6832,
3.00052,um,Spot,2,Tracked,1000006690,6833,
2.30234,um,Spot,2,Tracked,1000006703,6834,
4.57352,um,Spot,3,,1000006705,6835,
7.61122,um,Spot,3,,1000000003,6836,
4.79502,um,Spot,3,Untracked,1000000011,6837,
5.39811,um,Spot,3,Untracked,1000000010,6838,
6.80184,um,Spot,3,Untracked,1000000012,6839,
9.28882,um,Spot,3,Untracked,1000000013,6840,
5.37349,um,Spot,3,Tracked,1000000016,6841,
2.81294,um,Spot,3,Untracked,1000000018,6842,
3.43394,um,Spot,3,Tracked,1000000021,6843,
3.38058,um,Spot,3,Tracked,1000000022,6844,
6.99843,um,Spot,3,Untracked,1000000024,6845,
4.7213,um,Spot,3,Untracked,1000000026,6846,
9.39587,um,Spot,3,Untracked,1000000027,6847,
6.16068,um,Spot,3,Untracked,1000000028,6848,
2.4797,um,Spot,3,Untracked,1000000029,6849,
2.60079,um,Spot,3,Untracked,1000006716,6850,
4.55661,um,Spot,3,Untracked,1000000033,6851,
4.36159,um,Spot,3,Untracked,1000000031,6852,
5.02423,um,Spot,3,Untracked,1000000038,6853,
7.29452,um,Spot,3,Untracked,1000000030,6854,
4.90007,um,Spot,3,Untracked,1000000034,6855,
2.5501,um,Spot,3,Tracked,1000000041,6856,
4.3092,um,Spot,3,Untracked,1000000042,6857,
0,um,Spot,3,Tracked,1000006858,6858,
2.89752,um,Spot,3,Tracked,1000000045,6859,
8.38785,um,Spot,3,Untracked,1000000044,6860,
2.6783,um,Spot,3,Untracked,1000000047,6861,
5.43261,um,Spot,3,Tracked,1000000046,6862,
3.24095,um,Spot,3,Untracked,1000000048,6863,
1.73838,um,Spot,3,Tracked,1000000052,6864,
1.72144,um,Spot,3,Tracked,1000000053,6865,
2.71098,um,Spot,3,Tracked,1000000054,6866,
4.97051,um,Spot,3,Tracked,1000000178,6867,
3.00033,um,Spot,3,Tracked,1000000056,6868,
5.32496,um,Spot,3,Untracked,1000000061,6869,
1.74269,um,Spot,3,Untracked,1000006733,6870,
4.90744,um,Spot,3,Untracked,1000000064,6871,
6.60349,um,Spot,3,Untracked,1000000063,6872,
9.461,um,Spot,3,Untracked,1000006735,6873,
10.4884,um,Spot,3,Untracked,1000000065,6874,
2.11378,um,Spot,3,Untracked,1000000068,6875,
10.4037,um,Spot,3,Untracked,1000000066,6876,
1.34315,um,Spot,3,,1000000073,6877,
1.59978,um,Spot,3,Untracked,1000006740,6878,
7.04163,um,Spot,3,,1000000082,6879,
5.63928,um,Spot,3,,1000000084,6880,
0,um,Spot,3,,1000006881,6881,
9.01688,um,Spot,3,Untracked,1000000088,6882,
8.43166,um,Spot,3,Untracked,1000000089,6883,
7.82156,um,Spot,3,Tracked,1000000094,6884,
3.16538,um,Spot,3,Untracked,1000000096,6885,
4.47347,um,Spot,3,Tracked,1000000102,6886,
2.94521,um,Spot,3,Tracked,1000000005,6887,
4.54356,um,Spot,3,Tracked,1000000105,6888,
11.4318,um,Spot,3,Untracked,1000000014,6889,
5.21646,um,Spot,3,Untracked,1000000106,6890,
5.20161,um,Spot,3,Untracked,1000000112,6891,
11.0081,um,Spot,3,Untracked,1000000107,6892,
5.90121,um,Spot,3,Untracked,1000000111,6893,
7.35843,um,Spot,3,Untracked,1000000108,6894,
9.81895,um,Spot,3,Untracked,1000000122,6895,
0,um,Spot,3,Untracked,1000006896,6896,
6.03405,um,Spot,3,Untracked,1000000114,6897,
7.54428,um,Spot,3,Untracked,1000000115,6898,
8.90367,um,Spot,3,Untracked,1000000116,6899,
6.37164,um,Spot,3,Untracked,1000006811,6900,
5.62388,um,Spot,3,Untracked,1000000020,6901,
6.0295,um,Spot,3,Tracked,1000000125,6902,
5.99268,um,Spot,3,Tracked,1000000124,6903,
2.59153,um,Spot,3,Tracked,1000000126,6904,
3.74848,um,Spot,3,Tracked,1000000128,6905,
7.11405,um,Spot,3,Untracked,1000000127,6906,
2.38423,um,Spot,3,Tracked,1000000130,6907,
8.03067,um,Spot,3,Tracked,1000000131,6908,
3.48564,um,Spot,3,Tracked,1000000023,6909,
3.96849,um,Spot,3,Tracked,1000000134,6910,
6.35536,um,Spot,3,Tracked,1000000133,6911,
10.3935,um,Spot,3,Tracked,1000000137,6912,
3.32082,um,Spot,3,Tracked,1000000135,6913,
5.26326,um,Spot,3,Tracked,1000000140,6914,
4.35013,um,Spot,3,Tracked,1000006777,6915,
3.20588,um,Spot,3,Tracked,1000000139,6916,
3.71974,um,Spot,3,Tracked,1000000145,6917,
3.74595,um,Spot,3,Untracked,1000000151,6918,
6.96908,um,Spot,3,Untracked,1000000037,6919,
5.14266,um,Spot,3,Untracked,1000000152,6920,
2.07318,um,Spot,3,Untracked,1000000156,6921,
13.4068,um,Spot,3,Untracked,1000000150,6922,
8.29946,um,Spot,3,Untracked,1000000155,6923,
6.29684,um,Spot,3,Untracked,1000000159,6924,
5.60398,um,Spot,3,Untracked,1000000162,6925,
8.36103,um,Spot,3,Untracked,1000000161,6926,
4.17556,um,Spot,3,Untracked,1000000163,6927,
2.45958,um,Spot,3,Tracked,1000000051,6928,
6.4389,um,Spot,3,,1000000172,6929,
5.31805,um,Spot,3,Untracked,1000000175,6930,
4.77946,um,Spot,3,Tracked,1000000179,6931,
11.3094,um,Spot,3,Tracked,1000000218,6932,
2.28104,um,Spot,3,Tracked,1000000191,6933,
4.01728,um,Spot,3,Tracked,1000006794,6934,
6.49454,um,Spot,3,Tracked,1000000309,6935,
9.26243,um,Spot,3,Untracked,1000000072,6936,
8.70574,um,Spot,3,Untracked,1000000071,6937,
5.23281,um,Spot,3,Untracked,1000000202,6938,
0,um,Spot,3,Untracked,1000006939,6939,
7.13278,um,Spot,3,Untracked,1000000199,6940,
6.70889,um,Spot,3,Untracked,1000000201,6941,
10.4197,um,Spot,3,Untracked,1000000203,6942,
2.65328,um,Spot,3,Untracked,1000006801,6943,
9.06808,um,Spot,3,Untracked,1000000205,6944,
7.27983,um,Spot,3,Untracked,1000000208,6945,
0,um,Spot,3,Untracked,1000006946,6946,
2.2166,um,Spot,3,Untracked,1000000212,6947,
1.51191,um,Spot,3,Tracked,1000000217,6948,
1.01666,um,Spot,3,Tracked,1000000216,6949,
2.52402,um,Spot,3,Untracked,1000000219,6950,
0,um,Spot,3,Untracked,1000006951,6951,
3.87081,um,Spot,3,Untracked,1000000092,6952,
10.1976,um,Spot,3,Untracked,1000000091,6953,
8.43307,um,Spot,3,,1000006809,6954,
0,um,Spot,3,,1000006955,6955,
8.58156,um,Spot,3,Untracked,1000000120,6956,
11.627,um,Spot,3,Untracked,1000000121,6957,
9.52488,um,Spot,3,Untracked,1000000123,6958,
7.07201,um,Spot,3,Untracked,1000000251,6959,
4.63073,um,Spot,3,Untracked,1000000254,6960,
0,um,Spot,3,Untracked,1000006961,6961,
8.84148,um,Spot,3,Untracked,1000000257,6962,
3.46331,um,Spot,3,Untracked,1000000268,6963,
4.62493,um,Spot,3,Tracked,1000000272,6964,
6.13613,um,Spot,3,Untracked,1000000164,6965,
7.5111,um,Spot,3,Untracked,1000000166,6966,
8.33426,um,Spot,3,Untracked,1000000284,6967,
7.21557,um,Spot,3,Untracked,1000000285,6968,
3.08818,um,Spot,3,Untracked,1000000289,6969,
0,um,Spot,3,Tracked,1000006970,6970,
1.47858,um,Spot,3,Untracked,1000006820,6971,
3.18121,um,Spot,3,Untracked,1000000316,6972,
3.99453,um,Spot,3,Untracked,1000000317,6973,
3.93658,um,Spot,3,Untracked,1000006824,6974,
3.08609,um,Spot,3,Untracked,1000000325,6975,
3.9864,um,Spot,3,Untracked,1000000324,6976,
9.65225,um,Spot,3,Untracked,1000000323,6977,
3.75317,um,Spot,3,Tracked,1000006624,6978,
6.24047,um,Spot,3,Tracked,1000006829,6979,
3.28064,um,Spot,3,Tracked,1000006651,6980,
3.02388,um,Spot,3,Tracked,1000006831,6981,
4.4847,um,Spot,3,Tracked,1000006677,6982,
7.91666,um,Spot,3,Tracked,1000006690,6983,
3.95964,um,Spot,3,Tracked,1000006703,6984,
9.53667,um,Spot,4,,1000006705,6985,
6.95128,um,Spot,4,,1000000003,6986,
1.24406,um,Spot,4,Untracked,1000000010,6987,
6.55953,um,Spot,4,Untracked,1000000012,6988,
7.09238,um,Spot,4,Untracked,1000000013,6989,
7.36898,um,Spot,4,Untracked,1000000014,6990,
1.82362,um,Spot,4,Untracked,1000000018,6991,
5.85577,um,Spot,4,Tracked,1000000021,6992,
1.55783,um,Spot,4,Tracked,1000000124,6993,
4.82914,um,Spot,4,Tracked,1000000022,6994,
3.02059,um,Spot,4,Tracked,1000000023,6995,
3.87488,um,Spot,4,Tracked,1000000134,6996,
0,um,Spot,4,Untracked,1000006997,6997,
3.65412,um,Spot,4,Untracked,1000000024,6998,
4.58874,um,Spot,4,Untracked,1000000026,6999,
0.635199,um,Spot,4,Untracked,1000000028,7000,
2.48105,um,Spot,4,Untracked,1000006716,7001,
1.31543,um,Spot,4,Untracked,1000000029,7002,
2.92249,um,Spot,4,Untracked,1000000031,7003,
7.75051,um,Spot,4,Untracked,1000000038,7004,
0,um,Spot,4,Untracked,1000007005,7005,
1.43974,um,Spot,4,Untracked,1000000033,7006,
6.88185,um,Spot,4,Untracked,1000000030,7007,
4.0853,um,Spot,4,Untracked,1000000034,7008,
1.45502,um,Spot,4,Untracked,1000000042,7009,
2.03648,um,Spot,4,Tracked,1000000045,7010,
1.66331,um,Spot,4,Tracked,1000000046,7011,
7.1325,um,Spot,4,Untracked,1000000044,7012,
2.69276,um,Spot,4,Untracked,1000000047,7013,
4.36247,um,Spot,4,Untracked,1000000048,7014,
2.01871,um,Spot,4,Tracked,1000000051,7015,
4.99283,um,Spot,4,Tracked,1000000052,7016,
1.50897,um,Spot,4,Tracked,1000000053,7017,
3.75125,um,Spot,4,Tracked,1000000054,7018,
8.95519,um,Spot,4,Tracked,1000000178,7019,
5.75583,um,Spot,4,Tracked,1000000056,7020,
7.39005,um,Spot,4,Untracked,1000000061,7021,
3.50519,um,Spot,4,Untracked,1000000063,7022,
6.21132,um,Spot,4,Untracked,1000000064,7023,
7.70652,um,Spot,4,Untracked,1000006733,7024,
4.84303,um,Spot,4,Untracked,1000006735,7025,
2.67533,um,Spot,4,Untracked,1000000068,7026,
8.17918,um,Spot,4,Untracked,1000000066,7027,
15.3511,um,Spot,4,Untracked,1000000065,7028,
3.84658,um,Spot,4,,1000000073,7029,
2.64865,um,Spot,4,Untracked,1000006740,7030,
9.59,um,Spot,4,,1000006741,7031,
5.56956,um,Spot,4,,1000000084,7032,
8.12623,um,Spot,4,Untracked,1000000088,7033,
6.24037,um,Spot,4,Untracked,1000000089,7034,
3.25451,um,Spot,4,Untracked,1000000096,7035,
0,um,Spot,4,,1000007036,7036,
3.7768,um,Spot,4,Tracked,1000000102,7037,
0,um,Spot,4,,1000007038,7038,
10.0216,um,Spot,4,Tracked,1000000105,7039,
5.06573,um,Spot,4,Untracked,1000000106,7040,
3.92221,um,Spot,4,Untracked,1000000112,7041,
9.24851,um,Spot,4,Untracked,1000000107,7042,
4.88647,um,Spot,4,Untracked,1000000108,7043,
5.91684,um,Spot,4,Untracked,1000000111,7044,
0,um,Spot,4,Untracked,1000007045,7045,
6.34392,um,Spot,4,Untracked,1000006896,7046,
5.25124,um,Spot,4,Untracked,1000000116,7047,
5.13164,um,Spot,4,Untracked,1000000114,7048,
8.69514,um,Spot,4,Untracked,1000000115,7049,
3.73167,um,Spot,4,Untracked,1000000122,7050,
4.285,um,Spot,4,Untracked,1000000020,7051,
4.70328,um,Spot,4,Tracked,1000000125,7052,
2.00299,um,Spot,4,Tracked,1000000126,7053,
3.6739,um,Spot,4,Tracked,1000000128,7054,
5.9648,um,Spot,4,Untracked,1000000127,7055,
1.84592,um,Spot,4,Tracked,1000000130,7056,
4.13469,um,Spot,4,Tracked,1000000131,7057,
5.52923,um,Spot,4,Tracked,1000000133,7058,
10.4708,um,Spot,4,Tracked,1000000137,7059,
8.35915,um,Spot,4,Tracked,1000000139,7060,
1.36738,um,Spot,4,Tracked,1000000135,7061,
2.84117,um,Spot,4,Tracked,1000000140,7062,
2.04384,um,Spot,4,Tracked,1000000145,7063,
6.29237,um,Spot,4,Untracked,1000000037,7064,
13.2802,um,Spot,4,Untracked,1000000152,7065,
0,um,Spot,4,Untracked,1000007066,7066,
5.77191,um,Spot,4,Untracked,1000000151,7067,
2.20116,um,Spot,4,Untracked,1000000156,7068,
5.36691,um,Spot,4,Untracked,1000000155,7069,
5.22897,um,Spot,4,Untracked,1000000159,7070,
7.19196,um,Spot,4,Untracked,1000000161,7071,
7.51876,um,Spot,4,Untracked,1000000162,7072,
4.90537,um,Spot,4,Untracked,1000000163,7073,
2.54165,um,Spot,4,Untracked,1000000164,7074,
4.76597,um,Spot,4,Untracked,1000000166,7075,
7.86514,um,Spot,4,,1000000172,7076,
6.52004,um,Spot,4,Tracked,1000000179,7077,
2.77616,um,Spot,4,Tracked,1000000191,7078,
11.7692,um,Spot,4,Tracked,1000006791,7079,
10.3544,um,Spot,4,Tracked,1000000218,7080,
10.8,um,Spot,4,Tracked,1000000309,7081,
7.75728,um,Spot,4,Untracked,1000000071,7082,
11.7098,um,Spot,4,Untracked,1000000067,7083,
7.03126,um,Spot,4,Untracked,1000000201,7084,
12.7553,um,Spot,4,Untracked,1000000072,7085,
7.41232,um,Spot,4,Untracked,1000000199,7086,
7.9233,um,Spot,4,Untracked,1000000202,7087,
0,um,Spot,4,Untracked,1000007088,7088,
4.12842,um,Spot,4,Untracked,1000000205,7089,
4.25127,um,Spot,4,Untracked,1000006801,7090,
15.0358,um,Spot,4,Untracked,1000000203,7091,
3.55814,um,Spot,4,Untracked,1000006820,7092,
3.08975,um,Spot,4,Untracked,1000000212,7093,
2.45047,um,Spot,4,Tracked,1000000217,7094,
2.93281,um,Spot,4,Tracked,1000000216,7095,
5.56891,um,Spot,4,Untracked,1000000091,7096,
6.98906,um,Spot,4,Untracked,1000000092,7097,
9.49873,um,Spot,4,Untracked,1000000121,7098,
9.37791,um,Spot,4,Untracked,1000000120,7099,
8.03886,um,Spot,4,Untracked,1000000123,7100,
7.71262,um,Spot,4,Untracked,1000000251,7101,
3.64417,um,Spot,4,Untracked,1000006961,7102,
4.02217,um,Spot,4,Untracked,1000000257,7103,
0,um,Spot,4,Untracked,1000007104,7104,
3.49958,um,Spot,4,Untracked,1000000268,7105,
0,um,Spot,4,Untracked,1000007106,7106,
5.61441,um,Spot,4,Untracked,1000000285,7107,
0,um,Spot,4,Untracked,1000007108,7108,
5.12894,um,Spot,4,Untracked,1000000289,7109,
0,um,Spot,4,Untracked,1000007110,7110,
4.565,um,Spot,4,Untracked,1000006946,7111,
14.8757,um,Spot,4,Untracked,1000000208,7112,
4.75,um,Spot,4,Untracked,1000000317,7113,
5.52326,um,Spot,4,Untracked,1000006824,7114,
6.01751,um,Spot,4,Untracked,1000000323,7115,
2.86243,um,Spot,4,Untracked,1000000325,7116,
3.73348,um,Spot,4,Untracked,1000000324,7117,
0,um,Spot,4,Untracked,1000007118,7118,
15.6248,um,Spot,4,Untracked,1000000379,7119,
8.31761,um,Spot,4,Tracked,1000006624,7120,
5.73549,um,Spot,4,Tracked,1000006829,7121,
12.2018,um,Spot,4,Tracked,1000006651,7122,
8.37965,um,Spot,4,Tracked,1000006831,7123,
4.54192,um,Spot,4,Tracked,1000006677,7124,
7.91666,um,Spot,4,Tracked,1000006690,7125,
4.78749,um,Spot,4,Tracked,1000006703,7126,
8.50357,um,Spot,5,,1000006705,7127,
10.6276,um,Spot,5,,1000000003,7128,
2.87536,um,Spot,5,Untracked,1000000010,7129,
6.55954,um,Spot,5,Untracked,1000000011,7130,
5.65478,um,Spot,5,Untracked,1000000012,7131,
9.0672,um,Spot,5,Untracked,1000000013,7132,
12.8088,um,Spot,5,Tracked,1000000016,7133,
0.971342,um,Spot,5,Untracked,1000000018,7134,
4.95684,um,Spot,5,Tracked,1000000021,7135,
5.66908,um,Spot,5,Tracked,1000000022,7136,
2.66724,um,Spot,5,Tracked,1000000005,7137,
2.34886,um,Spot,5,Tracked,1000000023,7138,
6.66523,um,Spot,5,Untracked,1000000024,7139,
4.49427,um,Spot,5,Untracked,1000000026,7140,
5.26674,um,Spot,5,Untracked,1000000027,7141,
5.547,um,Spot,5,Untracked,1000000028,7142,
5.6842,um,Spot,5,Untracked,1000000029,7143,
1.71084,um,Spot,5,Untracked,1000006716,7144,
4.04289,um,Spot,5,Untracked,1000000033,7145,
4.90867,um,Spot,5,Untracked,1000000031,7146,
8.97635,um,Spot,5,Untracked,1000000038,7147,
2.06526,um,Spot,5,Untracked,1000007005,7148,
0,um,Spot,5,Untracked,1000007149,7149,
2.49641,um,Spot,5,Tracked,1000000041,7150,
6.08722,um,Spot,5,Untracked,1000000042,7151,
1.47293,um,Spot,5,Tracked,1000000045,7152,
3.18091,um,Spot,5,Tracked,1000006858,7153,
1.84203,um,Spot,5,Tracked,1000000046,7154,
7.58278,um,Spot,5,Untracked,1000000044,7155,
3.74714,um,Spot,5,Untracked,1000000047,7156,
1.71629,um,Spot,5,Tracked,1000000051,7157,
8.68812,um,Spot,5,Untracked,1000000048,7158,
3.39236,um,Spot,5,Tracked,1000000052,7159,
3.81058,um,Spot,5,Tracked,1000000054,7160,
7.50674,um,Spot,5,Tracked,1000000178,7161,
0,um,Spot,5,Tracked,1000007162,7162,
5.81746,um,Spot,5,Tracked,1000000056,7163,
6.26599,um,Spot,5,Untracked,1000000061,7164,
4.85657,um,Spot,5,Untracked,1000000063,7165,
7.6015,um,Spot,5,Untracked,1000000064,7166,
10.2134,um,Spot,5,Untracked,1000000065,7167,
8.03767,um,Spot,5,Untracked,1000006735,7168,
0,um,Spot,5,Untracked,1000007169,7169,
8.78246,um,Spot,5,Untracked,1000000072,7170,
3.13504,um,Spot,5,,1000000073,7171,
0,um,Spot,5,,1000007172,7172,
5.95302,um,Spot,5,,1000000082,7173,
0,um,Spot,5,,1000007174,7174,
7.35929,um,Spot,5,,1000000084,7175,
7.57568,um,Spot,5,,1000006881,7176,
11.0295,um,Spot,5,Untracked,1000000088,7177,
14.3776,um,Spot,5,Untracked,1000000089,7178,
4.04188,um,Spot,5,Untracked,1000006951,7179,
5.72323,um,Spot,5,Tracked,1000000094,7180,
3.14594,um,Spot,5,,1000007036,7181,
6.06722,um,Spot,5,Untracked,1000000096,7182,
6.23113,um,Spot,5,,1000007038,7183,
15.4998,um,Spot,5,Tracked,1000000105,7184,
9.65853,um,Spot,5,Tracked,1000000102,7185,
9.00882,um,Spot,5,Untracked,1000000014,7186,
4.28692,um,Spot,5,Untracked,1000000112,7187,
5.52283,um,Spot,5,Untracked,1000000106,7188,
0,um,Spot,5,Untracked,1000007189,7189,
5.86934,um,Spot,5,Untracked,1000000108,7190,
11.0667,um,Spot,5,Untracked,1000000107,7191,
1.31573,um,Spot,5,Untracked,1000007045,7192,
14.6067,um,Spot,5,Untracked,1000000111,7193,
6.11567,um,Spot,5,Untracked,1000000114,7194,
3.57633,um,Spot,5,Untracked,1000006896,7195,
8.01612,um,Spot,5,Untracked,1000000115,7196,
9.7746,um,Spot,5,Untracked,1000000116,7197,
3.97906,um,Spot,5,Untracked,1000000122,7198,
6.07714,um,Spot,5,Untracked,1000000120,7199,
4.98858,um,Spot,5,Untracked,1000000020,7200,
8.50878,um,Spot,5,Tracked,1000000124,7201,
8.22748,um,Spot,5,Tracked,1000000125,7202,
0.760453,um,Spot,5,Tracked,1000000126,7203,
4.87402,um,Spot,5,Untracked,1000000127,7204,
3.15542,um,Spot,5,Tracked,1000000128,7205,
6.71341,um,Spot,5,Tracked,1000000130,7206,
3.91422,um,Spot,5,Tracked,1000000131,7207,
5.20109,um,Spot,5,Tracked,1000000134,7208,
8.66221,um,Spot,5,Tracked,1000000133,7209,
9.38289,um,Spot,5,Tracked,1000000137,7210,
10.8744,um,Spot,5,Tracked,1000000139,7211,
2.92772,um,Spot,5,Tracked,1000000135,7212,
2.66873,um,Spot,5,Tracked,1000000140,7213,
2.94283,um,Spot,5,Tracked,1000006777,7214,
2.79963,um,Spot,5,Tracked,1000000145,7215,
7.49737,um,Spot,5,Untracked,1000000034,7216,
8.16269,um,Spot,5,Untracked,1000000037,7217,
2.753,um,Spot,5,Untracked,1000007066,7218,
15.2591,um,Spot,5,Untracked,1000000152,7219,
10.1796,um,Spot,5,Untracked,1000000151,7220,
3.63435,um,Spot,5,Untracked,1000000156,7221,
11.6131,um,Spot,5,Untracked,1000000155,7222,
0,um,Spot,5,Untracked,1000007223,7223,
7.73074,um,Spot,5,Untracked,1000000159,7224,
9.58117,um,Spot,5,Untracked,1000000161,7225,
6.02055,um,Spot,5,Untracked,1000000163,7226,
7.22939,um,Spot,5,,1000000172,7227,
5.91864,um,Spot,5,Untracked,1000000175,7228,
3.78675,um,Spot,5,Tracked,1000006970,7229,
7.88094,um,Spot,5,Tracked,1000000179,7230,
3.90677,um,Spot,5,Tracked,1000000191,7231,
1.50955,um,Spot,5,Tracked,1000006791,7232,
7.91383,um,Spot,5,Tracked,1000000218,7233,
0,um,Spot,5,Tracked,1000007234,7234,
11.4436,um,Spot,5,Tracked,1000000309,7235,
2.96414,um,Spot,5,Untracked,1000000068,7236,
13.8918,um,Spot,5,Untracked,1000000066,7237,
9.54509,um,Spot,5,Untracked,1000006939,7238,
14.5375,um,Spot,5,Untracked,1000000067,7239,
9.30993,um,Spot,5,Untracked,1000000201,7240,
9.81346,um,Spot,5,Untracked,1000000071,7241,
9.43391,um,Spot,5,Untracked,1000000199,7242,
9.15106,um,Spot,5,Untracked,1000000202,7243,
5.20206,um,Spot,5,Untracked,1000000205,7244,
4.25551,um,Spot,5,Untracked,1000007088,7245,
23.651,um,Spot,5,Untracked,1000000203,7246,
4.09244,um,Spot,5,Untracked,1000000212,7247,
5.59643,um,Spot,5,Tracked,1000000216,7248,
1.85261,um,Spot,5,Untracked,1000000219,7249,
0,um,Spot,5,,1000007250,7250,
8.87211,um,Spot,5,Untracked,1000000092,7251,
10.5869,um,Spot,5,Untracked,1000000091,7252,
5.18073,um,Spot,5,,1000006955,7253,
0,um,Spot,5,Untracked,1000007254,7254,
9.54873,um,Spot,5,Untracked,1000000121,7255,
4.25779,um,Spot,5,Untracked,1000006811,7256,
12.2967,um,Spot,5,Untracked,1000000254,7257,
10.2359,um,Spot,5,Untracked,1000000123,7258,
10.3063,um,Spot,5,Untracked,1000000251,7259,
4.72897,um,Spot,5,Untracked,1000006961,7260,
4.14888,um,Spot,5,Untracked,1000007104,7261,
5.08848,um,Spot,5,Untracked,1000000268,7262,
0,um,Spot,5,Tracked,1000007263,7263,
4.98182,um,Spot,5,Untracked,1000000164,7264,
5.9575,um,Spot,5,Untracked,1000000166,7265,
6.01752,um,Spot,5,Untracked,1000007106,7266,
9.58427,um,Spot,5,Untracked,1000000285,7267,
14.93,um,Spot,5,Untracked,1000000284,7268,
5.42762,um,Spot,5,Untracked,1000000289,7269,
1.95881,um,Spot,5,Untracked,1000007110,7270,
3.25317,um,Spot,5,Untracked,1000007108,7271,
1.64228,um,Spot,5,Untracked,1000006820,7272,
5.03105,um,Spot,5,Untracked,1000000316,7273,
5.61482,um,Spot,5,Untracked,1000000317,7274,
0,um,Spot,5,Untracked,1000007275,7275,
2.62394,um,Spot,5,Untracked,1000000325,7276,
5.32822,um,Spot,5,Untracked,1000000324,7277,
2.12116,um,Spot,5,Untracked,1000007118,7278,
0,um,Spot,5,Untracked,1000007279,7279,
8.21218,um,Spot,5,Untracked,1000000323,7280,
19.0116,um,Spot,5,Untracked,1000000379,7281,
15.3722,um,Spot,5,Tracked,1000006624,7282,
4.47653,um,Spot,5,Tracked,1000006829,7283,
12.1227,um,Spot,5,Tracked,1000006651,7284,
8.37965,um,Spot,5,Tracked,1000006831,7285,
12.1546,um,Spot,6,,1000006705,7286,
12.6516,um,Spot,6,,1000000003,7287,
6.90234,um,Spot,6,Untracked,1000000011,7288,
6.20049,um,Spot,6,Untracked,1000000010,7289,
10.7789,um,Spot,6,Untracked,1000000013,7290,
0,um,Spot,6,Tracked,1000007291,7291,
2.0724,um,Spot,6,Untracked,1000000018,7292,
5.57134,um,Spot,6,Tracked,1000000021,7293,
8.2454,um,Spot,6,Tracked,1000000022,7294,
3.10816,um,Spot,6,Tracked,1000000023,7295,
7.57115,um,Spot,6,Untracked,1000006997,7296,
8.6788,um,Spot,6,Untracked,1000000024,7297,
6.87129,um,Spot,6,Untracked,1000000026,7298,
5.97209,um,Spot,6,Untracked,1000000028,7299,
2.39103,um,Spot,6,Untracked,1000006716,7300,
5.66191,um,Spot,6,Untracked,1000007149,7301,
0,um,Spot,6,Untracked,1000007302,7302,
8.66097,um,Spot,6,Untracked,1000000038,7303,
6.85537,um,Spot,6,Untracked,1000000029,7304,
5.74235,um,Spot,6,Untracked,1000000033,7305,
5.91333,um,Spot,6,Untracked,1000000031,7306,
5.26315,um,Spot,6,Untracked,1000007005,7307,
0,um,Spot,6,Untracked,1000007308,7308,
9.83748,um,Spot,6,Untracked,1000000030,7309,
2.39936,um,Spot,6,Untracked,1000007169,7310,
2.53408,um,Spot,6,Tracked,1000000041,7311,
6.08273,um,Spot,6,Untracked,1000000042,7312,
2.9561,um,Spot,6,Tracked,1000006858,7313,
4.44346,um,Spot,6,Tracked,1000000046,7314,
1.84923,um,Spot,6,Tracked,1000000045,7315,
7.40249,um,Spot,6,Untracked,1000000044,7316,
2.7095,um,Spot,6,Untracked,1000000047,7317,
7.5534,um,Spot,6,Untracked,1000000048,7318,
1.75834,um,Spot,6,Tracked,1000000051,7319,
4.65141,um,Spot,6,Tracked,1000000052,7320,
3.883,um,Spot,6,Tracked,1000000053,7321,
5.22964,um,Spot,6,Tracked,1000000054,7322,
9.13942,um,Spot,6,Tracked,1000000178,7323,
9.20629,um,Spot,6,Tracked,1000000056,7324,
0,um,Spot,6,Untracked,1000007325,7325,
7.99366,um,Spot,6,Untracked,1000000061,7326,
6.74347,um,Spot,6,Untracked,1000000063,7327,
8.62192,um,Spot,6,Untracked,1000000064,7328,
10.5319,um,Spot,6,Untracked,1000006735,7329,
9.55465,um,Spot,6,Untracked,1000000066,7330,
3.64309,um,Spot,6,,1000000073,7331,
4.9012,um,Spot,6,,1000007172,7332,
5.97172,um,Spot,6,,1000000082,7333,
6.43252,um,Spot,6,,1000007174,7334,
8.33158,um,Spot,6,,1000000084,7335,
5.95624,um,Spot,6,,1000007250,7336,
0,um,Spot,6,,1000007337,7337,
13.1443,um,Spot,6,Untracked,1000000088,7338,
15.6283,um,Spot,6,Untracked,1000000089,7339,
10.3897,um,Spot,6,Untracked,1000000092,7340,
7.57941,um,Spot,6,Tracked,1000000094,7341,
6.20574,um,Spot,6,Untracked,1000000096,7342,
5.40153,um,Spot,6,,1000007036,7343,
13.8694,um,Spot,6,Tracked,1000000105,7344,
6.62463,um,Spot,6,Tracked,1000000102,7345,
10.177,um,Spot,6,Untracked,1000000014,7346,
5.75615,um,Spot,6,Untracked,1000000106,7347,
4.50644,um,Spot,6,Untracked,1000000112,7348,
1.96685,um,Spot,6,Untracked,1000007189,7349,
1.05898,um,Spot,6,Untracked,1000007045,7350,
12.8695,um,Spot,6,Untracked,1000000107,7351,
9.57588,um,Spot,6,Untracked,1000000108,7352,
13.763,um,Spot,6,Untracked,1000000111,7353,
7.49612,um,Spot,6,Untracked,1000000114,7354,
9.13205,um,Spot,6,Untracked,1000000115,7355,
11.1948,um,Spot,6,Untracked,1000000116,7356,
4.28078,um,Spot,6,Untracked,1000000122,7357,
7.06519,um,Spot,6,Untracked,1000000120,7358,
5.53735,um,Spot,6,Untracked,1000000020,7359,
8.1803,um,Spot,6,Tracked,1000000124,7360,
8.51989,um,Spot,6,Tracked,1000000125,7361,
3.03574,um,Spot,6,Tracked,1000000128,7362,
2.95898,um,Spot,6,Tracked,1000000126,7363,
3.90021,um,Spot,6,Untracked,1000000127,7364,
3.96585,um,Spot,6,Tracked,1000000130,7365,
4.63416,um,Spot,6,Tracked,1000000131,7366,
4.11366,um,Spot,6,Tracked,1000000005,7367,
12.3735,um,Spot,6,Tracked,1000000137,7368,
3.43597,um,Spot,6,Tracked,1000000134,7369,
19.5234,um,Spot,6,Tracked,1000000139,7370,
10.5058,um,Spot,6,Tracked,1000000133,7371,
2.20803,um,Spot,6,Tracked,1000000135,7372,
8.16579,um,Spot,6,Tracked,1000006777,7373,
4.78534,um,Spot,6,Tracked,1000000140,7374,
4.60155,um,Spot,6,Tracked,1000000145,7375,
7.47369,um,Spot,6,Untracked,1000000034,7376,
8.3093,um,Spot,6,Untracked,1000000037,7377,
3.43166,um,Spot,6,Untracked,1000007066,7378,
16.0822,um,Spot,6,Untracked,1000000152,7379,
11.5385,um,Spot,6,Untracked,1000000151,7380,
4.89482,um,Spot,6,Untracked,1000000156,7381,
8.12341,um,Spot,6,Untracked,1000000159,7382,
14.6543,um,Spot,6,Untracked,1000000155,7383,
5.50529,um,Spot,6,Untracked,1000007223,7384,
5.34949,um,Spot,6,Untracked,1000000163,7385,
12.1188,um,Spot,6,Untracked,1000000161,7386,
6.6747,um,Spot,6,,1000000172,7387,
0,um,Spot,6,Tracked,1000007388,7388,
6.18674,um,Spot,6,Untracked,1000000175,7389,
6.29044,um,Spot,6,Tracked,1000000179,7390,
5.52115,um,Spot,6,Tracked,1000000191,7391,
2.16098,um,Spot,6,Tracked,1000006791,7392,
9.11594,um,Spot,6,Tracked,1000000218,7393,
2.13643,um,Spot,6,Tracked,1000007234,7394,
13.255,um,Spot,6,Tracked,1000000309,7395,
5.1601,um,Spot,6,Untracked,1000000068,7396,
9.08341,um,Spot,6,Untracked,1000000071,7397,
16.5605,um,Spot,6,Untracked,1000000067,7398,
10.8944,um,Spot,6,Untracked,1000000201,7399,
14.4827,um,Spot,6,Untracked,1000000072,7400,
6.74372,um,Spot,6,Untracked,1000006939,7401,
11.0963,um,Spot,6,Untracked,1000006801,7402,
2.33121,um,Spot,6,Untracked,1000007088,7403,
6.09264,um,Spot,6,Untracked,1000000205,7404,
0,um,Spot,6,Untracked,1000007405,7405,
4.54263,um,Spot,6,Untracked,1000000212,7406,
3.00429,um,Spot,6,Tracked,1000000217,7407,
2.6999,um,Spot,6,Tracked,1000000216,7408,
4.60354,um,Spot,6,Untracked,1000000219,7409,
0,um,Spot,6,,1000007410,7410,
11.5704,um,Spot,6,Untracked,1000000091,7411,
0,um,Spot,6,Untracked,1000007412,7412,
4.40245,um,Spot,6,,1000006955,7413,
3.05258,um,Spot,6,Untracked,1000007254,7414,
11.2147,um,Spot,6,Untracked,1000000121,7415,
14.9794,um,Spot,6,Untracked,1000000123,7416,
10.0623,um,Spot,6,Untracked,1000000251,7417,
0,um,Spot,6,Untracked,1000007418,7418,
1.02869,um,Spot,6,Untracked,1000006961,7419,
5.91125,um,Spot,6,Untracked,1000007118,7420,
2.51629,um,Spot,6,Untracked,1000000268,7421,
6.56697,um,Spot,6,Tracked,1000007263,7422,
6.17117,um,Spot,6,Untracked,1000000164,7423,
8.67667,um,Spot,6,Untracked,1000000166,7424,
12.438,um,Spot,6,Untracked,1000000284,7425,
12.6963,um,Spot,6,Untracked,1000000285,7426,
7.07686,um,Spot,6,Untracked,1000000289,7427,
2.38133,um,Spot,6,Untracked,1000007108,7428,
2.15703,um,Spot,6,Untracked,1000006820,7429,
8.30184,um,Spot,6,Untracked,1000000317,7430,
6.08788,um,Spot,6,Untracked,1000000324,7431,
3.58619,um,Spot,6,Untracked,1000000325,7432,
3.1575,um,Spot,6,Untracked,1000007279,7433,
10.8346,um,Spot,6,Untracked,1000000323,7434,
20.5726,um,Spot,6,Untracked,1000000379,7435,
18.9045,um,Spot,6,Tracked,1000006624,7436,
6.00641,um,Spot,6,Tracked,1000006829,7437,
14.066,um,Spot,6,Tracked,1000006651,7438,
8.33009,um,Spot,6,Tracked,1000006831,7439,
14.3785,um,Spot,6,Tracked,1000006677,7440,
0,um,Spot,6,Tracked,1000007441,7441,
9.08582,um,Spot,6,Tracked,1000006703,7442,
11.3369,um,Spot,7,,1000006705,7443,
15.2775,um,Spot,7,,1000000003,7444,
12.3356,um,Spot,7,Untracked,1000000026,7445,
8.80634,um,Spot,7,Untracked,1000000010,7446,
10.471,um,Spot,7,Untracked,1000000011,7447,
9.84166,um,Spot,7,Untracked,1000000012,7448,
2.73227,um,Spot,7,Tracked,1000007291,7449,
12.5278,um,Spot,7,Tracked,1000000016,7450,
3.50771,um,Spot,7,Untracked,1000000018,7451,
8.88964,um,Spot,7,Tracked,1000000021,7452,
21.7468,um,Spot,7,Tracked,1000000022,7453,
10.5817,um,Spot,7,Untracked,1000006997,7454,
12.5665,um,Spot,7,Untracked,1000000024,7455,
5.65731,um,Spot,7,Untracked,1000007302,7456,
9.49917,um,Spot,7,Untracked,1000000028,7457,
3.48013,um,Spot,7,Untracked,1000006716,7458,
17.2286,um,Spot,7,Untracked,1000000027,7459,
7.8734,um,Spot,7,Untracked,1000000031,7460,
5.38064,um,Spot,7,Untracked,1000007005,7461,
11.9335,um,Spot,7,Untracked,1000000038,7462,
10.1062,um,Spot,7,Untracked,1000000029,7463,
10.7888,um,Spot,7,Untracked,1000000030,7464,
8.99813,um,Spot,7,Untracked,1000000033,7465,
3.44616,um,Spot,7,Tracked,1000000041,7466,
5.64232,um,Spot,7,,1000000073,7467,
7.97211,um,Spot,7,Untracked,1000000042,7468,
4.85276,um,Spot,7,Tracked,1000006858,7469,
5.0565,um,Spot,7,Tracked,1000000046,7470,
7.5357,um,Spot,7,Untracked,1000000044,7471,
4.97558,um,Spot,7,Tracked,1000000045,7472,
4.56172,um,Spot,7,Untracked,1000000047,7473,
9.37676,um,Spot,7,Untracked,1000000048,7474,
6.49836,um,Spot,7,Tracked,1000000052,7475,
7.85311,um,Spot,7,Tracked,1000000054,7476,
12.2048,um,Spot,7,Tracked,1000000178,7477,
5.45034,um,Spot,7,Tracked,1000007162,7478,
12.2159,um,Spot,7,Tracked,1000000179,7479,
7.03724,um,Spot,7,Tracked,1000000056,7480,
8.42596,um,Spot,7,Untracked,1000007325,7481,
8.13064,um,Spot,7,Untracked,1000000061,7482,
8.45199,um,Spot,7,Untracked,1000000063,7483,
0,um,Spot,7,Untracked,1000007484,7484,
15.369,um,Spot,7,Untracked,1000000064,7485,
0,um,Spot,7,Tracked,1000007486,7486,
5.57585,um,Spot,7,,1000000082,7487,
8.58968,um,Spot,7,,1000006881,7488,
10.3514,um,Spot,7,,1000000084,7489,
17.456,um,Spot,7,Untracked,1000000088,7490,
19.545,um,Spot,7,Untracked,1000000089,7491,
12.0008,um,Spot,7,Tracked,1000000094,7492,
6.525,um,Spot,7,Untracked,1000000096,7493,
8.5833,um,Spot,7,Tracked,1000000102,7494,
8.66978,um,Spot,7,,1000007036,7495,
3.23199,um,Spot,7,Tracked,1000000005,7496,
13.9526,um,Spot,7,Tracked,1000000105,7497,
14.9576,um,Spot,7,Untracked,1000000013,7498,
11.0901,um,Spot,7,Untracked,1000000014,7499,
9.14802,um,Spot,7,Untracked,1000000106,7500,
7.00017,um,Spot,7,Untracked,1000000112,7501,
2.41785,um,Spot,7,Untracked,1000007189,7502,
15.1734,um,Spot,7,Untracked,1000000111,7503,
4.66522,um,Spot,7,Untracked,1000007045,7504,
11.4199,um,Spot,7,Untracked,1000000108,7505,
18.4084,um,Spot,7,Untracked,1000000107,7506,
10.1488,um,Spot,7,Untracked,1000000114,7507,
10.4745,um,Spot,7,Untracked,1000000115,7508,
14.275,um,Spot,7,Untracked,1000000116,7509,
6.77153,um,Spot,7,Untracked,1000000020,7510,
4.86758,um,Spot,7,Tracked,1000000124,7511,
5.16776,um,Spot,7,Tracked,1000000128,7512,
6.71855,um,Spot,7,Tracked,1000000125,7513,
4.22964,um,Spot,7,Tracked,1000000126,7514,
5.98931,um,Spot,7,Untracked,1000000127,7515,
4.14518,um,Spot,7,Tracked,1000000130,7516,
7.84497,um,Spot,7,Tracked,1000000131,7517,
15.6842,um,Spot,7,Tracked,1000000133,7518,
2.75144,um,Spot,7,Tracked,1000000023,7519,
2.28967,um,Spot,7,Tracked,1000000134,7520,
13.1697,um,Spot,7,Tracked,1000000137,7521,
20.2803,um,Spot,7,Tracked,1000000139,7522,
2.09168,um,Spot,7,Tracked,1000000135,7523,
10.0405,um,Spot,7,Tracked,1000006777,7524,
4.0559,um,Spot,7,Tracked,1000000140,7525,
6.63426,um,Spot,7,Tracked,1000000191,7526,
2.74006,um,Spot,7,Tracked,1000000145,7527,
5.54044,um,Spot,7,Untracked,1000007169,7528,
5.26037,um,Spot,7,Untracked,1000007308,7529,
12.3508,um,Spot,7,Untracked,1000000034,7530,
10.9944,um,Spot,7,Untracked,1000000037,7531,
12.4222,um,Spot,7,Untracked,1000000152,7532,
5.65639,um,Spot,7,Untracked,1000007066,7533,
15.4178,um,Spot,7,Untracked,1000000151,7534,
6.87297,um,Spot,7,Untracked,1000000156,7535,
6.39372,um,Spot,7,Untracked,1000007223,7536,
13.2638,um,Spot,7,Untracked,1000000159,7537,
21.4172,um,Spot,7,Untracked,1000000155,7538,
15.2399,um,Spot,7,Untracked,1000000161,7539,
10.357,um,Spot,7,Untracked,1000000163,7540,
3.46382,um,Spot,7,Tracked,1000000051,7541,
1.89703,um,Spot,7,,1000000172,7542,
5.44833,um,Spot,7,Tracked,1000007388,7543,
10.0429,um,Spot,7,Tracked,1000006970,7544,
5.84932,um,Spot,7,Tracked,1000000216,7545,
0.908653,um,Spot,7,Tracked,1000006791,7546,
10.9022,um,Spot,7,Tracked,1000000218,7547,
0,um,Spot,7,Tracked,1000007548,7548,
1.50452,um,Spot,7,Tracked,1000007234,7549,
17.9669,um,Spot,7,Tracked,1000000309,7550,
5.2486,um,Spot,7,Untracked,1000000068,7551,
15.6866,um,Spot,7,Untracked,1000006735,7552,
13.1248,um,Spot,7,Untracked,1000000066,7553,
14.4527,um,Spot,7,Untracked,1000000072,7554,
13.5126,um,Spot,7,Untracked,1000000071,7555,
9.9715,um,Spot,7,Untracked,1000006939,7556,
14.6708,um,Spot,7,Untracked,1000000201,7557,
9.95303,um,Spot,7,Untracked,1000000205,7558,
5.76692,um,Spot,7,Untracked,1000007405,7559,
4.73321,um,Spot,7,Untracked,1000000212,7560,
6.06494,um,Spot,7,Tracked,1000000217,7561,
8.95975,um,Spot,7,Untracked,1000000219,7562,
0,um,Spot,7,Untracked,1000007563,7563,
13.6016,um,Spot,7,,1000007250,7564,
14.872,um,Spot,7,Untracked,1000000092,7565,
19.4463,um,Spot,7,Untracked,1000000091,7566,
9.05955,um,Spot,7,Untracked,1000007412,7567,
7.34625,um,Spot,7,,1000006955,7568,
10.1374,um,Spot,7,Untracked,1000000120,7569,
13.8321,um,Spot,7,Untracked,1000000121,7570,
5.99516,um,Spot,7,Untracked,1000006811,7571,
9.5254,um,Spot,7,Untracked,1000000254,7572,
9.79906,um,Spot,7,Untracked,1000000251,7573,
19.3341,um,Spot,7,Untracked,1000000123,7574,
2.03712,um,Spot,7,Untracked,1000007418,7575,
2.78856,um,Spot,7,Untracked,1000006961,7576,
0,um,Spot,7,Untracked,1000007577,7577,
6.20502,um,Spot,7,Untracked,1000000268,7578,
11.6744,um,Spot,7,Untracked,1000000164,7579,
6.63905,um,Spot,7,Untracked,1000006820,7580,
14.6027,um,Spot,7,Untracked,1000000166,7581,
15.5268,um,Spot,7,Untracked,1000000284,7582,
16.5349,um,Spot,7,Untracked,1000000285,7583,
10.2254,um,Spot,7,Untracked,1000000289,7584,
4.20578,um,Spot,7,Untracked,1000007108,7585,
30.0006,um,Spot,7,Untracked,1000000203,7586,
12.1836,um,Spot,7,Untracked,1000000317,7587,
4.18612,um,Spot,7,Untracked,1000007275,7588,
8.57283,um,Spot,7,Untracked,1000000324,7589,
5.75295,um,Spot,7,Untracked,1000000325,7590,
5.87835,um,Spot,7,Untracked,1000007118,7591,
6.57579,um,Spot,7,Untracked,1000007104,7592,
9.82286,um,Spot,7,Untracked,1000007279,7593,
0,um,Spot,7,Untracked,1000007594,7594,
16.4871,um,Spot,7,Untracked,1000000323,7595,
22.6196,um,Spot,7,Tracked,1000006624,7596,
6.65542,um,Spot,7,Tracked,1000006829,7597,
14.066,um,Spot,7,Tracked,1000006651,7598,
8.33009,um,Spot,7,Tracked,1000006831,7599,
10.2384,um,Spot,7,Tracked,1000006677,7600,
3.36571,um,Spot,7,Tracked,1000007441,7601,
9.67583,um,Spot,7,Tracked,1000006703,7602,
9.31343,um,Spot,8,,1000006705,7603,
20.1037,um,Spot,8,,1000000003,7604,
11.2953,um,Spot,8,Untracked,1000000026,7605,
11.4133,um,Spot,8,Untracked,1000000010,7606,
11.6345,um,Spot,8,Untracked,1000000011,7607,
2.31413,um,Spot,8,Tracked,1000007291,7608,
14.5469,um,Spot,8,Tracked,1000000016,7609,
2.67697,um,Spot,8,Untracked,1000000018,7610,
3.0789,um,Spot,8,Tracked,1000000021,7611,
22.3682,um,Spot,8,Tracked,1000000022,7612,
2.57341,um,Spot,8,Tracked,1000000023,7613,
12.7038,um,Spot,8,Untracked,1000006997,7614,
13.4881,um,Spot,8,Untracked,1000000024,7615,
11.42,um,Spot,8,Untracked,1000007302,7616,
10.4731,um,Spot,8,Untracked,1000000028,7617,
4.80417,um,Spot,8,Untracked,1000006716,7618,
19.4099,um,Spot,8,Untracked,1000000027,7619,
9.49995,um,Spot,8,Untracked,1000000031,7620,
2.38082,um,Spot,8,Tracked,1000000041,7621,
6.33295,um,Spot,8,Untracked,1000000042,7622,
4.18482,um,Spot,8,Tracked,1000006858,7623,
3.58251,um,Spot,8,Tracked,1000000045,7624,
2.22876,um,Spot,8,Tracked,1000000046,7625,
7.58757,um,Spot,8,Untracked,1000000044,7626,
4.96594,um,Spot,8,Untracked,1000000047,7627,
4.87628,um,Spot,8,Untracked,1000000048,7628,
1.73982,um,Spot,8,Tracked,1000000051,7629,
6.55499,um,Spot,8,Tracked,1000000052,7630,
6.36907,um,Spot,8,Tracked,1000000054,7631,
2.49128,um,Spot,8,Tracked,1000000053,7632,
11.7152,um,Spot,8,Tracked,1000000178,7633,
16.0037,um,Spot,8,Tracked,1000000179,7634,
1.2914,um,Spot,8,Tracked,1000007162,7635,
4.48393,um,Spot,8,Tracked,1000000056,7636,
9.6571,um,Spot,8,Untracked,1000000061,7637,
16.0761,um,Spot,8,Untracked,1000007325,7638,
9.49393,um,Spot,8,Untracked,1000000063,7639,
5.59293,um,Spot,8,Untracked,1000007484,7640,
2.48837,um,Spot,8,,1000000073,7641,
0,um,Spot,8,Untracked,1000007642,7642,
4.23867,um,Spot,8,Tracked,1000007486,7643,
7.81491,um,Spot,8,,1000007172,7644,
9.79242,um,Spot,8,,1000000082,7645,
9.70286,um,Spot,8,,1000007174,7646,
13.1953,um,Spot,8,,1000000084,7647,
11.8909,um,Spot,8,,1000006881,7648,
3.67625,um,Spot,8,,1000007250,7649,
20.3067,um,Spot,8,Untracked,1000000088,7650,
21.7164,um,Spot,8,Untracked,1000000089,7651,
13.7931,um,Spot,8,Untracked,1000000092,7652,
11.7855,um,Spot,8,Tracked,1000000094,7653,
7.8594,um,Spot,8,Tracked,1000000102,7654,
8.85781,um,Spot,8,Untracked,1000000096,7655,
7.43002,um,Spot,8,,1000007036,7656,
14.7358,um,Spot,8,Tracked,1000000105,7657,
12.4566,um,Spot,8,Untracked,1000000012,7658,
16.2374,um,Spot,8,Untracked,1000000013,7659,
15.1462,um,Spot,8,Untracked,1000000014,7660,
11.0893,um,Spot,8,Untracked,1000000106,7661,
5.18157,um,Spot,8,Untracked,1000007189,7662,
9.08465,um,Spot,8,Untracked,1000000112,7663,
19.1273,um,Spot,8,Untracked,1000000111,7664,
18.3961,um,Spot,8,Untracked,1000000107,7665,
14.2635,um,Spot,8,Untracked,1000000108,7666,
12.3335,um,Spot,8,Untracked,1000000114,7667,
12.0485,um,Spot,8,Untracked,1000000115,7668,
6.598,um,Spot,8,Untracked,1000000122,7669,
17.3413,um,Spot,8,Untracked,1000000116,7670,
5.82275,um,Spot,8,Tracked,1000000124,7671,
8.7096,um,Spot,8,Untracked,1000000020,7672,
4.87822,um,Spot,8,Tracked,1000000128,7673,
8.07814,um,Spot,8,Tracked,1000000125,7674,
5.28578,um,Spot,8,Tracked,1000000126,7675,
5.87714,um,Spot,8,Untracked,1000000127,7676,
6.05187,um,Spot,8,Tracked,1000000130,7677,
2.97186,um,Spot,8,Tracked,1000000131,7678,
5.51017,um,Spot,8,Tracked,1000000005,7679,
17.4672,um,Spot,8,Tracked,1000000133,7680,
11.7588,um,Spot,8,Tracked,1000000137,7681,
5.80601,um,Spot,8,Tracked,1000000134,7682,
12.6123,um,Spot,8,Tracked,1000006777,7683,
20.5484,um,Spot,8,Tracked,1000000139,7684,
2.59869,um,Spot,8,Tracked,1000000135,7685,
1.35042,um,Spot,8,Tracked,1000000145,7686,
10.372,um,Spot,8,Untracked,1000000038,7687,
12.7231,um,Spot,8,Untracked,1000000029,7688,
8.22666,um,Spot,8,Untracked,1000007005,7689,
12.2087,um,Spot,8,Untracked,1000000030,7690,
10.7951,um,Spot,8,Untracked,1000000033,7691,
5.59053,um,Spot,8,Untracked,1000007169,7692,
7.60663,um,Spot,8,Untracked,1000007308,7693,
8.84293,um,Spot,8,Untracked,1000000037,7694,
13.8867,um,Spot,8,Untracked,1000000034,7695,
7.14553,um,Spot,8,Untracked,1000007066,7696,
5.36603,um,Spot,8,Untracked,1000007045,7697,
17.2278,um,Spot,8,Untracked,1000000151,7698,
9.4491,um,Spot,8,Untracked,1000000156,7699,
0,um,Spot,8,Untracked,1000007700,7700,
16.3835,um,Spot,8,Untracked,1000000155,7701,
13.6132,um,Spot,8,Untracked,1000000159,7702,
0,um,Spot,8,Untracked,1000007703,7703,
6.12273,um,Spot,8,Untracked,1000007223,7704,
0,um,Spot,8,Untracked,1000007705,7705,
9.86984,um,Spot,8,Untracked,1000000163,7706,
15.7471,um,Spot,8,Untracked,1000000161,7707,
9.251,um,Spot,8,,1000000172,7708,
10.9909,um,Spot,8,Tracked,1000007548,7709,
8.90448,um,Spot,8,Untracked,1000000175,7710,
8.35584,um,Spot,8,Tracked,1000006970,7711,
6.77961,um,Spot,8,Tracked,1000000191,7712,
0,um,Spot,8,Tracked,1000007713,7713,
5.31258,um,Spot,8,Tracked,1000006791,7714,
5.90378,um,Spot,8,Tracked,1000000218,7715,
3.77771,um,Spot,8,Tracked,1000007234,7716,
17.5772,um,Spot,8,Tracked,1000000309,7717,
18.4756,um,Spot,8,Untracked,1000000064,7718,
5.25292,um,Spot,8,Untracked,1000000068,7719,
15.4566,um,Spot,8,Untracked,1000006735,7720,
19.6908,um,Spot,8,Untracked,1000000066,7721,
11.8356,um,Spot,8,Untracked,1000000071,7722,
14.3296,um,Spot,8,Untracked,1000000072,7723,
2.70344,um,Spot,8,Untracked,1000007088,7724,
8.07401,um,Spot,8,Untracked,1000006939,7725,
15.3657,um,Spot,8,Untracked,1000000201,7726,
0,um,Spot,8,Untracked,1000007727,7727,
22.2969,um,Spot,8,Untracked,1000000067,7728,
10.5022,um,Spot,8,Untracked,1000000205,7729,
5.85559,um,Spot,8,Untracked,1000007405,7730,
3.53146,um,Spot,8,Untracked,1000000212,7731,
6.69273,um,Spot,8,Tracked,1000000216,7732,
5.38314,um,Spot,8,Tracked,1000000217,7733,
0,um,Spot,8,Tracked,1000007734,7734,
9.66607,um,Spot,8,Untracked,1000000219,7735,
2.35415,um,Spot,8,Untracked,1000007563,7736,
0,um,Spot,8,Untracked,1000007737,7737,
6.7583,um,Spot,8,,1000007337,7738,
2.55966,um,Spot,8,,1000007410,7739,
21.4441,um,Spot,8,Untracked,1000000091,7740,
8.59002,um,Spot,8,Untracked,1000007412,7741,
0,um,Spot,8,,1000007742,7742,
8.97032,um,Spot,8,,1000006955,7743,
0,um,Spot,8,,1000007744,7744,
13.122,um,Spot,8,Untracked,1000000120,7745,
16.7871,um,Spot,8,Untracked,1000000121,7746,
10.3929,um,Spot,8,Untracked,1000006811,7747,
15.8877,um,Spot,8,Untracked,1000000123,7748,
7.3352,um,Spot,8,Untracked,1000000254,7749,
12.3939,um,Spot,8,Untracked,1000000251,7750,
4.63602,um,Spot,8,Untracked,1000007418,7751,
6.06611,um,Spot,8,Untracked,1000007577,7752,
11.1831,um,Spot,8,Untracked,1000006961,7753,
0,um,Spot,8,Tracked,1000007754,7754,
0,um,Spot,8,Untracked,1000007755,7755,
6.53021,um,Spot,8,Untracked,1000000268,7756,
0,um,Spot,8,Tracked,1000007757,7757,
13.2653,um,Spot,8,Untracked,1000000166,7758,
14.201,um,Spot,8,Untracked,1000000164,7759,
17.4228,um,Spot,8,Untracked,1000000284,7760,
0,um,Spot,8,Untracked,1000007761,7761,
20.1973,um,Spot,8,Untracked,1000000285,7762,
13.8801,um,Spot,8,Untracked,1000000289,7763,
6.3169,um,Spot,8,Untracked,1000007108,7764,
0,um,Spot,8,Untracked,1000007765,7765,
30.2436,um,Spot,8,Untracked,1000000203,7766,
7.09675,um,Spot,8,Untracked,1000006820,7767,
13.0519,um,Spot,8,Untracked,1000000317,7768,
6.62602,um,Spot,8,Untracked,1000000324,7769,
3.79532,um,Spot,8,Untracked,1000000325,7770,
7.35516,um,Spot,8,Untracked,1000007275,7771,
7.09893,um,Spot,8,Untracked,1000007104,7772,
5.70587,um,Spot,8,Untracked,1000007118,7773,
4.40579,um,Spot,8,Untracked,1000007279,7774,
15.3629,um,Spot,8,Untracked,1000000323,7775,
5.30252,um,Spot,8,Untracked,1000007594,7776,
23.429,um,Spot,8,Untracked,1000000379,7777,
20.0968,um,Spot,8,Tracked,1000006624,7778,
11.9856,um,Spot,8,Tracked,1000006829,7779,
10.4172,um,Spot,8,Tracked,1000006651,7780,
20.1114,um,Spot,8,Tracked,1000006831,7781,
13.3408,um,Spot,8,Tracked,1000006677,7782,
2.65563,um,Spot,8,Tracked,1000007441,7783,
9.37512,um,Spot,8,Tracked,1000006703,7784,
8.10063,um,Spot,9,,1000006705,7785,
22.1277,um,Spot,9,,1000000003,7786,
11.9874,um,Spot,9,Untracked,1000000010,7787,
9.30074,um,Spot,9,Untracked,1000000012,7788,
11.9611,um,Spot,9,Untracked,1000000011,7789,
15.2383,um,Spot,9,Tracked,1000000016,7790,
4.34898,um,Spot,9,Untracked,1000000018,7791,
8.5925,um,Spot,9,Tracked,1000000021,7792,
22.4275,um,Spot,9,Tracked,1000000022,7793,
16.0342,um,Spot,9,Tracked,1000000133,7794,
3.97523,um,Spot,9,Tracked,1000000023,7795,
22.0962,um,Spot,9,Tracked,1000000139,7796,
14.6949,um,Spot,9,Untracked,1000000024,7797,
10.802,um,Spot,9,Untracked,1000000026,7798,
10.2507,um,Spot,9,Untracked,1000007302,7799,
9.59397,um,Spot,9,Untracked,1000000028,7800,
5.93963,um,Spot,9,Untracked,1000006716,7801,
17.766,um,Spot,9,Untracked,1000000027,7802,
11.959,um,Spot,9,Untracked,1000000031,7803,
3.4992,um,Spot,9,Tracked,1000000041,7804,
6.15824,um,Spot,9,Untracked,1000000042,7805,
4.74258,um,Spot,9,Tracked,1000006858,7806,
4.6784,um,Spot,9,Tracked,1000000045,7807,
3.17743,um,Spot,9,Tracked,1000000046,7808,
8.59268,um,Spot,9,Untracked,1000000044,7809,
6.24915,um,Spot,9,Untracked,1000000048,7810,
10.3785,um,Spot,9,Untracked,1000000047,7811,
0.883569,um,Spot,9,Tracked,1000000051,7812,
6.79609,um,Spot,9,Tracked,1000000052,7813,
8.43097,um,Spot,9,Tracked,1000000054,7814,
4.05993,um,Spot,9,Tracked,1000000053,7815,
13.387,um,Spot,9,Tracked,1000000178,7816,
18.3959,um,Spot,9,Tracked,1000000179,7817,
11.0291,um,Spot,9,Tracked,1000000216,7818,
7.88797,um,Spot,9,Tracked,1000000056,7819,
8.28207,um,Spot,9,Untracked,1000000061,7820,
22.8646,um,Spot,9,Untracked,1000007325,7821,
10.0099,um,Spot,9,Untracked,1000000063,7822,
3.91341,um,Spot,9,,1000000073,7823,
1.65356,um,Spot,9,Untracked,1000007642,7824,
11.8619,um,Spot,9,Tracked,1000000217,7825,
5.60191,um,Spot,9,Tracked,1000007486,7826,
7.54722,um,Spot,9,,1000000082,7827,
4.58641,um,Spot,9,,1000006881,7828,
11.59,um,Spot,9,,1000000084,7829,
3.50453,um,Spot,9,,1000007337,7830,
22.7658,um,Spot,9,Untracked,1000000088,7831,
23.6232,um,Spot,9,Untracked,1000000089,7832,
18.9434,um,Spot,9,Untracked,1000000092,7833,
8.24998,um,Spot,9,Tracked,1000000102,7834,
7.47571,um,Spot,9,Untracked,1000000096,7835,
13.3182,um,Spot,9,Tracked,1000000094,7836,
7.25488,um,Spot,9,,1000007036,7837,
10.5068,um,Spot,9,Tracked,1000000105,7838,
17.2543,um,Spot,9,Untracked,1000000013,7839,
15.5545,um,Spot,9,Untracked,1000000014,7840,
10.9038,um,Spot,9,Untracked,1000000106,7841,
9.07164,um,Spot,9,Untracked,1000000112,7842,
6.14158,um,Spot,9,Untracked,1000007189,7843,
20.6234,um,Spot,9,Untracked,1000000111,7844,
13.3568,um,Spot,9,Untracked,1000000108,7845,
20.31,um,Spot,9,Untracked,1000000107,7846,
12.5658,um,Spot,9,Untracked,1000000114,7847,
14.489,um,Spot,9,Untracked,1000000115,7848,
4.93039,um,Spot,9,Tracked,1000000124,7849,
9.23078,um,Spot,9,Untracked,1000000020,7850,
4.28471,um,Spot,9,Tracked,1000000128,7851,
3.88239,um,Spot,9,Tracked,1000000126,7852,
7.22489,um,Spot,9,Tracked,1000000125,7853,
6.62087,um,Spot,9,Untracked,1000000127,7854,
5.57035,um,Spot,9,Tracked,1000000130,7855,
0,um,Spot,9,Tracked,1000007856,7856,
5.56404,um,Spot,9,Tracked,1000000131,7857,
4.72732,um,Spot,9,Tracked,1000000005,7858,
12.4346,um,Spot,9,Tracked,1000000137,7859,
4.43445,um,Spot,9,Tracked,1000000134,7860,
10.9121,um,Spot,9,Tracked,1000006777,7861,
2.22685,um,Spot,9,Tracked,1000000135,7862,
5.19789,um,Spot,9,Tracked,1000000140,7863,
0,um,Spot,9,Tracked,1000007864,7864,
13.8896,um,Spot,9,Untracked,1000000029,7865,
12.208,um,Spot,9,Untracked,1000000030,7866,
12.1835,um,Spot,9,Untracked,1000000033,7867,
0,um,Spot,9,Untracked,1000007868,7868,
8.7205,um,Spot,9,Untracked,1000007005,7869,
7.65021,um,Spot,9,Untracked,1000007169,7870,
12.3007,um,Spot,9,Untracked,1000000037,7871,
17.3534,um,Spot,9,Untracked,1000000034,7872,
13.3163,um,Spot,9,Untracked,1000000152,7873,
9.5905,um,Spot,9,Untracked,1000007066,7874,
3.45095,um,Spot,9,Untracked,1000007700,7875,
5.94053,um,Spot,9,Untracked,1000007045,7876,
19.6844,um,Spot,9,Untracked,1000000151,7877,
12.2846,um,Spot,9,Untracked,1000000156,7878,
16.5821,um,Spot,9,Untracked,1000000155,7879,
14.4227,um,Spot,9,Untracked,1000000159,7880,
2.25097,um,Spot,9,Untracked,1000007705,7881,
10.0802,um,Spot,9,Untracked,1000007223,7882,
16.7002,um,Spot,9,Untracked,1000000161,7883,
11.5589,um,Spot,9,Untracked,1000000163,7884,
0,um,Spot,9,Untracked,1000007885,7885,
7.85009,um,Spot,9,,1000000172,7886,
8.23044,um,Spot,9,Tracked,1000007548,7887,
10.0811,um,Spot,9,Tracked,1000006970,7888,
8.96424,um,Spot,9,Tracked,1000000191,7889,
5.03057,um,Spot,9,Tracked,1000007713,7890,
4.70131,um,Spot,9,Tracked,1000000218,7891,
0,um,Spot,9,Tracked,1000007892,7892,
6.07913,um,Spot,9,Tracked,1000006791,7893,
0,um,Spot,9,Tracked,1000007894,7894,
4.17227,um,Spot,9,Tracked,1000007234,7895,
24.8762,um,Spot,9,Tracked,1000000309,7896,
5.72282,um,Spot,9,Untracked,1000000068,7897,
15.2721,um,Spot,9,Untracked,1000006735,7898,
20.0377,um,Spot,9,Untracked,1000000064,7899,
19.8892,um,Spot,9,Untracked,1000000066,7900,
9.22495,um,Spot,9,Untracked,1000000071,7901,
16.6567,um,Spot,9,Untracked,1000000201,7902,
3.22708,um,Spot,9,Untracked,1000007727,7903,
17.1604,um,Spot,9,Untracked,1000000205,7904,
6.01597,um,Spot,9,Untracked,1000007405,7905,
4.50089,um,Spot,9,Untracked,1000000212,7906,
13.5551,um,Spot,9,Untracked,1000000219,7907,
11.7389,um,Spot,9,,1000007250,7908,
0,um,Spot,9,Untracked,1000007909,7909,
9.27158,um,Spot,9,Untracked,1000007412,7910,
24.0298,um,Spot,9,Untracked,1000000091,7911,
4.23414,um,Spot,9,,1000007742,7912,
8.67548,um,Spot,9,,1000006955,7913,
4.41079,um,Spot,9,,1000007744,7914,
0,um,Spot,9,Untracked,1000007915,7915,
20.1187,um,Spot,9,Untracked,1000000116,7916,
12.9329,um,Spot,9,Untracked,1000000120,7917,
16.5386,um,Spot,9,Untracked,1000000121,7918,
11.9432,um,Spot,9,Untracked,1000006811,7919,
16.6454,um,Spot,9,Untracked,1000000123,7920,
12.9134,um,Spot,9,Untracked,1000000251,7921,
7.9467,um,Spot,9,Untracked,1000006961,7922,
6.24049,um,Spot,9,Untracked,1000007577,7923,
3.36363,um,Spot,9,Tracked,1000007754,7924,
6.61815,um,Spot,9,Untracked,1000000268,7925,
5.97058,um,Spot,9,Tracked,1000007757,7926,
6.49326,um,Spot,9,Untracked,1000006820,7927,
13.4445,um,Spot,9,Untracked,1000000166,7928,
14.7754,um,Spot,9,Untracked,1000000164,7929,
17.3404,um,Spot,9,Untracked,1000000285,7930,
21.1403,um,Spot,9,Untracked,1000000284,7931,
7.81632,um,Spot,9,Untracked,1000007108,7932,
15.2758,um,Spot,9,Untracked,1000000317,7933,
5.92481,um,Spot,9,Untracked,1000007275,7934,
5.07588,um,Spot,9,Untracked,1000000325,7935,
9.00057,um,Spot,9,Untracked,1000000324,7936,
5.38756,um,Spot,9,Untracked,1000007118,7937,
6.1598,um,Spot,9,Untracked,1000007104,7938,
6.84431,um,Spot,9,Untracked,1000007279,7939,
15.4265,um,Spot,9,Untracked,1000000323,7940,
1.95557,um,Spot,9,Untracked,1000007594,7941,
25.3013,um,Spot,9,Untracked,1000000379,7942,
21.1573,um,Spot,9,Tracked,1000006624,7943,
11.2569,um,Spot,9,Tracked,1000006829,7944,
10.3609,um,Spot,9,Tracked,1000006651,7945,
8.6818,um,Spot,9,Tracked,1000006831,7946,
13.366,um,Spot,9,Tracked,1000006677,7947,
14.9965,um,Spot,9,Tracked,1000007441,7948,
14.2684,um,Spot,10,,1000006705,7949,
18.108,um,Spot,10,,1000000003,7950,
11.5615,um,Spot,10,Untracked,1000000026,7951,
13.3587,um,Spot,10,Untracked,1000000010,7952,
14.9318,um,Spot,10,Untracked,1000000011,7953,
5.69044,um,Spot,10,Tracked,1000007291,7954,
13.2557,um,Spot,10,Tracked,1000000016,7955,
14.8205,um,Spot,10,Tracked,1000000021,7956,
4.74906,um,Spot,10,Untracked,1000000018,7957,
21.5202,um,Spot,10,Tracked,1000000022,7958,
2.91546,um,Spot,10,Tracked,1000000023,7959,
16.1953,um,Spot,10,Untracked,1000000024,7960,
10.4075,um,Spot,10,Untracked,1000000028,7961,
7.47015,um,Spot,10,Untracked,1000007302,7962,
7.62638,um,Spot,10,Untracked,1000006716,7963,
18.7728,um,Spot,10,Untracked,1000000027,7964,
4.99773,um,Spot,10,Tracked,1000000041,7965,
6.03473,um,Spot,10,,1000000073,7966,
4.74718,um,Spot,10,Tracked,1000006858,7967,
10.147,um,Spot,10,Untracked,1000000042,7968,
3.95232,um,Spot,10,Tracked,1000000046,7969,
8.2929,um,Spot,10,Untracked,1000000044,7970,
7.75042,um,Spot,10,Tracked,1000000045,7971,
3.05772,um,Spot,10,Tracked,1000000051,7972,
6.86076,um,Spot,10,Untracked,1000000048,7973,
10.6022,um,Spot,10,Untracked,1000000047,7974,
6.96195,um,Spot,10,Tracked,1000000052,7975,
5.87817,um,Spot,10,Tracked,1000000053,7976,
8.31175,um,Spot,10,Tracked,1000000054,7977,
23.9987,um,Spot,10,Tracked,1000000179,7978,
13.251,um,Spot,10,Tracked,1000000178,7979,
10.4252,um,Spot,10,Tracked,1000000056,7980,
8.5901,um,Spot,10,Untracked,1000000061,7981,
9.9139,um,Spot,10,Untracked,1000000063,7982,
26.4544,um,Spot,10,Untracked,1000007325,7983,
4.64733,um,Spot,10,Untracked,1000007642,7984,
7.14842,um,Spot,10,Tracked,1000007486,7985,
12.3767,um,Spot,10,,1000000082,7986,
2.75492,um,Spot,10,,1000006881,7987,
12.0528,um,Spot,10,,1000000084,7988,
26.5812,um,Spot,10,Untracked,1000000088,7989,
25.2143,um,Spot,10,Untracked,1000000089,7990,
3.84323,um,Spot,10,,1000007036,7991,
9.22253,um,Spot,10,Tracked,1000000102,7992,
11.0624,um,Spot,10,Untracked,1000000096,7993,
4.46198,um,Spot,10,Tracked,1000000005,7994,
7.29884,um,Spot,10,Tracked,1000000105,7995,
21.8284,um,Spot,10,Untracked,1000000013,7996,
20.182,um,Spot,10,Untracked,1000000014,7997,
11.7691,um,Spot,10,Untracked,1000000106,7998,
5.51129,um,Spot,10,Untracked,1000007189,7999,
9.90985,um,Spot,10,Untracked,1000000112,8000,
4.99179,um,Spot,10,Untracked,1000007045,8001,
19.9866,um,Spot,10,Untracked,1000000111,8002,
15.3274,um,Spot,10,Untracked,1000000108,8003,
21.7417,um,Spot,10,Untracked,1000000107,8004,
12.8769,um,Spot,10,Untracked,1000000115,8005,
15.4839,um,Spot,10,Untracked,1000000114,8006,
20.4415,um,Spot,10,Untracked,1000000116,8007,
4.73098,um,Spot,10,Tracked,1000000124,8008,
12.4147,um,Spot,10,Untracked,1000000020,8009,
8.84435,um,Spot,10,Tracked,1000000125,8010,
6.2593,um,Spot,10,Tracked,1000000128,8011,
7.21255,um,Spot,10,Tracked,1000000126,8012,
8.69647,um,Spot,10,Untracked,1000000127,8013,
3.79704,um,Spot,10,Tracked,1000007856,8014,
3.29315,um,Spot,10,Tracked,1000000130,8015,
8.16655,um,Spot,10,Tracked,1000000131,8016,
14.2034,um,Spot,10,Tracked,1000000133,8017,
12.1562,um,Spot,10,Tracked,1000000137,8018,
14.3392,um,Spot,10,Tracked,1000006777,8019,
14.4175,um,Spot,10,Tracked,1000000139,8020,
10.5569,um,Spot,10,Tracked,1000000191,8021,
4.26625,um,Spot,10,Tracked,1000000134,8022,
0.968556,um,Spot,10,Tracked,1000000135,8023,
3.78361,um,Spot,10,Tracked,1000000140,8024,
3.8827,um,Spot,10,Tracked,1000007864,8025,
13.148,um,Spot,10,Untracked,1000000031,8026,
13.4186,um,Spot,10,Untracked,1000000029,8027,
13.6117,um,Spot,10,Untracked,1000000033,8028,
2.60031,um,Spot,10,Untracked,1000007868,8029,
15.8713,um,Spot,10,Untracked,1000000038,8030,
12.1693,um,Spot,10,Untracked,1000007005,8031,
14.9979,um,Spot,10,Untracked,1000000030,8032,
9.22299,um,Spot,10,Untracked,1000007169,8033,
13.6833,um,Spot,10,Untracked,1000000037,8034,
18.6429,um,Spot,10,Untracked,1000000034,8035,
10.3549,um,Spot,10,Untracked,1000007066,8036,
16.4154,um,Spot,10,Untracked,1000000152,8037,
20.7645,um,Spot,10,Untracked,1000000151,8038,
11.0366,um,Spot,10,Untracked,1000000156,8039,
14.7033,um,Spot,10,Untracked,1000000155,8040,
5.66533,um,Spot,10,Untracked,1000007727,8041,
13.744,um,Spot,10,Untracked,1000000161,8042,
15.8323,um,Spot,10,Untracked,1000000159,8043,
3.85067,um,Spot,10,Untracked,1000007705,8044,
10.8617,um,Spot,10,Untracked,1000007223,8045,
6.4638,um,Spot,10,Untracked,1000007703,8046,
12.3031,um,Spot,10,Untracked,1000000163,8047,
2.84959,um,Spot,10,,1000000172,8048,
8.74712,um,Spot,10,Tracked,1000007548,8049,
13.1015,um,Spot,10,Tracked,1000006970,8050,
12.823,um,Spot,10,Untracked,1000000175,8051,
5.6244,um,Spot,10,Tracked,1000000216,8052,
6.91142,um,Spot,10,Tracked,1000006791,8053,
3.24251,um,Spot,10,Tracked,1000007713,8054,
4.73073,um,Spot,10,Tracked,1000007234,8055,
1.68657,um,Spot,10,Tracked,1000007894,8056,
25.9761,um,Spot,10,Tracked,1000000309,8057,
19.7088,um,Spot,10,Untracked,1000000064,8058,
5.64067,um,Spot,10,Untracked,1000000068,8059,
18.0024,um,Spot,10,Untracked,1000006735,8060,
18.695,um,Spot,10,Untracked,1000000066,8061,
12.2269,um,Spot,10,Untracked,1000000071,8062,
4.18288,um,Spot,10,Untracked,1000007088,8063,
18.7651,um,Spot,10,Untracked,1000000072,8064,
17.7081,um,Spot,10,Untracked,1000000201,8065,
25.3839,um,Spot,10,Untracked,1000000067,8066,
14.8594,um,Spot,10,Untracked,1000000205,8067,
7.29499,um,Spot,10,Untracked,1000007405,8068,
5.4117,um,Spot,10,Untracked,1000000212,8069,
5.95225,um,Spot,10,Tracked,1000000217,8070,
2.38247,um,Spot,10,Tracked,1000007734,8071,
11.7024,um,Spot,10,Untracked,1000007737,8072,
8.32614,um,Spot,10,,1000007337,8073,
0,um,Spot,10,,1000008074,8074,
18.4508,um,Spot,10,Untracked,1000000092,8075,
2.37691,um,Spot,10,Untracked,1000007909,8076,
25.2122,um,Spot,10,Untracked,1000000091,8077,
13.1308,um,Spot,10,,1000007742,8078,
8.23059,um,Spot,10,,1000006955,8079,
10.2811,um,Spot,10,Untracked,1000000120,8080,
1.60965,um,Spot,10,Untracked,1000007915,8081,
17.585,um,Spot,10,Untracked,1000000121,8082,
4.64319,um,Spot,10,Untracked,1000000254,8083,
13.0768,um,Spot,10,Untracked,1000000251,8084,
16.084,um,Spot,10,Untracked,1000006811,8085,
7.89297,um,Spot,10,Untracked,1000007418,8086,
4.09709,um,Spot,10,Untracked,1000007577,8087,
10.6593,um,Spot,10,Untracked,1000006961,8088,
5.47149,um,Spot,10,Untracked,1000007755,8089,
7.35687,um,Spot,10,Untracked,1000000268,8090,
12.1714,um,Spot,10,Untracked,1000000166,8091,
7.44605,um,Spot,10,Untracked,1000006820,8092,
15.1686,um,Spot,10,Untracked,1000000164,8093,
20.0157,um,Spot,10,Untracked,1000000284,8094,
6.01553,um,Spot,10,Untracked,1000007761,8095,
18.6595,um,Spot,10,Untracked,1000000285,8096,
6.53168,um,Spot,10,Untracked,1000007108,8097,
7.37087,um,Spot,10,Untracked,1000007765,8098,
0,um,Spot,10,Untracked,1000008099,8099,
15.0929,um,Spot,10,Untracked,1000000317,8100,
6.35621,um,Spot,10,Untracked,1000007275,8101,
6.73183,um,Spot,10,Untracked,1000000325,8102,
10.3685,um,Spot,10,Untracked,1000000324,8103,
7.91919,um,Spot,10,Untracked,1000007104,8104,
7.13451,um,Spot,10,Untracked,1000007118,8105,
9.42259,um,Spot,10,Untracked,1000007279,8106,
0.439845,um,Spot,10,Untracked,1000007594,8107,
19.2255,um,Spot,10,Untracked,1000000323,8108,
26.5827,um,Spot,10,Untracked,1000000379,8109,
20.3685,um,Spot,10,Tracked,1000006624,8110,
10.0765,um,Spot,10,Tracked,1000006829,8111,
26.0205,um,Spot,10,Tracked,1000006651,8112,
20.0048,um,Spot,10,Tracked,1000006831,8113,
16.5783,um,Spot,10,Tracked,1000006677,8114,
8.04923,um,Spot,10,Tracked,1000007441,8115,
10.9584,um,Spot,10,Tracked,1000006703,8116,
13.6441,um,Spot,11,,1000006705,8117,
17.0042,um,Spot,11,,1000000003,8118,
0,um,Spot,11,Untracked,1000008119,8119,
12.7758,um,Spot,11,Untracked,1000000010,8120,
12.9804,um,Spot,11,Untracked,1000000011,8121,
13.5104,um,Spot,11,Tracked,1000000016,8122,
5.5899,um,Spot,11,Untracked,1000000018,8123,
4.34007,um,Spot,11,Tracked,1000000021,8124,
23.5402,um,Spot,11,Tracked,1000000022,8125,
1.51027,um,Spot,11,Tracked,1000000023,8126,
15.3873,um,Spot,11,Tracked,1000000133,8127,
3.26829,um,Spot,11,Tracked,1000000134,8128,
0,um,Spot,11,Untracked,1000008129,8129,
10.0863,um,Spot,11,Untracked,1000000026,8130,
17.2583,um,Spot,11,Untracked,1000000024,8131,
8.46452,um,Spot,11,Untracked,1000000028,8132,
17.7324,um,Spot,11,Untracked,1000000027,8133,
6.6647,um,Spot,11,Untracked,1000007302,8134,
8.34797,um,Spot,11,Untracked,1000006716,8135,
11.6499,um,Spot,11,Untracked,1000000031,8136,
6.57435,um,Spot,11,Tracked,1000000041,8137,
7.33278,um,Spot,11,,1000000073,8138,
6.19108,um,Spot,11,Untracked,1000000042,8139,
5.44455,um,Spot,11,Tracked,1000006858,8140,
4.79512,um,Spot,11,Tracked,1000000046,8141,
5.59881,um,Spot,11,Tracked,1000000045,8142,
7.41374,um,Spot,11,Untracked,1000000044,8143,
8.32936,um,Spot,11,Untracked,1000000047,8144,
3.06081,um,Spot,11,Tracked,1000000051,8145,
9.8933,um,Spot,11,Untracked,1000000048,8146,
10.134,um,Spot,11,Tracked,1000000052,8147,
10.6484,um,Spot,11,Tracked,1000000054,8148,
6.76048,um,Spot,11,Tracked,1000000053,8149,
15.1946,um,Spot,11,Tracked,1000000178,8150,
17.0937,um,Spot,11,Tracked,1000000179,8151,
0,um,Spot,11,Tracked,1000008152,8152,
12.5209,um,Spot,11,Tracked,1000000056,8153,
4.70388,um,Spot,11,Untracked,1000000061,8154,
7.05538,um,Spot,11,Untracked,1000000063,8155,
22.2662,um,Spot,11,Untracked,1000007325,8156,
3.62518,um,Spot,11,Untracked,1000000068,8157,
10.0339,um,Spot,11,Untracked,1000007642,8158,
10.3835,um,Spot,11,Tracked,1000007486,8159,
12.6283,um,Spot,11,,1000000082,8160,
3.29495,um,Spot,11,,1000006881,8161,
26.3029,um,Spot,11,Untracked,1000000088,8162,
5.85025,um,Spot,11,Tracked,1000000102,8163,
4.58992,um,Spot,11,,1000007036,8164,
13.2284,um,Spot,11,Untracked,1000000096,8165,
11.4129,um,Spot,11,Tracked,1000000105,8166,
13.3516,um,Spot,11,Untracked,1000000012,8167,
20.3937,um,Spot,11,Untracked,1000000013,8168,
10.9766,um,Spot,11,Untracked,1000000106,8169,
4.48193,um,Spot,11,Untracked,1000007189,8170,
20.422,um,Spot,11,Untracked,1000000014,8171,
11.3667,um,Spot,11,Untracked,1000000112,8172,
20.2106,um,Spot,11,Untracked,1000000111,8173,
16.4504,um,Spot,11,Untracked,1000000108,8174,
24.5212,um,Spot,11,Untracked,1000000107,8175,
12.2849,um,Spot,11,Untracked,1000000115,8176,
15.7736,um,Spot,11,Untracked,1000000114,8177,
20.258,um,Spot,11,Untracked,1000000116,8178,
8.38487,um,Spot,11,Untracked,1000000020,8179,
6.04989,um,Spot,11,Tracked,1000000124,8180,
6.13906,um,Spot,11,Tracked,1000000128,8181,
7.46201,um,Spot,11,Tracked,1000000125,8182,
5.30234,um,Spot,11,Tracked,1000000126,8183,
7.74741,um,Spot,11,Untracked,1000000127,8184,
6.09235,um,Spot,11,Tracked,1000000130,8185,
5.99007,um,Spot,11,Tracked,1000000131,8186,
13.719,um,Spot,11,Tracked,1000000137,8187,
11.7666,um,Spot,11,Tracked,1000000191,8188,
4.67175,um,Spot,11,Tracked,1000000005,8189,
13.4517,um,Spot,11,Tracked,1000006777,8190,
14.7269,um,Spot,11,Tracked,1000000139,8191,
1.33576,um,Spot,11,Tracked,1000000135,8192,
4.22306,um,Spot,11,Tracked,1000000140,8193,
7.60844,um,Spot,11,Tracked,1000007864,8194,
0,um,Spot,11,Untracked,1000008195,8195,
2.51251,um,Spot,11,Untracked,1000007868,8196,
15.0238,um,Spot,11,Untracked,1000000038,8197,
13.5602,um,Spot,11,Untracked,1000000029,8198,
14.9353,um,Spot,11,Untracked,1000000033,8199,
16.6719,um,Spot,11,Untracked,1000000030,8200,
11.4799,um,Spot,11,Untracked,1000007169,8201,
14.8966,um,Spot,11,Untracked,1000000037,8202,
20.0634,um,Spot,11,Untracked,1000000034,8203,
11.8374,um,Spot,11,Untracked,1000007066,8204,
16.9162,um,Spot,11,Untracked,1000000152,8205,
21.9481,um,Spot,11,Untracked,1000000151,8206,
12.5509,um,Spot,11,Untracked,1000000156,8207,
16.4368,um,Spot,11,Untracked,1000000155,8208,
5.2313,um,Spot,11,Untracked,1000007703,8209,
15.6717,um,Spot,11,Untracked,1000000159,8210,
3.90142,um,Spot,11,Untracked,1000007705,8211,
13.5723,um,Spot,11,Untracked,1000007223,8212,
3.4108,um,Spot,11,Untracked,1000007885,8213,
4.53352,um,Spot,11,,1000000172,8214,
0,um,Spot,11,Tracked,1000008215,8215,
9.68291,um,Spot,11,Tracked,1000007548,8216,
9.38144,um,Spot,11,Tracked,1000006970,8217,
12.3929,um,Spot,11,Untracked,1000000175,8218,
7.2807,um,Spot,11,Tracked,1000000216,8219,
4.914,um,Spot,11,Tracked,1000007892,8220,
6.49101,um,Spot,11,Tracked,1000007713,8221,
7.61992,um,Spot,11,Tracked,1000000217,8222,
8.86468,um,Spot,11,Tracked,1000006791,8223,
4.9588,um,Spot,11,Tracked,1000007894,8224,
5.01358,um,Spot,11,Tracked,1000007234,8225,
27.061,um,Spot,11,Tracked,1000000309,8226,
0,um,Spot,11,Tracked,1000008227,8227,
20.9415,um,Spot,11,Untracked,1000000064,8228,
18.2929,um,Spot,11,Untracked,1000006735,8229,
19.6169,um,Spot,11,Untracked,1000000066,8230,
7.49578,um,Spot,11,Untracked,1000007088,8231,
11.0582,um,Spot,11,Untracked,1000000071,8232,
21.6673,um,Spot,11,Untracked,1000000072,8233,
18.7266,um,Spot,11,Untracked,1000000201,8234,
15.3889,um,Spot,11,Untracked,1000000205,8235,
6.46306,um,Spot,11,Untracked,1000007405,8236,
6.87291,um,Spot,11,Untracked,1000000212,8237,
9.82849,um,Spot,11,Tracked,1000007734,8238,
9.73864,um,Spot,11,Untracked,1000000219,8239,
8.80062,um,Spot,11,,1000007337,8240,
17.9333,um,Spot,11,,1000000084,8241,
5.79935,um,Spot,11,Untracked,1000007909,8242,
26.7543,um,Spot,11,Untracked,1000000089,8243,
15.1619,um,Spot,11,Untracked,1000000092,8244,
21.6554,um,Spot,11,Untracked,1000000091,8245,
13.9202,um,Spot,11,,1000007742,8246,
8.71417,um,Spot,11,,1000006955,8247,
13.8093,um,Spot,11,Untracked,1000000120,8248,
16.9723,um,Spot,11,Untracked,1000000121,8249,
12.3337,um,Spot,11,Untracked,1000000251,8250,
13.3698,um,Spot,11,Untracked,1000006811,8251,
6.9412,um,Spot,11,Untracked,1000000268,8252,
12.9462,um,Spot,11,Untracked,1000000163,8253,
19.2144,um,Spot,11,Untracked,1000000161,8254,
11.0204,um,Spot,11,Untracked,1000000166,8255,
15.6315,um,Spot,11,Untracked,1000000164,8256,
19.3578,um,Spot,11,Untracked,1000000284,8257,
19.6116,um,Spot,11,Untracked,1000000285,8258,
8.1272,um,Spot,11,Untracked,1000007761,8259,
5.60869,um,Spot,11,Untracked,1000007108,8260,
0,um,Spot,11,Tracked,1000008261,8261,
0,um,Spot,11,Untracked,1000008262,8262,
15.7725,um,Spot,11,Untracked,1000000317,8263,
8.02789,um,Spot,11,Untracked,1000000325,8264,
5.34626,um,Spot,11,Untracked,1000007275,8265,
9.74322,um,Spot,11,Untracked,1000000324,8266,
0,um,Spot,11,Untracked,1000008267,8267,
6.46485,um,Spot,11,Untracked,1000007577,8268,
12.8553,um,Spot,11,Untracked,1000006961,8269,
5.90703,um,Spot,11,Untracked,1000007594,8270,
19.6321,um,Spot,11,Untracked,1000000323,8271,
26.6407,um,Spot,11,Untracked,1000000379,8272,
22.4263,um,Spot,11,Tracked,1000006624,8273,
12.1557,um,Spot,11,Tracked,1000006829,8274,
16.009,um,Spot,11,Tracked,1000006651,8275,
20.1608,um,Spot,11,Tracked,1000006831,8276,
18.9989,um,Spot,11,Tracked,1000006677,8277,
9.3472,um,Spot,11,Tracked,1000007441,8278,
16.6388,um,Spot,11,Tracked,1000006703,8279,
20.8416,um,Spot,12,,1000000003,8280,
11.84,um,Spot,12,,1000006705,8281,
11.1074,um,Spot,12,Untracked,1000000026,8282,
11.1728,um,Spot,12,Untracked,1000000011,8283,
4.68455,um,Spot,12,Tracked,1000000021,8284,
4.98697,um,Spot,12,Untracked,1000000018,8285,
23.6191,um,Spot,12,Tracked,1000000022,8286,
20.8398,um,Spot,12,Tracked,1000006777,8287,
1.2388,um,Spot,12,Tracked,1000000023,8288,
16.2293,um,Spot,12,Tracked,1000000133,8289,
12.6965,um,Spot,12,Tracked,1000000137,8290,
15.4959,um,Spot,12,Untracked,1000000024,8291,
1.76442,um,Spot,12,Untracked,1000008129,8292,
10.297,um,Spot,12,Untracked,1000000028,8293,
8.99667,um,Spot,12,Untracked,1000006716,8294,
19.0569,um,Spot,12,Untracked,1000000027,8295,
7.11827,um,Spot,12,Untracked,1000007302,8296,
11.164,um,Spot,12,Untracked,1000000031,8297,
4.8895,um,Spot,12,Tracked,1000000041,8298,
7.05998,um,Spot,12,,1000000073,8299,
6.67504,um,Spot,12,Tracked,1000006858,8300,
6.31572,um,Spot,12,Tracked,1000000046,8301,
7.42301,um,Spot,12,Untracked,1000000042,8302,
3.80196,um,Spot,12,Tracked,1000000045,8303,
8.25232,um,Spot,12,Untracked,1000000044,8304,
8.10726,um,Spot,12,Untracked,1000000047,8305,
3.90988,um,Spot,12,Tracked,1000000051,8306,
7.23034,um,Spot,12,Untracked,1000000048,8307,
10.1141,um,Spot,12,Tracked,1000000052,8308,
9.44372,um,Spot,12,Tracked,1000000053,8309,
10.6122,um,Spot,12,Tracked,1000000054,8310,
14.7019,um,Spot,12,Tracked,1000000178,8311,
19.5093,um,Spot,12,Tracked,1000000179,8312,
2.97394,um,Spot,12,Tracked,1000008152,8313,
12.9197,um,Spot,12,Tracked,1000000056,8314,
7.81174,um,Spot,12,Untracked,1000000061,8315,
8.79098,um,Spot,12,Untracked,1000000063,8316,
25.7926,um,Spot,12,Untracked,1000007325,8317,
4.0211,um,Spot,12,Untracked,1000000068,8318,
12.7477,um,Spot,12,Tracked,1000007734,8319,
10.5408,um,Spot,12,,1000006881,8320,
12.9642,um,Spot,12,,1000000082,8321,
26.9587,um,Spot,12,Untracked,1000000088,8322,
5.71157,um,Spot,12,,1000007036,8323,
13.0589,um,Spot,12,Untracked,1000000096,8324,
3.40263,um,Spot,12,Tracked,1000000102,8325,
6.45227,um,Spot,12,Tracked,1000000105,8326,
14.5999,um,Spot,12,Untracked,1000000012,8327,
22.7074,um,Spot,12,Untracked,1000000013,8328,
10.847,um,Spot,12,Untracked,1000000106,8329,
22.0883,um,Spot,12,Untracked,1000000014,8330,
6.42302,um,Spot,12,Untracked,1000007189,8331,
19.9854,um,Spot,12,Untracked,1000000111,8332,
13.0362,um,Spot,12,Untracked,1000000112,8333,
5.84079,um,Spot,12,Untracked,1000007045,8334,
15.9275,um,Spot,12,Untracked,1000000108,8335,
24.1264,um,Spot,12,Untracked,1000000107,8336,
15.5878,um,Spot,12,Untracked,1000000114,8337,
14.6992,um,Spot,12,Untracked,1000000115,8338,
0,um,Spot,12,Untracked,1000008339,8339,
7.24086,um,Spot,12,Untracked,1000000020,8340,
6.8813,um,Spot,12,Tracked,1000000128,8341,
4.34461,um,Spot,12,Tracked,1000000124,8342,
5.05705,um,Spot,12,Tracked,1000000125,8343,
5.89983,um,Spot,12,Tracked,1000000126,8344,
7.4415,um,Spot,12,Untracked,1000000127,8345,
4.13589,um,Spot,12,Tracked,1000000130,8346,
6.62851,um,Spot,12,Tracked,1000000131,8347,
2.49449,um,Spot,12,Tracked,1000000005,8348,
12.7322,um,Spot,12,Tracked,1000000134,8349,
10.9844,um,Spot,12,Tracked,1000000191,8350,
14.373,um,Spot,12,Tracked,1000000139,8351,
6.71351,um,Spot,12,Tracked,1000000140,8352,
1.81518,um,Spot,12,Tracked,1000000135,8353,
7.54589,um,Spot,12,Tracked,1000007864,8354,
1.2301,um,Spot,12,Untracked,1000008195,8355,
15.0696,um,Spot,12,Untracked,1000000038,8356,
13.9625,um,Spot,12,Untracked,1000000029,8357,
0,um,Spot,12,Untracked,1000008358,8358,
16.0672,um,Spot,12,Untracked,1000000030,8359,
0,um,Spot,12,Untracked,1000008360,8360,
0,um,Spot,12,Untracked,1000008361,8361,
16.3014,um,Spot,12,Untracked,1000000033,8362,
10.8055,um,Spot,12,Untracked,1000007169,8363,
0,um,Spot,12,Untracked,1000008364,8364,
15.2683,um,Spot,12,Untracked,1000000037,8365,
18.9832,um,Spot,12,Untracked,1000000034,8366,
13.9689,um,Spot,12,Untracked,1000000152,8367,
12.9373,um,Spot,12,Untracked,1000007066,8368,
22.069,um,Spot,12,Untracked,1000000151,8369,
13.1303,um,Spot,12,Untracked,1000000156,8370,
17.2211,um,Spot,12,Untracked,1000000155,8371,
4.44626,um,Spot,12,Untracked,1000007703,8372,
0,um,Spot,12,Untracked,1000008373,8373,
15.8274,um,Spot,12,Untracked,1000000159,8374,
3.85099,um,Spot,12,Untracked,1000007705,8375,
12.0716,um,Spot,12,Untracked,1000007223,8376,
4.96653,um,Spot,12,Untracked,1000007885,8377,
5.55783,um,Spot,12,,1000000172,8378,
5.20559,um,Spot,12,Tracked,1000008215,8379,
11.7104,um,Spot,12,Tracked,1000007548,8380,
9.92037,um,Spot,12,Tracked,1000006970,8381,
10.9882,um,Spot,12,Tracked,1000000217,8382,
7.76584,um,Spot,12,Tracked,1000007892,8383,
6.0944,um,Spot,12,Tracked,1000000216,8384,
5.78151,um,Spot,12,Tracked,1000007713,8385,
9.47944,um,Spot,12,Tracked,1000006791,8386,
4.06478,um,Spot,12,Tracked,1000007894,8387,
5.09061,um,Spot,12,Tracked,1000007234,8388,
31.4504,um,Spot,12,Tracked,1000000309,8389,
4.28926,um,Spot,12,Tracked,1000008227,8390,
15.7511,um,Spot,12,Untracked,1000006735,8391,
20.7722,um,Spot,12,Untracked,1000000064,8392,
21.4328,um,Spot,12,Untracked,1000000066,8393,
4.70139,um,Spot,12,Untracked,1000007088,8394,
11.9573,um,Spot,12,Untracked,1000000071,8395,
18.1212,um,Spot,12,Untracked,1000000201,8396,
3.37905,um,Spot,12,Untracked,1000007727,8397,
10.1055,um,Spot,12,Untracked,1000000205,8398,
24.2344,um,Spot,12,Untracked,1000000072,8399,
0,um,Spot,12,Untracked,1000008400,8400,
6.51734,um,Spot,12,Untracked,1000007405,8401,
7.6583,um,Spot,12,Untracked,1000000212,8402,
12.2543,um,Spot,12,Untracked,1000000219,8403,
2.78474,um,Spot,12,,1000007337,8404,
20.159,um,Spot,12,,1000000084,8405,
0,um,Spot,12,,1000008406,8406,
0,um,Spot,12,,1000008407,8407,
8.27244,um,Spot,12,,1000008074,8408,
27.2867,um,Spot,12,Untracked,1000000089,8409,
14.8998,um,Spot,12,Untracked,1000000092,8410,
1.55163,um,Spot,12,Untracked,1000007909,8411,
21.1953,um,Spot,12,Untracked,1000000091,8412,
7.8088,um,Spot,12,,1000007742,8413,
12.7133,um,Spot,12,,1000006955,8414,
2.06818,um,Spot,12,Untracked,1000007915,8415,
21.2409,um,Spot,12,Untracked,1000000116,8416,
13.0423,um,Spot,12,Untracked,1000000120,8417,
17.1648,um,Spot,12,Untracked,1000000121,8418,
0,um,Spot,12,Untracked,1000008419,8419,
10.6515,um,Spot,12,Untracked,1000000251,8420,
11.6659,um,Spot,12,Untracked,1000006811,8421,
6.67603,um,Spot,12,Untracked,1000000254,8422,
0,um,Spot,12,Untracked,1000008423,8423,
11.5693,um,Spot,12,Untracked,1000007118,8424,
11.8083,um,Spot,12,Untracked,1000007418,8425,
10.9086,um,Spot,12,Untracked,1000006961,8426,
0,um,Spot,12,Untracked,1000008427,8427,
7.08869,um,Spot,12,Untracked,1000000268,8428,
18.1125,um,Spot,12,Untracked,1000000161,8429,
13.6484,um,Spot,12,Untracked,1000000163,8430,
12.4847,um,Spot,12,Untracked,1000000166,8431,
10.885,um,Spot,12,Untracked,1000006820,8432,
17.718,um,Spot,12,Untracked,1000000164,8433,
20.483,um,Spot,12,Untracked,1000000284,8434,
19.0828,um,Spot,12,Untracked,1000000285,8435,
7.16518,um,Spot,12,Untracked,1000007761,8436,
7.69474,um,Spot,12,Untracked,1000007108,8437,
1.34539,um,Spot,12,Tracked,1000008261,8438,
4.80794,um,Spot,12,Untracked,1000008099,8439,
4.29073,um,Spot,12,Untracked,1000008262,8440,
17.4301,um,Spot,12,Untracked,1000000317,8441,
7.07447,um,Spot,12,Untracked,1000007275,8442,
7.59581,um,Spot,12,Untracked,1000000325,8443,
8.17794,um,Spot,12,Untracked,1000000324,8444,
7.22697,um,Spot,12,Untracked,1000007577,8445,
16.3773,um,Spot,12,Untracked,1000007104,8446,
0,um,Spot,12,Untracked,1000008447,8447,
5.42187,um,Spot,12,Untracked,1000007594,8448,
18.9269,um,Spot,12,Untracked,1000000323,8449,
24.3034,um,Spot,12,Untracked,1000000379,8450,
22.0993,um,Spot,12,Tracked,1000006624,8451,
13.8421,um,Spot,12,Tracked,1000006829,8452,
20.0296,um,Spot,12,Tracked,1000006651,8453,
20.2134,um,Spot,12,Tracked,1000006831,8454,
21.0058,um,Spot,12,Tracked,1000006677,8455,
19.1554,um,Spot,12,Tracked,1000007441,8456,
0,um,Spot,13,,1000008457,8457,
10.0687,um,Spot,13,,1000006705,8458,
20.2952,um,Spot,13,,1000000003,8459,
1.31652,um,Spot,13,Tracked,1000000005,8460,
14.1581,um,Spot,13,Untracked,1000000026,8461,
15.1119,um,Spot,13,Untracked,1000000011,8462,
7.19088,um,Spot,13,Untracked,1000000018,8463,
7.66504,um,Spot,13,Untracked,1000008119,8464,
4.2523,um,Spot,13,Tracked,1000000021,8465,
19.6554,um,Spot,13,Tracked,1000000022,8466,
15.4846,um,Spot,13,Tracked,1000000133,8467,
19.7651,um,Spot,13,Tracked,1000006777,8468,
20.5833,um,Spot,13,Untracked,1000000024,8469,
4.31183,um,Spot,13,Untracked,1000008129,8470,
13.6738,um,Spot,13,Untracked,1000000028,8471,
8.95062,um,Spot,13,Untracked,1000007302,8472,
9.84456,um,Spot,13,,1000000073,8473,
6.75421,um,Spot,13,Tracked,1000000041,8474,
7.71822,um,Spot,13,Tracked,1000006858,8475,
6.03123,um,Spot,13,Tracked,1000000046,8476,
11.7984,um,Spot,13,Untracked,1000000042,8477,
11.3236,um,Spot,13,Untracked,1000000044,8478,
9.22579,um,Spot,13,Tracked,1000000045,8479,
4.16114,um,Spot,13,Tracked,1000000051,8480,
9.08763,um,Spot,13,Tracked,1000000052,8481,
9.2461,um,Spot,13,Tracked,1000000053,8482,
10.2935,um,Spot,13,Tracked,1000000054,8483,
25.3351,um,Spot,13,Tracked,1000000179,8484,
15.2248,um,Spot,13,Tracked,1000000178,8485,
5.78749,um,Spot,13,Tracked,1000008152,8486,
15.0309,um,Spot,13,Tracked,1000000056,8487,
5.87262,um,Spot,13,Untracked,1000000061,8488,
11.2238,um,Spot,13,Untracked,1000000063,8489,
28.312,um,Spot,13,Untracked,1000007325,8490,
12.2289,um,Spot,13,Tracked,1000007486,8491,
10.4019,um,Spot,13,,1000000082,8492,
5.73592,um,Spot,13,,1000006881,8493,
14.4998,um,Spot,13,,1000000084,8494,
29.4292,um,Spot,13,Untracked,1000000088,8495,
28.3545,um,Spot,13,Untracked,1000000089,8496,
15.1812,um,Spot,13,Untracked,1000000096,8497,
5.31544,um,Spot,13,Tracked,1000000102,8498,
18.5209,um,Spot,13,Untracked,1000000010,8499,
16.7227,um,Spot,13,Untracked,1000000012,8500,
14.2403,um,Spot,13,Untracked,1000000106,8501,
20.0552,um,Spot,13,Untracked,1000000111,8502,
25.8492,um,Spot,13,Untracked,1000000014,8503,
10.0281,um,Spot,13,Untracked,1000007189,8504,
16.0886,um,Spot,13,Untracked,1000000112,8505,
12.1312,um,Spot,13,Untracked,1000007045,8506,
18.6953,um,Spot,13,Untracked,1000000108,8507,
27.1113,um,Spot,13,Untracked,1000000107,8508,
19.3941,um,Spot,13,Untracked,1000000114,8509,
4.41146,um,Spot,13,Untracked,1000007915,8510,
10.0317,um,Spot,13,Untracked,1000000020,8511,
4.21977,um,Spot,13,Tracked,1000000125,8512,
9.11169,um,Spot,13,Tracked,1000000128,8513,
9.32073,um,Spot,13,Untracked,1000000127,8514,
8.81364,um,Spot,13,Tracked,1000000126,8515,
8.65734,um,Spot,13,Tracked,1000000131,8516,
0,um,Spot,13,Tracked,1000008517,8517,
3.35705,um,Spot,13,Tracked,1000000023,8518,
9.6363,um,Spot,13,Tracked,1000000137,8519,
9.98895,um,Spot,13,Tracked,1000000191,8520,
0.288062,um,Spot,13,Tracked,1000000135,8521,
13.4813,um,Spot,13,Tracked,1000000139,8522,
6.27882,um,Spot,13,Tracked,1000007864,8523,
4.90616,um,Spot,13,Untracked,1000008195,8524,
13.2063,um,Spot,13,Untracked,1000000031,8525,
13.3749,um,Spot,13,Untracked,1000006716,8526,
21.6792,um,Spot,13,Untracked,1000000027,8527,
5.24896,um,Spot,13,Untracked,1000008360,8528,
17.31,um,Spot,13,Untracked,1000000029,8529,
18.1267,um,Spot,13,Untracked,1000000038,8530,
17.7053,um,Spot,13,Untracked,1000000030,8531,
7.61661,um,Spot,13,Untracked,1000008358,8532,
3.64883,um,Spot,13,Untracked,1000008361,8533,
18.8331,um,Spot,13,Untracked,1000000033,8534,
12.9711,um,Spot,13,Untracked,1000007169,8535,
2.8772,um,Spot,13,Untracked,1000008364,8536,
17.3556,um,Spot,13,Untracked,1000000034,8537,
20.1957,um,Spot,13,Untracked,1000000037,8538,
14.9373,um,Spot,13,Untracked,1000000152,8539,
16.9438,um,Spot,13,Untracked,1000007066,8540,
25.8733,um,Spot,13,Untracked,1000000151,8541,
16.7427,um,Spot,13,Untracked,1000000156,8542,
20.3842,um,Spot,13,Untracked,1000000155,8543,
8.31458,um,Spot,13,Untracked,1000007703,8544,
19.6179,um,Spot,13,Untracked,1000000159,8545,
13.3489,um,Spot,13,Untracked,1000000047,8546,
13.8754,um,Spot,13,Untracked,1000000048,8547,
9.09978,um,Spot,13,Tracked,1000008215,8548,
5.19562,um,Spot,13,,1000000172,8549,
4.89263,um,Spot,13,Tracked,1000007548,8550,
14.5561,um,Spot,13,Tracked,1000006970,8551,
8.90863,um,Spot,13,Tracked,1000000216,8552,
11.6044,um,Spot,13,Tracked,1000000217,8553,
8.977,um,Spot,13,Tracked,1000007894,8554,
8.39573,um,Spot,13,Tracked,1000007234,8555,
31.6336,um,Spot,13,Tracked,1000000309,8556,
7.83864,um,Spot,13,Untracked,1000000068,8557,
19.8487,um,Spot,13,Untracked,1000006735,8558,
27.4618,um,Spot,13,Untracked,1000000064,8559,
24.6929,um,Spot,13,Untracked,1000000066,8560,
19.7667,um,Spot,13,Untracked,1000000071,8561,
25.1368,um,Spot,13,Untracked,1000000072,8562,
6.53565,um,Spot,13,Untracked,1000007727,8563,
22.8498,um,Spot,13,Untracked,1000000201,8564,
17.3938,um,Spot,13,Untracked,1000000205,8565,
5.04447,um,Spot,13,Untracked,1000008400,8566,
7.98483,um,Spot,13,Untracked,1000000212,8567,
7.08968,um,Spot,13,Untracked,1000007088,8568,
12.9009,um,Spot,13,Untracked,1000000219,8569,
7.31558,um,Spot,13,Tracked,1000007734,8570,
7.07802,um,Spot,13,,1000008406,8571,
7.73277,um,Spot,13,,1000007337,8572,
8.00636,um,Spot,13,,1000008407,8573,
5.37905,um,Spot,13,,1000008074,8574,
17.378,um,Spot,13,Untracked,1000000092,8575,
18.0906,um,Spot,13,Untracked,1000000091,8576,
0,um,Spot,13,Untracked,1000008577,8577,
11.4536,um,Spot,13,,1000007742,8578,
20.0724,um,Spot,13,Untracked,1000000115,8579,
4.86998,um,Spot,13,Untracked,1000008339,8580,
13.9982,um,Spot,13,Untracked,1000000120,8581,
7.67871,um,Spot,13,Untracked,1000006811,8582,
25.2411,um,Spot,13,Untracked,1000000116,8583,
22.0003,um,Spot,13,Untracked,1000000121,8584,
15.4884,um,Spot,13,Untracked,1000000251,8585,
21.8812,um,Spot,13,Untracked,1000007118,8586,
2.81599,um,Spot,13,Untracked,1000008423,8587,
6.80785,um,Spot,13,Untracked,1000000254,8588,
5.06791,um,Spot,13,Untracked,1000007577,8589,
12.2738,um,Spot,13,Untracked,1000006961,8590,
3.91636,um,Spot,13,Untracked,1000008427,8591,
7.4536,um,Spot,13,Untracked,1000000268,8592,
16.1579,um,Spot,13,Untracked,1000007223,8593,
9.49721,um,Spot,13,Untracked,1000007705,8594,
8.29411,um,Spot,13,Untracked,1000008373,8595,
23.7595,um,Spot,13,Untracked,1000000161,8596,
15.023,um,Spot,13,Untracked,1000000166,8597,
19.1679,um,Spot,13,Untracked,1000000163,8598,
15.0542,um,Spot,13,Untracked,1000006820,8599,
22.1976,um,Spot,13,Untracked,1000000284,8600,
20.0044,um,Spot,13,Untracked,1000000164,8601,
24.5975,um,Spot,13,Untracked,1000000285,8602,
10.9293,um,Spot,13,Untracked,1000007761,8603,
8.95496,um,Spot,13,Untracked,1000007108,8604,
13.2443,um,Spot,13,Untracked,1000007405,8605,
0,um,Spot,13,Untracked,1000008606,8606,
0,um,Spot,13,Untracked,1000008607,8607,
0,um,Spot,13,Untracked,1000008608,8608,
6.28729,um,Spot,13,Untracked,1000008262,8609,
20.6059,um,Spot,13,Untracked,1000000317,8610,
7.87835,um,Spot,13,Untracked,1000008099,8611,
0,um,Spot,13,Untracked,1000008612,8612,
8.22971,um,Spot,13,Untracked,1000000325,8613,
8.02685,um,Spot,13,Untracked,1000007275,8614,
12.6651,um,Spot,13,Untracked,1000000324,8615,
4.37294,um,Spot,13,Untracked,1000008267,8616,
16.1068,um,Spot,13,Untracked,1000007104,8617,
12.2101,um,Spot,13,Untracked,1000008447,8618,
7.19593,um,Spot,13,Untracked,1000007594,8619,
24.0201,um,Spot,13,Untracked,1000000323,8620,
31.4956,um,Spot,13,Untracked,1000000379,8621,
24.3585,um,Spot,13,Tracked,1000006624,8622,
9.33394,um,Spot,13,Tracked,1000006829,8623,
16.2317,um,Spot,13,Tracked,1000006651,8624,
18.16,um,Spot,13,Tracked,1000006831,8625,
21.0606,um,Spot,13,Tracked,1000006677,8626,
19.0795,um,Spot,13,Tracked,1000007441,8627,
14.3422,um,Spot,14,,1000008457,8628,
13.4095,um,Spot,14,,1000006705,8629,
12.1141,um,Spot,14,,1000000003,8630,
13.5128,um,Spot,14,Untracked,1000000026,8631,
10.9521,um,Spot,14,Untracked,1000000011,8632,
11.8023,um,Spot,14,Untracked,1000000012,8633,
2.79116,um,Spot,14,Untracked,1000000018,8634,
5.14317,um,Spot,14,Tracked,1000000021,8635,
26.3574,um,Spot,14,Tracked,1000000022,8636,
18.9892,um,Spot,14,Tracked,1000000133,8637,
19.5648,um,Spot,14,Tracked,1000006777,8638,
13.0153,um,Spot,14,Tracked,1000000137,8639,
2.17393,um,Spot,14,Untracked,1000008129,8640,
17.1287,um,Spot,14,Untracked,1000000024,8641,
8.20991,um,Spot,14,Untracked,1000000028,8642,
4.72369,um,Spot,14,Untracked,1000007302,8643,
7.85045,um,Spot,14,,1000000073,8644,
5.432,um,Spot,14,Tracked,1000000041,8645,
5.4478,um,Spot,14,Tracked,1000006858,8646,
6.24294,um,Spot,14,Tracked,1000000046,8647,
7.94555,um,Spot,14,Untracked,1000000042,8648,
5.49002,um,Spot,14,Untracked,1000000044,8649,
6.97218,um,Spot,14,Tracked,1000000045,8650,
10.087,um,Spot,14,Tracked,1000000051,8651,
12.4833,um,Spot,14,Untracked,1000000047,8652,
10.2036,um,Spot,14,Tracked,1000000052,8653,
7.67554,um,Spot,14,Tracked,1000000053,8654,
8.88492,um,Spot,14,Tracked,1000000054,8655,
17.6562,um,Spot,14,Tracked,1000000179,8656,
14.7259,um,Spot,14,Tracked,1000000178,8657,
2.50883,um,Spot,14,Tracked,1000008152,8658,
11.6923,um,Spot,14,Tracked,1000000056,8659,
7.28993,um,Spot,14,Untracked,1000000061,8660,
4.29255,um,Spot,14,Untracked,1000000068,8661,
31.1448,um,Spot,14,Untracked,1000007325,8662,
9.43312,um,Spot,14,Tracked,1000007486,8663,
6.46032,um,Spot,14,,1000000082,8664,
9.94619,um,Spot,14,,1000006881,8665,
17.0463,um,Spot,14,,1000008406,8666,
12.9806,um,Spot,14,,1000007337,8667,
25.0431,um,Spot,14,Untracked,1000000088,8668,
24.6361,um,Spot,14,Untracked,1000000089,8669,
11.0923,um,Spot,14,Untracked,1000000092,8670,
3.29375,um,Spot,14,Tracked,1000000102,8671,
10.175,um,Spot,14,Untracked,1000000096,8672,
13.2756,um,Spot,14,,1000007742,8673,
3.21602,um,Spot,14,Untracked,1000007189,8674,
10.7365,um,Spot,14,Untracked,1000000106,8675,
21.545,um,Spot,14,Untracked,1000000014,8676,
14.4681,um,Spot,14,Untracked,1000000111,8677,
8.94456,um,Spot,14,Untracked,1000000112,8678,
12.3266,um,Spot,14,Untracked,1000000108,8679,
7.77768,um,Spot,14,Untracked,1000007045,8680,
23.3563,um,Spot,14,Untracked,1000000107,8681,
14.3718,um,Spot,14,Untracked,1000000114,8682,
16.0338,um,Spot,14,Untracked,1000000115,8683,
19.3741,um,Spot,14,Untracked,1000000116,8684,
6.79126,um,Spot,14,Untracked,1000000020,8685,
5.17878,um,Spot,14,Tracked,1000000128,8686,
2.81775,um,Spot,14,Tracked,1000000135,8687,
9.93941,um,Spot,14,Tracked,1000000125,8688,
5.12166,um,Spot,14,Tracked,1000000126,8689,
7.00792,um,Spot,14,Untracked,1000000127,8690,
14.8937,um,Spot,14,Tracked,1000008517,8691,
3.17438,um,Spot,14,Tracked,1000000131,8692,
11.8181,um,Spot,14,Tracked,1000000191,8693,
6.64497,um,Spot,14,Tracked,1000000023,8694,
14.9892,um,Spot,14,Tracked,1000000139,8695,
6.25834,um,Spot,14,Tracked,1000000140,8696,
5.18118,um,Spot,14,Tracked,1000007864,8697,
10.6791,um,Spot,14,Untracked,1000006716,8698,
20.5337,um,Spot,14,Untracked,1000000027,8699,
11.6516,um,Spot,14,Untracked,1000000031,8700,
14.8309,um,Spot,14,Untracked,1000000038,8701,
13.7519,um,Spot,14,Untracked,1000000029,8702,
3.21271,um,Spot,14,Untracked,1000008361,8703,
2.00072,um,Spot,14,Untracked,1000008360,8704,
15.5559,um,Spot,14,Untracked,1000000030,8705,
15.944,um,Spot,14,Untracked,1000000033,8706,
12.5423,um,Spot,14,Untracked,1000007169,8707,
15.9538,um,Spot,14,Untracked,1000000037,8708,
12.6232,um,Spot,14,Untracked,1000000152,8709,
19.92,um,Spot,14,Untracked,1000000034,8710,
13.8197,um,Spot,14,Untracked,1000007066,8711,
11.2692,um,Spot,14,Untracked,1000000156,8712,
21.112,um,Spot,14,Untracked,1000000151,8713,
15.3534,um,Spot,14,Untracked,1000000155,8714,
15.7511,um,Spot,14,Untracked,1000000159,8715,
6.20817,um,Spot,14,Untracked,1000007703,8716,
5.36737,um,Spot,14,Untracked,1000007705,8717,
13.2392,um,Spot,14,Untracked,1000007223,8718,
11.7246,um,Spot,14,Untracked,1000000048,8719,
2.54817,um,Spot,14,,1000000172,8720,
5.73666,um,Spot,14,Tracked,1000007548,8721,
7.83557,um,Spot,14,Tracked,1000006970,8722,
9.2199,um,Spot,14,Tracked,1000007713,8723,
3.06577,um,Spot,14,Tracked,1000007894,8724,
3.96698,um,Spot,14,Tracked,1000007234,8725,
29.4192,um,Spot,14,Tracked,1000000309,8726,
22.4405,um,Spot,14,Untracked,1000000064,8727,
18.7614,um,Spot,14,Untracked,1000006735,8728,
19.4014,um,Spot,14,Untracked,1000000066,8729,
4.26086,um,Spot,14,Untracked,1000007088,8730,
16.2125,um,Spot,14,Untracked,1000000071,8731,
21.0078,um,Spot,14,Untracked,1000000072,8732,
17.8444,um,Spot,14,Untracked,1000000201,8733,
11.4162,um,Spot,14,Untracked,1000000205,8734,
3.20775,um,Spot,14,Untracked,1000008400,8735,
5.19994,um,Spot,14,Untracked,1000000212,8736,
6.50496,um,Spot,14,Tracked,1000000216,8737,
8.12356,um,Spot,14,Tracked,1000000217,8738,
6.32162,um,Spot,14,Tracked,1000007734,8739,
12.1684,um,Spot,14,Untracked,1000000219,8740,
11.7016,um,Spot,14,,1000008074,8741,
17.1602,um,Spot,14,Untracked,1000000091,8742,
8.02515,um,Spot,14,Untracked,1000008577,8743,
3.47329,um,Spot,14,Untracked,1000006811,8744,
14.0292,um,Spot,14,Untracked,1000000120,8745,
7.03994,um,Spot,14,Untracked,1000008419,8746,
16.5147,um,Spot,14,Untracked,1000000121,8747,
23.3413,um,Spot,14,Untracked,1000007118,8748,
11.7979,um,Spot,14,Untracked,1000000251,8749,
9.20276,um,Spot,14,Untracked,1000000254,8750,
5.72825,um,Spot,14,Untracked,1000006961,8751,
5.76846,um,Spot,14,Untracked,1000000268,8752,
19.5003,um,Spot,14,Untracked,1000000161,8753,
15.6847,um,Spot,14,Untracked,1000000163,8754,
10.5898,um,Spot,14,Untracked,1000000166,8755,
10.639,um,Spot,14,Untracked,1000006820,8756,
19.1161,um,Spot,14,Untracked,1000000164,8757,
22.8438,um,Spot,14,Untracked,1000000285,8758,
12.0605,um,Spot,14,Untracked,1000007761,8759,
7.38859,um,Spot,14,Untracked,1000007108,8760,
8.95148,um,Spot,14,Untracked,1000007405,8761,
5.64734,um,Spot,14,Untracked,1000008606,8762,
7.75248,um,Spot,14,Untracked,1000008608,8763,
7.96393,um,Spot,14,Untracked,1000008607,8764,
15.0485,um,Spot,14,Untracked,1000000317,8765,
6.19365,um,Spot,14,Untracked,1000008262,8766,
6.45247,um,Spot,14,Untracked,1000008612,8767,
4.10851,um,Spot,14,Untracked,1000007275,8768,
7.10461,um,Spot,14,Untracked,1000007577,8769,
1.8102,um,Spot,14,Untracked,1000007594,8770,
20.1296,um,Spot,14,Untracked,1000000323,8771,
29.1792,um,Spot,14,Untracked,1000000379,8772,
18.6125,um,Spot,14,Tracked,1000000134,8773,
9.75774,um,Spot,14,Tracked,1000006829,8774,
22.6499,um,Spot,14,Tracked,1000006624,8775,
18.3213,um,Spot,14,Tracked,1000006651,8776,
24.9887,um,Spot,14,Tracked,1000006677,8777,
14.8536,um,Spot,14,Tracked,1000007441,8778,
