
Time
 ==================== 
Time,Unit,Category,Time,Set 1,TrackID,ID,
0,h,Spot,1,,1000000003,3,
0,h,Spot,1,Tracked,1000000005,5,
0,h,Spot,1,Untracked,1000000010,10,
0,h,Spot,1,Untracked,1000000011,11,
0,h,Spot,1,Untracked,1000000012,12,
0,h,Spot,1,Untracked,1000000013,13,
0,h,Spot,1,Untracked,1000000014,14,
0,h,Spot,1,Tracked,1000000016,16,
0,h,Spot,1,Untracked,1000000018,18,
0,h,Spot,1,Untracked,1000000020,20,
0,h,Spot,1,Tracked,1000000021,21,
0,h,Spot,1,Tracked,1000000022,22,
0,h,Spot,1,Tracked,1000000023,23,
0,h,Spot,1,Untracked,1000000024,24,
0,h,Spot,1,Untracked,1000000026,26,
0,h,Spot,1,Untracked,1000000027,27,
0,h,Spot,1,Untracked,1000000028,28,
0,h,Spot,1,Untracked,1000000029,29,
0,h,Spot,1,Untracked,1000000030,30,
0,h,Spot,1,Untracked,1000000031,31,
0,h,Spot,1,Untracked,1000000033,33,
0,h,Spot,1,Untracked,1000000034,34,
0,h,Spot,1,Untracked,1000000037,37,
0,h,Spot,1,Untracked,1000000038,38,
0,h,Spot,1,Tracked,1000000041,41,
0,h,Spot,1,Untracked,1000000042,42,
0,h,Spot,1,Untracked,1000000044,44,
0,h,Spot,1,Tracked,1000000045,45,
0,h,Spot,1,Tracked,1000000046,46,
0,h,Spot,1,Untracked,1000000047,47,
0,h,Spot,1,Untracked,1000000048,48,
0,h,Spot,1,Tracked,1000000051,51,
0,h,Spot,1,Tracked,1000000052,52,
0,h,Spot,1,Tracked,1000000053,53,
0,h,Spot,1,Tracked,1000000054,54,
0,h,Spot,1,Tracked,1000000056,56,
0,h,Spot,1,Untracked,1000000061,61,
0,h,Spot,1,Untracked,1000000063,63,
0,h,Spot,1,Untracked,1000000064,64,
0,h,Spot,1,Untracked,1000000065,65,
0,h,Spot,1,Untracked,1000000066,66,
0,h,Spot,1,Untracked,1000000067,67,
0,h,Spot,1,Untracked,1000000068,68,
0,h,Spot,1,Untracked,1000000071,71,
0,h,Spot,1,Untracked,1000000072,72,
0,h,Spot,1,,1000000073,73,
0,h,Spot,1,,1000000082,82,
0,h,Spot,1,,1000000084,84,
0,h,Spot,1,Untracked,1000000088,88,
0,h,Spot,1,Untracked,1000000089,89,
0,h,Spot,1,Untracked,1000000091,91,
0,h,Spot,1,Untracked,1000000092,92,
0,h,Spot,1,Tracked,1000000094,94,
0,h,Spot,1,Untracked,1000000096,96,
0,h,Spot,1,Tracked,1000000102,102,
0,h,Spot,1,Tracked,1000000105,105,
0,h,Spot,1,Untracked,1000000106,106,
0,h,Spot,1,Untracked,1000000107,107,
0,h,Spot,1,Untracked,1000000108,108,
0,h,Spot,1,Untracked,1000000111,111,
0,h,Spot,1,Untracked,1000000112,112,
0,h,Spot,1,Untracked,1000000114,114,
0,h,Spot,1,Untracked,1000000115,115,
0,h,Spot,1,Untracked,1000000116,116,
0,h,Spot,1,Untracked,1000000120,120,
0,h,Spot,1,Untracked,1000000121,121,
0,h,Spot,1,Untracked,1000000122,122,
0,h,Spot,1,Untracked,1000000123,123,
0,h,Spot,1,Tracked,1000000124,124,
0,h,Spot,1,Tracked,1000000125,125,
0,h,Spot,1,Tracked,1000000126,126,
0,h,Spot,1,Untracked,1000000127,127,
0,h,Spot,1,Tracked,1000000128,128,
0,h,Spot,1,Tracked,1000000130,130,
0,h,Spot,1,Tracked,1000000131,131,
0,h,Spot,1,Tracked,1000000133,133,
0,h,Spot,1,Tracked,1000000134,134,
0,h,Spot,1,Tracked,1000000135,135,
0,h,Spot,1,Tracked,1000000137,137,
0,h,Spot,1,Tracked,1000000139,139,
0,h,Spot,1,Tracked,1000000140,140,
0,h,Spot,1,Tracked,1000000145,145,
0,h,Spot,1,Untracked,1000000150,150,
0,h,Spot,1,Untracked,1000000151,151,
0,h,Spot,1,Untracked,1000000152,152,
0,h,Spot,1,Untracked,1000000155,155,
0,h,Spot,1,Untracked,1000000156,156,
0,h,Spot,1,Untracked,1000000159,159,
0,h,Spot,1,Untracked,1000000161,161,
0,h,Spot,1,Untracked,1000000162,162,
0,h,Spot,1,Untracked,1000000163,163,
0,h,Spot,1,Untracked,1000000164,164,
0,h,Spot,1,Untracked,1000000166,166,
0,h,Spot,1,,1000000172,172,
0,h,Spot,1,Untracked,1000000175,175,
0,h,Spot,1,Tracked,1000000178,178,
0,h,Spot,1,Tracked,1000000179,179,
0,h,Spot,1,Tracked,1000000191,191,
0,h,Spot,1,Untracked,1000000199,199,
0,h,Spot,1,Untracked,1000000201,201,
0,h,Spot,1,Untracked,1000000202,202,
0,h,Spot,1,Untracked,1000000203,203,
0,h,Spot,1,Untracked,1000000204,204,
0,h,Spot,1,Untracked,1000000205,205,
0,h,Spot,1,Untracked,1000000208,208,
0,h,Spot,1,Untracked,1000000212,212,
0,h,Spot,1,Tracked,1000000216,216,
0,h,Spot,1,Tracked,1000000217,217,
0,h,Spot,1,Tracked,1000000218,218,
0,h,Spot,1,Untracked,1000000219,219,
0,h,Spot,1,Untracked,1000000251,251,
0,h,Spot,1,Untracked,1000000254,254,
0,h,Spot,1,Untracked,1000000257,257,
0,h,Spot,1,Tracked,1000000262,262,
0,h,Spot,1,Untracked,1000000268,268,
0,h,Spot,1,Tracked,1000000272,272,
0,h,Spot,1,Untracked,1000000284,284,
0,h,Spot,1,Untracked,1000000285,285,
0,h,Spot,1,Untracked,1000000289,289,
0,h,Spot,1,Tracked,1000000309,309,
0,h,Spot,1,Untracked,1000000314,314,
0,h,Spot,1,Untracked,1000000316,316,
0,h,Spot,1,Untracked,1000000317,317,
0,h,Spot,1,Untracked,1000000323,323,
0,h,Spot,1,Untracked,1000000324,324,
0,h,Spot,1,Untracked,1000000325,325,
0,h,Spot,1,Untracked,1000000379,379,
0,h,Spot,1,Tracked,1000006624,6624,
0,h,Spot,1,Tracked,1000006651,6651,
0,h,Spot,1,Tracked,1000006677,6677,
0,h,Spot,1,Tracked,1000006690,6690,
0,h,Spot,1,Tracked,1000006703,6703,
0.341944,h,Spot,2,,1000000003,6704,
0.341944,h,Spot,2,,1000006705,6705,
0.341944,h,Spot,2,Untracked,1000000010,6706,
0.341944,h,Spot,2,Untracked,1000000013,6707,
0.341944,h,Spot,2,Tracked,1000000016,6708,
0.341944,h,Spot,2,Untracked,1000000018,6709,
0.341944,h,Spot,2,Tracked,1000000022,6710,
0.341944,h,Spot,2,Untracked,1000000024,6711,
0.341944,h,Spot,2,Untracked,1000000026,6712,
0.341944,h,Spot,2,Untracked,1000000027,6713,
0.341944,h,Spot,2,Untracked,1000000028,6714,
0.341944,h,Spot,2,Untracked,1000000029,6715,
0.341944,h,Spot,2,Untracked,1000006716,6716,
0.341944,h,Spot,2,Untracked,1000000030,6717,
0.341944,h,Spot,2,Untracked,1000000033,6718,
0.341944,h,Spot,2,Untracked,1000000031,6719,
0.341944,h,Spot,2,Untracked,1000000034,6720,
0.341944,h,Spot,2,Untracked,1000000042,6721,
0.341944,h,Spot,2,Tracked,1000000045,6722,
0.341944,h,Spot,2,Untracked,1000000044,6723,
0.341944,h,Spot,2,Untracked,1000000047,6724,
0.341944,h,Spot,2,Tracked,1000000046,6725,
0.341944,h,Spot,2,Untracked,1000000048,6726,
0.341944,h,Spot,2,Tracked,1000000052,6727,
0.341944,h,Spot,2,Tracked,1000000053,6728,
0.341944,h,Spot,2,Tracked,1000000054,6729,
0.341944,h,Spot,2,Tracked,1000000178,6730,
0.341944,h,Spot,2,Tracked,1000000056,6731,
0.341944,h,Spot,2,Untracked,1000000061,6732,
0.341944,h,Spot,2,Untracked,1000006733,6733,
0.341944,h,Spot,2,Untracked,1000000063,6734,
0.341944,h,Spot,2,Untracked,1000006735,6735,
0.341944,h,Spot,2,Untracked,1000000064,6736,
0.341944,h,Spot,2,Untracked,1000000066,6737,
0.341944,h,Spot,2,Untracked,1000000065,6738,
0.341944,h,Spot,2,,1000000073,6739,
0.341944,h,Spot,2,Untracked,1000006740,6740,
0.341944,h,Spot,2,,1000006741,6741,
0.341944,h,Spot,2,,1000000082,6742,
0.341944,h,Spot,2,,1000000084,6743,
0.341944,h,Spot,2,Untracked,1000000088,6744,
0.341944,h,Spot,2,Untracked,1000000089,6745,
0.341944,h,Spot,2,Untracked,1000000092,6746,
0.341944,h,Spot,2,Untracked,1000000096,6747,
0.341944,h,Spot,2,Tracked,1000000005,6748,
0.341944,h,Spot,2,Tracked,1000000102,6749,
0.341944,h,Spot,2,Tracked,1000000105,6750,
0.341944,h,Spot,2,Untracked,1000000014,6751,
0.341944,h,Spot,2,Untracked,1000000106,6752,
0.341944,h,Spot,2,Untracked,1000000112,6753,
0.341944,h,Spot,2,Untracked,1000000107,6754,
0.341944,h,Spot,2,Untracked,1000000108,6755,
0.341944,h,Spot,2,Untracked,1000000111,6756,
0.341944,h,Spot,2,Untracked,1000000116,6757,
0.341944,h,Spot,2,Untracked,1000000114,6758,
0.341944,h,Spot,2,Untracked,1000000115,6759,
0.341944,h,Spot,2,Untracked,1000000122,6760,
0.341944,h,Spot,2,Untracked,1000000120,6761,
0.341944,h,Spot,2,Tracked,1000000021,6762,
0.341944,h,Spot,2,Tracked,1000000124,6763,
0.341944,h,Spot,2,Tracked,1000000125,6764,
0.341944,h,Spot,2,Untracked,1000000020,6765,
0.341944,h,Spot,2,Tracked,1000000126,6766,
0.341944,h,Spot,2,Untracked,1000000127,6767,
0.341944,h,Spot,2,Tracked,1000000128,6768,
0.341944,h,Spot,2,Tracked,1000000130,6769,
0.341944,h,Spot,2,Tracked,1000000131,6770,
0.341944,h,Spot,2,Tracked,1000000133,6771,
0.341944,h,Spot,2,Tracked,1000000023,6772,
0.341944,h,Spot,2,Tracked,1000000137,6773,
0.341944,h,Spot,2,Tracked,1000000134,6774,
0.341944,h,Spot,2,Tracked,1000000135,6775,
0.341944,h,Spot,2,Tracked,1000000140,6776,
0.341944,h,Spot,2,Tracked,1000006777,6777,
0.341944,h,Spot,2,Tracked,1000000139,6778,
0.341944,h,Spot,2,Tracked,1000000145,6779,
0.341944,h,Spot,2,Untracked,1000000151,6780,
0.341944,h,Spot,2,Untracked,1000000037,6781,
0.341944,h,Spot,2,Untracked,1000000150,6782,
0.341944,h,Spot,2,Untracked,1000000156,6783,
0.341944,h,Spot,2,Untracked,1000000161,6784,
0.341944,h,Spot,2,Untracked,1000000162,6785,
0.341944,h,Spot,2,Untracked,1000000155,6786,
0.341944,h,Spot,2,Untracked,1000000164,6787,
0.341944,h,Spot,2,Tracked,1000000051,6788,
0.341944,h,Spot,2,,1000000172,6789,
0.341944,h,Spot,2,Untracked,1000000175,6790,
0.341944,h,Spot,2,Tracked,1000006791,6791,
0.341944,h,Spot,2,Tracked,1000000218,6792,
0.341944,h,Spot,2,Tracked,1000000191,6793,
0.341944,h,Spot,2,Tracked,1000006794,6794,
0.341944,h,Spot,2,Untracked,1000000068,6795,
0.341944,h,Spot,2,Untracked,1000000071,6796,
0.341944,h,Spot,2,Untracked,1000000072,6797,
0.341944,h,Spot,2,Untracked,1000000067,6798,
0.341944,h,Spot,2,Untracked,1000000201,6799,
0.341944,h,Spot,2,Untracked,1000000204,6800,
0.341944,h,Spot,2,Untracked,1000006801,6801,
0.341944,h,Spot,2,Untracked,1000000205,6802,
0.341944,h,Spot,2,Untracked,1000000203,6803,
0.341944,h,Spot,2,Untracked,1000000212,6804,
0.341944,h,Spot,2,Tracked,1000000217,6805,
0.341944,h,Spot,2,Tracked,1000000216,6806,
0.341944,h,Spot,2,Untracked,1000000219,6807,
0.341944,h,Spot,2,Untracked,1000000091,6808,
0.341944,h,Spot,2,,1000006809,6809,
0.341944,h,Spot,2,Untracked,1000000121,6810,
0.341944,h,Spot,2,Untracked,1000006811,6811,
0.341944,h,Spot,2,Untracked,1000000123,6812,
0.341944,h,Spot,2,Untracked,1000000251,6813,
0.341944,h,Spot,2,Tracked,1000000262,6814,
0.341944,h,Spot,2,Untracked,1000000268,6815,
0.341944,h,Spot,2,Untracked,1000000166,6816,
0.341944,h,Spot,2,Untracked,1000000285,6817,
0.341944,h,Spot,2,Untracked,1000000284,6818,
0.341944,h,Spot,2,Tracked,1000000309,6819,
0.341944,h,Spot,2,Untracked,1000006820,6820,
0.341944,h,Spot,2,Untracked,1000000208,6821,
0.341944,h,Spot,2,Untracked,1000000317,6822,
0.341944,h,Spot,2,Untracked,1000000314,6823,
0.341944,h,Spot,2,Untracked,1000006824,6824,
0.341944,h,Spot,2,Untracked,1000000324,6825,
0.341944,h,Spot,2,Untracked,1000000325,6826,
0.341944,h,Spot,2,Untracked,1000000379,6827,
0.341944,h,Spot,2,Tracked,1000006624,6828,
0.341944,h,Spot,2,Tracked,1000006829,6829,
0.341944,h,Spot,2,Tracked,1000006651,6830,
0.341944,h,Spot,2,Tracked,1000006831,6831,
0.341944,h,Spot,2,Tracked,1000006677,6832,
0.341944,h,Spot,2,Tracked,1000006690,6833,
0.341944,h,Spot,2,Tracked,1000006703,6834,
0.683889,h,Spot,3,,1000006705,6835,
0.683889,h,Spot,3,,1000000003,6836,
0.683889,h,Spot,3,Untracked,1000000011,6837,
0.683889,h,Spot,3,Untracked,1000000010,6838,
0.683889,h,Spot,3,Untracked,1000000012,6839,
0.683889,h,Spot,3,Untracked,1000000013,6840,
0.683889,h,Spot,3,Tracked,1000000016,6841,
0.683889,h,Spot,3,Untracked,1000000018,6842,
0.683889,h,Spot,3,Tracked,1000000021,6843,
0.683889,h,Spot,3,Tracked,1000000022,6844,
0.683889,h,Spot,3,Untracked,1000000024,6845,
0.683889,h,Spot,3,Untracked,1000000026,6846,
0.683889,h,Spot,3,Untracked,1000000027,6847,
0.683889,h,Spot,3,Untracked,1000000028,6848,
0.683889,h,Spot,3,Untracked,1000000029,6849,
0.683889,h,Spot,3,Untracked,1000006716,6850,
0.683889,h,Spot,3,Untracked,1000000033,6851,
0.683889,h,Spot,3,Untracked,1000000031,6852,
0.683889,h,Spot,3,Untracked,1000000038,6853,
0.683889,h,Spot,3,Untracked,1000000030,6854,
0.683889,h,Spot,3,Untracked,1000000034,6855,
0.683889,h,Spot,3,Tracked,1000000041,6856,
0.683889,h,Spot,3,Untracked,1000000042,6857,
0.683889,h,Spot,3,Tracked,1000006858,6858,
0.683889,h,Spot,3,Tracked,1000000045,6859,
0.683889,h,Spot,3,Untracked,1000000044,6860,
0.683889,h,Spot,3,Untracked,1000000047,6861,
0.683889,h,Spot,3,Tracked,1000000046,6862,
0.683889,h,Spot,3,Untracked,1000000048,6863,
0.683889,h,Spot,3,Tracked,1000000052,6864,
0.683889,h,Spot,3,Tracked,1000000053,6865,
0.683889,h,Spot,3,Tracked,1000000054,6866,
0.683889,h,Spot,3,Tracked,1000000178,6867,
0.683889,h,Spot,3,Tracked,1000000056,6868,
0.683889,h,Spot,3,Untracked,1000000061,6869,
0.683889,h,Spot,3,Untracked,1000006733,6870,
0.683889,h,Spot,3,Untracked,1000000064,6871,
0.683889,h,Spot,3,Untracked,1000000063,6872,
0.683889,h,Spot,3,Untracked,1000006735,6873,
0.683889,h,Spot,3,Untracked,1000000065,6874,
0.683889,h,Spot,3,Untracked,1000000068,6875,
0.683889,h,Spot,3,Untracked,1000000066,6876,
0.683889,h,Spot,3,,1000000073,6877,
0.683889,h,Spot,3,Untracked,1000006740,6878,
0.683889,h,Spot,3,,1000000082,6879,
0.683889,h,Spot,3,,1000000084,6880,
0.683889,h,Spot,3,,1000006881,6881,
0.683889,h,Spot,3,Untracked,1000000088,6882,
0.683889,h,Spot,3,Untracked,1000000089,6883,
0.683889,h,Spot,3,Tracked,1000000094,6884,
0.683889,h,Spot,3,Untracked,1000000096,6885,
0.683889,h,Spot,3,Tracked,1000000102,6886,
0.683889,h,Spot,3,Tracked,1000000005,6887,
0.683889,h,Spot,3,Tracked,1000000105,6888,
0.683889,h,Spot,3,Untracked,1000000014,6889,
0.683889,h,Spot,3,Untracked,1000000106,6890,
0.683889,h,Spot,3,Untracked,1000000112,6891,
0.683889,h,Spot,3,Untracked,1000000107,6892,
0.683889,h,Spot,3,Untracked,1000000111,6893,
0.683889,h,Spot,3,Untracked,1000000108,6894,
0.683889,h,Spot,3,Untracked,1000000122,6895,
0.683889,h,Spot,3,Untracked,1000006896,6896,
0.683889,h,Spot,3,Untracked,1000000114,6897,
0.683889,h,Spot,3,Untracked,1000000115,6898,
0.683889,h,Spot,3,Untracked,1000000116,6899,
0.683889,h,Spot,3,Untracked,1000006811,6900,
0.683889,h,Spot,3,Untracked,1000000020,6901,
0.683889,h,Spot,3,Tracked,1000000125,6902,
0.683889,h,Spot,3,Tracked,1000000124,6903,
0.683889,h,Spot,3,Tracked,1000000126,6904,
0.683889,h,Spot,3,Tracked,1000000128,6905,
0.683889,h,Spot,3,Untracked,1000000127,6906,
0.683889,h,Spot,3,Tracked,1000000130,6907,
0.683889,h,Spot,3,Tracked,1000000131,6908,
0.683889,h,Spot,3,Tracked,1000000023,6909,
0.683889,h,Spot,3,Tracked,1000000134,6910,
0.683889,h,Spot,3,Tracked,1000000133,6911,
0.683889,h,Spot,3,Tracked,1000000137,6912,
0.683889,h,Spot,3,Tracked,1000000135,6913,
0.683889,h,Spot,3,Tracked,1000000140,6914,
0.683889,h,Spot,3,Tracked,1000006777,6915,
0.683889,h,Spot,3,Tracked,1000000139,6916,
0.683889,h,Spot,3,Tracked,1000000145,6917,
0.683889,h,Spot,3,Untracked,1000000151,6918,
0.683889,h,Spot,3,Untracked,1000000037,6919,
0.683889,h,Spot,3,Untracked,1000000152,6920,
0.683889,h,Spot,3,Untracked,1000000156,6921,
0.683889,h,Spot,3,Untracked,1000000150,6922,
0.683889,h,Spot,3,Untracked,1000000155,6923,
0.683889,h,Spot,3,Untracked,1000000159,6924,
0.683889,h,Spot,3,Untracked,1000000162,6925,
0.683889,h,Spot,3,Untracked,1000000161,6926,
0.683889,h,Spot,3,Untracked,1000000163,6927,
0.683889,h,Spot,3,Tracked,1000000051,6928,
0.683889,h,Spot,3,,1000000172,6929,
0.683889,h,Spot,3,Untracked,1000000175,6930,
0.683889,h,Spot,3,Tracked,1000000179,6931,
0.683889,h,Spot,3,Tracked,1000000218,6932,
0.683889,h,Spot,3,Tracked,1000000191,6933,
0.683889,h,Spot,3,Tracked,1000006794,6934,
0.683889,h,Spot,3,Tracked,1000000309,6935,
0.683889,h,Spot,3,Untracked,1000000072,6936,
0.683889,h,Spot,3,Untracked,1000000071,6937,
0.683889,h,Spot,3,Untracked,1000000202,6938,
0.683889,h,Spot,3,Untracked,1000006939,6939,
0.683889,h,Spot,3,Untracked,1000000199,6940,
0.683889,h,Spot,3,Untracked,1000000201,6941,
0.683889,h,Spot,3,Untracked,1000000203,6942,
0.683889,h,Spot,3,Untracked,1000006801,6943,
0.683889,h,Spot,3,Untracked,1000000205,6944,
0.683889,h,Spot,3,Untracked,1000000208,6945,
0.683889,h,Spot,3,Untracked,1000006946,6946,
0.683889,h,Spot,3,Untracked,1000000212,6947,
0.683889,h,Spot,3,Tracked,1000000217,6948,
0.683889,h,Spot,3,Tracked,1000000216,6949,
0.683889,h,Spot,3,Untracked,1000000219,6950,
0.683889,h,Spot,3,Untracked,1000006951,6951,
0.683889,h,Spot,3,Untracked,1000000092,6952,
0.683889,h,Spot,3,Untracked,1000000091,6953,
0.683889,h,Spot,3,,1000006809,6954,
0.683889,h,Spot,3,,1000006955,6955,
0.683889,h,Spot,3,Untracked,1000000120,6956,
0.683889,h,Spot,3,Untracked,1000000121,6957,
0.683889,h,Spot,3,Untracked,1000000123,6958,
0.683889,h,Spot,3,Untracked,1000000251,6959,
0.683889,h,Spot,3,Untracked,1000000254,6960,
0.683889,h,Spot,3,Untracked,1000006961,6961,
0.683889,h,Spot,3,Untracked,1000000257,6962,
0.683889,h,Spot,3,Untracked,1000000268,6963,
0.683889,h,Spot,3,Tracked,1000000272,6964,
0.683889,h,Spot,3,Untracked,1000000164,6965,
0.683889,h,Spot,3,Untracked,1000000166,6966,
0.683889,h,Spot,3,Untracked,1000000284,6967,
0.683889,h,Spot,3,Untracked,1000000285,6968,
0.683889,h,Spot,3,Untracked,1000000289,6969,
0.683889,h,Spot,3,Tracked,1000006970,6970,
0.683889,h,Spot,3,Untracked,1000006820,6971,
0.683889,h,Spot,3,Untracked,1000000316,6972,
0.683889,h,Spot,3,Untracked,1000000317,6973,
0.683889,h,Spot,3,Untracked,1000006824,6974,
0.683889,h,Spot,3,Untracked,1000000325,6975,
0.683889,h,Spot,3,Untracked,1000000324,6976,
0.683889,h,Spot,3,Untracked,1000000323,6977,
0.683889,h,Spot,3,Tracked,1000006624,6978,
0.683889,h,Spot,3,Tracked,1000006829,6979,
0.683889,h,Spot,3,Tracked,1000006651,6980,
0.683889,h,Spot,3,Tracked,1000006831,6981,
0.683889,h,Spot,3,Tracked,1000006677,6982,
0.683889,h,Spot,3,Tracked,1000006690,6983,
0.683889,h,Spot,3,Tracked,1000006703,6984,
1.02583,h,Spot,4,,1000006705,6985,
1.02583,h,Spot,4,,1000000003,6986,
1.02583,h,Spot,4,Untracked,1000000010,6987,
1.02583,h,Spot,4,Untracked,1000000012,6988,
1.02583,h,Spot,4,Untracked,1000000013,6989,
1.02583,h,Spot,4,Untracked,1000000014,6990,
1.02583,h,Spot,4,Untracked,1000000018,6991,
1.02583,h,Spot,4,Tracked,1000000021,6992,
1.02583,h,Spot,4,Tracked,1000000124,6993,
1.02583,h,Spot,4,Tracked,1000000022,6994,
1.02583,h,Spot,4,Tracked,1000000023,6995,
1.02583,h,Spot,4,Tracked,1000000134,6996,
1.02583,h,Spot,4,Untracked,1000006997,6997,
1.02583,h,Spot,4,Untracked,1000000024,6998,
1.02583,h,Spot,4,Untracked,1000000026,6999,
1.02583,h,Spot,4,Untracked,1000000028,7000,
1.02583,h,Spot,4,Untracked,1000006716,7001,
1.02583,h,Spot,4,Untracked,1000000029,7002,
1.02583,h,Spot,4,Untracked,1000000031,7003,
1.02583,h,Spot,4,Untracked,1000000038,7004,
1.02583,h,Spot,4,Untracked,1000007005,7005,
1.02583,h,Spot,4,Untracked,1000000033,7006,
1.02583,h,Spot,4,Untracked,1000000030,7007,
1.02583,h,Spot,4,Untracked,1000000034,7008,
1.02583,h,Spot,4,Untracked,1000000042,7009,
1.02583,h,Spot,4,Tracked,1000000045,7010,
1.02583,h,Spot,4,Tracked,1000000046,7011,
1.02583,h,Spot,4,Untracked,1000000044,7012,
1.02583,h,Spot,4,Untracked,1000000047,7013,
1.02583,h,Spot,4,Untracked,1000000048,7014,
1.02583,h,Spot,4,Tracked,1000000051,7015,
1.02583,h,Spot,4,Tracked,1000000052,7016,
1.02583,h,Spot,4,Tracked,1000000053,7017,
1.02583,h,Spot,4,Tracked,1000000054,7018,
1.02583,h,Spot,4,Tracked,1000000178,7019,
1.02583,h,Spot,4,Tracked,1000000056,7020,
1.02583,h,Spot,4,Untracked,1000000061,7021,
1.02583,h,Spot,4,Untracked,1000000063,7022,
1.02583,h,Spot,4,Untracked,1000000064,7023,
1.02583,h,Spot,4,Untracked,1000006733,7024,
1.02583,h,Spot,4,Untracked,1000006735,7025,
1.02583,h,Spot,4,Untracked,1000000068,7026,
1.02583,h,Spot,4,Untracked,1000000066,7027,
1.02583,h,Spot,4,Untracked,1000000065,7028,
1.02583,h,Spot,4,,1000000073,7029,
1.02583,h,Spot,4,Untracked,1000006740,7030,
1.02583,h,Spot,4,,1000006741,7031,
1.02583,h,Spot,4,,1000000084,7032,
1.02583,h,Spot,4,Untracked,1000000088,7033,
1.02583,h,Spot,4,Untracked,1000000089,7034,
1.02583,h,Spot,4,Untracked,1000000096,7035,
1.02583,h,Spot,4,,1000007036,7036,
1.02583,h,Spot,4,Tracked,1000000102,7037,
1.02583,h,Spot,4,,1000007038,7038,
1.02583,h,Spot,4,Tracked,1000000105,7039,
1.02583,h,Spot,4,Untracked,1000000106,7040,
1.02583,h,Spot,4,Untracked,1000000112,7041,
1.02583,h,Spot,4,Untracked,1000000107,7042,
1.02583,h,Spot,4,Untracked,1000000108,7043,
1.02583,h,Spot,4,Untracked,1000000111,7044,
1.02583,h,Spot,4,Untracked,1000007045,7045,
1.02583,h,Spot,4,Untracked,1000006896,7046,
1.02583,h,Spot,4,Untracked,1000000116,7047,
1.02583,h,Spot,4,Untracked,1000000114,7048,
1.02583,h,Spot,4,Untracked,1000000115,7049,
1.02583,h,Spot,4,Untracked,1000000122,7050,
1.02583,h,Spot,4,Untracked,1000000020,7051,
1.02583,h,Spot,4,Tracked,1000000125,7052,
1.02583,h,Spot,4,Tracked,1000000126,7053,
1.02583,h,Spot,4,Tracked,1000000128,7054,
1.02583,h,Spot,4,Untracked,1000000127,7055,
1.02583,h,Spot,4,Tracked,1000000130,7056,
1.02583,h,Spot,4,Tracked,1000000131,7057,
1.02583,h,Spot,4,Tracked,1000000133,7058,
1.02583,h,Spot,4,Tracked,1000000137,7059,
1.02583,h,Spot,4,Tracked,1000000139,7060,
1.02583,h,Spot,4,Tracked,1000000135,7061,
1.02583,h,Spot,4,Tracked,1000000140,7062,
1.02583,h,Spot,4,Tracked,1000000145,7063,
1.02583,h,Spot,4,Untracked,1000000037,7064,
1.02583,h,Spot,4,Untracked,1000000152,7065,
1.02583,h,Spot,4,Untracked,1000007066,7066,
1.02583,h,Spot,4,Untracked,1000000151,7067,
1.02583,h,Spot,4,Untracked,1000000156,7068,
1.02583,h,Spot,4,Untracked,1000000155,7069,
1.02583,h,Spot,4,Untracked,1000000159,7070,
1.02583,h,Spot,4,Untracked,1000000161,7071,
1.02583,h,Spot,4,Untracked,1000000162,7072,
1.02583,h,Spot,4,Untracked,1000000163,7073,
1.02583,h,Spot,4,Untracked,1000000164,7074,
1.02583,h,Spot,4,Untracked,1000000166,7075,
1.02583,h,Spot,4,,1000000172,7076,
1.02583,h,Spot,4,Tracked,1000000179,7077,
1.02583,h,Spot,4,Tracked,1000000191,7078,
1.02583,h,Spot,4,Tracked,1000006791,7079,
1.02583,h,Spot,4,Tracked,1000000218,7080,
1.02583,h,Spot,4,Tracked,1000000309,7081,
1.02583,h,Spot,4,Untracked,1000000071,7082,
1.02583,h,Spot,4,Untracked,1000000067,7083,
1.02583,h,Spot,4,Untracked,1000000201,7084,
1.02583,h,Spot,4,Untracked,1000000072,7085,
1.02583,h,Spot,4,Untracked,1000000199,7086,
1.02583,h,Spot,4,Untracked,1000000202,7087,
1.02583,h,Spot,4,Untracked,1000007088,7088,
1.02583,h,Spot,4,Untracked,1000000205,7089,
1.02583,h,Spot,4,Untracked,1000006801,7090,
1.02583,h,Spot,4,Untracked,1000000203,7091,
1.02583,h,Spot,4,Untracked,1000006820,7092,
1.02583,h,Spot,4,Untracked,1000000212,7093,
1.02583,h,Spot,4,Tracked,1000000217,7094,
1.02583,h,Spot,4,Tracked,1000000216,7095,
1.02583,h,Spot,4,Untracked,1000000091,7096,
1.02583,h,Spot,4,Untracked,1000000092,7097,
1.02583,h,Spot,4,Untracked,1000000121,7098,
1.02583,h,Spot,4,Untracked,1000000120,7099,
1.02583,h,Spot,4,Untracked,1000000123,7100,
1.02583,h,Spot,4,Untracked,1000000251,7101,
1.02583,h,Spot,4,Untracked,1000006961,7102,
1.02583,h,Spot,4,Untracked,1000000257,7103,
1.02583,h,Spot,4,Untracked,1000007104,7104,
1.02583,h,Spot,4,Untracked,1000000268,7105,
1.02583,h,Spot,4,Untracked,1000007106,7106,
1.02583,h,Spot,4,Untracked,1000000285,7107,
1.02583,h,Spot,4,Untracked,1000007108,7108,
1.02583,h,Spot,4,Untracked,1000000289,7109,
1.02583,h,Spot,4,Untracked,1000007110,7110,
1.02583,h,Spot,4,Untracked,1000006946,7111,
1.02583,h,Spot,4,Untracked,1000000208,7112,
1.02583,h,Spot,4,Untracked,1000000317,7113,
1.02583,h,Spot,4,Untracked,1000006824,7114,
1.02583,h,Spot,4,Untracked,1000000323,7115,
1.02583,h,Spot,4,Untracked,1000000325,7116,
1.02583,h,Spot,4,Untracked,1000000324,7117,
1.02583,h,Spot,4,Untracked,1000007118,7118,
1.02583,h,Spot,4,Untracked,1000000379,7119,
1.02583,h,Spot,4,Tracked,1000006624,7120,
1.02583,h,Spot,4,Tracked,1000006829,7121,
1.02583,h,Spot,4,Tracked,1000006651,7122,
1.02583,h,Spot,4,Tracked,1000006831,7123,
1.02583,h,Spot,4,Tracked,1000006677,7124,
1.02583,h,Spot,4,Tracked,1000006690,7125,
1.02583,h,Spot,4,Tracked,1000006703,7126,
1.36778,h,Spot,5,,1000006705,7127,
1.36778,h,Spot,5,,1000000003,7128,
1.36778,h,Spot,5,Untracked,1000000010,7129,
1.36778,h,Spot,5,Untracked,1000000011,7130,
1.36778,h,Spot,5,Untracked,1000000012,7131,
1.36778,h,Spot,5,Untracked,1000000013,7132,
1.36778,h,Spot,5,Tracked,1000000016,7133,
1.36778,h,Spot,5,Untracked,1000000018,7134,
1.36778,h,Spot,5,Tracked,1000000021,7135,
1.36778,h,Spot,5,Tracked,1000000022,7136,
1.36778,h,Spot,5,Tracked,1000000005,7137,
1.36778,h,Spot,5,Tracked,1000000023,7138,
1.36778,h,Spot,5,Untracked,1000000024,7139,
1.36778,h,Spot,5,Untracked,1000000026,7140,
1.36778,h,Spot,5,Untracked,1000000027,7141,
1.36778,h,Spot,5,Untracked,1000000028,7142,
1.36778,h,Spot,5,Untracked,1000000029,7143,
1.36778,h,Spot,5,Untracked,1000006716,7144,
1.36778,h,Spot,5,Untracked,1000000033,7145,
1.36778,h,Spot,5,Untracked,1000000031,7146,
1.36778,h,Spot,5,Untracked,1000000038,7147,
1.36778,h,Spot,5,Untracked,1000007005,7148,
1.36778,h,Spot,5,Untracked,1000007149,7149,
1.36778,h,Spot,5,Tracked,1000000041,7150,
1.36778,h,Spot,5,Untracked,1000000042,7151,
1.36778,h,Spot,5,Tracked,1000000045,7152,
1.36778,h,Spot,5,Tracked,1000006858,7153,
1.36778,h,Spot,5,Tracked,1000000046,7154,
1.36778,h,Spot,5,Untracked,1000000044,7155,
1.36778,h,Spot,5,Untracked,1000000047,7156,
1.36778,h,Spot,5,Tracked,1000000051,7157,
1.36778,h,Spot,5,Untracked,1000000048,7158,
1.36778,h,Spot,5,Tracked,1000000052,7159,
1.36778,h,Spot,5,Tracked,1000000054,7160,
1.36778,h,Spot,5,Tracked,1000000178,7161,
1.36778,h,Spot,5,Tracked,1000007162,7162,
1.36778,h,Spot,5,Tracked,1000000056,7163,
1.36778,h,Spot,5,Untracked,1000000061,7164,
1.36778,h,Spot,5,Untracked,1000000063,7165,
1.36778,h,Spot,5,Untracked,1000000064,7166,
1.36778,h,Spot,5,Untracked,1000000065,7167,
1.36778,h,Spot,5,Untracked,1000006735,7168,
1.36778,h,Spot,5,Untracked,1000007169,7169,
1.36778,h,Spot,5,Untracked,1000000072,7170,
1.36778,h,Spot,5,,1000000073,7171,
1.36778,h,Spot,5,,1000007172,7172,
1.36778,h,Spot,5,,1000000082,7173,
1.36778,h,Spot,5,,1000007174,7174,
1.36778,h,Spot,5,,1000000084,7175,
1.36778,h,Spot,5,,1000006881,7176,
1.36778,h,Spot,5,Untracked,1000000088,7177,
1.36778,h,Spot,5,Untracked,1000000089,7178,
1.36778,h,Spot,5,Untracked,1000006951,7179,
1.36778,h,Spot,5,Tracked,1000000094,7180,
1.36778,h,Spot,5,,1000007036,7181,
1.36778,h,Spot,5,Untracked,1000000096,7182,
1.36778,h,Spot,5,,1000007038,7183,
1.36778,h,Spot,5,Tracked,1000000105,7184,
1.36778,h,Spot,5,Tracked,1000000102,7185,
1.36778,h,Spot,5,Untracked,1000000014,7186,
1.36778,h,Spot,5,Untracked,1000000112,7187,
1.36778,h,Spot,5,Untracked,1000000106,7188,
1.36778,h,Spot,5,Untracked,1000007189,7189,
1.36778,h,Spot,5,Untracked,1000000108,7190,
1.36778,h,Spot,5,Untracked,1000000107,7191,
1.36778,h,Spot,5,Untracked,1000007045,7192,
1.36778,h,Spot,5,Untracked,1000000111,7193,
1.36778,h,Spot,5,Untracked,1000000114,7194,
1.36778,h,Spot,5,Untracked,1000006896,7195,
1.36778,h,Spot,5,Untracked,1000000115,7196,
1.36778,h,Spot,5,Untracked,1000000116,7197,
1.36778,h,Spot,5,Untracked,1000000122,7198,
1.36778,h,Spot,5,Untracked,1000000120,7199,
1.36778,h,Spot,5,Untracked,1000000020,7200,
1.36778,h,Spot,5,Tracked,1000000124,7201,
1.36778,h,Spot,5,Tracked,1000000125,7202,
1.36778,h,Spot,5,Tracked,1000000126,7203,
1.36778,h,Spot,5,Untracked,1000000127,7204,
1.36778,h,Spot,5,Tracked,1000000128,7205,
1.36778,h,Spot,5,Tracked,1000000130,7206,
1.36778,h,Spot,5,Tracked,1000000131,7207,
1.36778,h,Spot,5,Tracked,1000000134,7208,
1.36778,h,Spot,5,Tracked,1000000133,7209,
1.36778,h,Spot,5,Tracked,1000000137,7210,
1.36778,h,Spot,5,Tracked,1000000139,7211,
1.36778,h,Spot,5,Tracked,1000000135,7212,
1.36778,h,Spot,5,Tracked,1000000140,7213,
1.36778,h,Spot,5,Tracked,1000006777,7214,
1.36778,h,Spot,5,Tracked,1000000145,7215,
1.36778,h,Spot,5,Untracked,1000000034,7216,
1.36778,h,Spot,5,Untracked,1000000037,7217,
1.36778,h,Spot,5,Untracked,1000007066,7218,
1.36778,h,Spot,5,Untracked,1000000152,7219,
1.36778,h,Spot,5,Untracked,1000000151,7220,
1.36778,h,Spot,5,Untracked,1000000156,7221,
1.36778,h,Spot,5,Untracked,1000000155,7222,
1.36778,h,Spot,5,Untracked,1000007223,7223,
1.36778,h,Spot,5,Untracked,1000000159,7224,
1.36778,h,Spot,5,Untracked,1000000161,7225,
1.36778,h,Spot,5,Untracked,1000000163,7226,
1.36778,h,Spot,5,,1000000172,7227,
1.36778,h,Spot,5,Untracked,1000000175,7228,
1.36778,h,Spot,5,Tracked,1000006970,7229,
1.36778,h,Spot,5,Tracked,1000000179,7230,
1.36778,h,Spot,5,Tracked,1000000191,7231,
1.36778,h,Spot,5,Tracked,1000006791,7232,
1.36778,h,Spot,5,Tracked,1000000218,7233,
1.36778,h,Spot,5,Tracked,1000007234,7234,
1.36778,h,Spot,5,Tracked,1000000309,7235,
1.36778,h,Spot,5,Untracked,1000000068,7236,
1.36778,h,Spot,5,Untracked,1000000066,7237,
1.36778,h,Spot,5,Untracked,1000006939,7238,
1.36778,h,Spot,5,Untracked,1000000067,7239,
1.36778,h,Spot,5,Untracked,1000000201,7240,
1.36778,h,Spot,5,Untracked,1000000071,7241,
1.36778,h,Spot,5,Untracked,1000000199,7242,
1.36778,h,Spot,5,Untracked,1000000202,7243,
1.36778,h,Spot,5,Untracked,1000000205,7244,
1.36778,h,Spot,5,Untracked,1000007088,7245,
1.36778,h,Spot,5,Untracked,1000000203,7246,
1.36778,h,Spot,5,Untracked,1000000212,7247,
1.36778,h,Spot,5,Tracked,1000000216,7248,
1.36778,h,Spot,5,Untracked,1000000219,7249,
1.36778,h,Spot,5,,1000007250,7250,
1.36778,h,Spot,5,Untracked,1000000092,7251,
1.36778,h,Spot,5,Untracked,1000000091,7252,
1.36778,h,Spot,5,,1000006955,7253,
1.36778,h,Spot,5,Untracked,1000007254,7254,
1.36778,h,Spot,5,Untracked,1000000121,7255,
1.36778,h,Spot,5,Untracked,1000006811,7256,
1.36778,h,Spot,5,Untracked,1000000254,7257,
1.36778,h,Spot,5,Untracked,1000000123,7258,
1.36778,h,Spot,5,Untracked,1000000251,7259,
1.36778,h,Spot,5,Untracked,1000006961,7260,
1.36778,h,Spot,5,Untracked,1000007104,7261,
1.36778,h,Spot,5,Untracked,1000000268,7262,
1.36778,h,Spot,5,Tracked,1000007263,7263,
1.36778,h,Spot,5,Untracked,1000000164,7264,
1.36778,h,Spot,5,Untracked,1000000166,7265,
1.36778,h,Spot,5,Untracked,1000007106,7266,
1.36778,h,Spot,5,Untracked,1000000285,7267,
1.36778,h,Spot,5,Untracked,1000000284,7268,
1.36778,h,Spot,5,Untracked,1000000289,7269,
1.36778,h,Spot,5,Untracked,1000007110,7270,
1.36778,h,Spot,5,Untracked,1000007108,7271,
1.36778,h,Spot,5,Untracked,1000006820,7272,
1.36778,h,Spot,5,Untracked,1000000316,7273,
1.36778,h,Spot,5,Untracked,1000000317,7274,
1.36778,h,Spot,5,Untracked,1000007275,7275,
1.36778,h,Spot,5,Untracked,1000000325,7276,
1.36778,h,Spot,5,Untracked,1000000324,7277,
1.36778,h,Spot,5,Untracked,1000007118,7278,
1.36778,h,Spot,5,Untracked,1000007279,7279,
1.36778,h,Spot,5,Untracked,1000000323,7280,
1.36778,h,Spot,5,Untracked,1000000379,7281,
1.36778,h,Spot,5,Tracked,1000006624,7282,
1.36778,h,Spot,5,Tracked,1000006829,7283,
1.36778,h,Spot,5,Tracked,1000006651,7284,
1.36778,h,Spot,5,Tracked,1000006831,7285,
1.70972,h,Spot,6,,1000006705,7286,
1.70972,h,Spot,6,,1000000003,7287,
1.70972,h,Spot,6,Untracked,1000000011,7288,
1.70972,h,Spot,6,Untracked,1000000010,7289,
1.70972,h,Spot,6,Untracked,1000000013,7290,
1.70972,h,Spot,6,Tracked,1000007291,7291,
1.70972,h,Spot,6,Untracked,1000000018,7292,
1.70972,h,Spot,6,Tracked,1000000021,7293,
1.70972,h,Spot,6,Tracked,1000000022,7294,
1.70972,h,Spot,6,Tracked,1000000023,7295,
1.70972,h,Spot,6,Untracked,1000006997,7296,
1.70972,h,Spot,6,Untracked,1000000024,7297,
1.70972,h,Spot,6,Untracked,1000000026,7298,
1.70972,h,Spot,6,Untracked,1000000028,7299,
1.70972,h,Spot,6,Untracked,1000006716,7300,
1.70972,h,Spot,6,Untracked,1000007149,7301,
1.70972,h,Spot,6,Untracked,1000007302,7302,
1.70972,h,Spot,6,Untracked,1000000038,7303,
1.70972,h,Spot,6,Untracked,1000000029,7304,
1.70972,h,Spot,6,Untracked,1000000033,7305,
1.70972,h,Spot,6,Untracked,1000000031,7306,
1.70972,h,Spot,6,Untracked,1000007005,7307,
1.70972,h,Spot,6,Untracked,1000007308,7308,
1.70972,h,Spot,6,Untracked,1000000030,7309,
1.70972,h,Spot,6,Untracked,1000007169,7310,
1.70972,h,Spot,6,Tracked,1000000041,7311,
1.70972,h,Spot,6,Untracked,1000000042,7312,
1.70972,h,Spot,6,Tracked,1000006858,7313,
1.70972,h,Spot,6,Tracked,1000000046,7314,
1.70972,h,Spot,6,Tracked,1000000045,7315,
1.70972,h,Spot,6,Untracked,1000000044,7316,
1.70972,h,Spot,6,Untracked,1000000047,7317,
1.70972,h,Spot,6,Untracked,1000000048,7318,
1.70972,h,Spot,6,Tracked,1000000051,7319,
1.70972,h,Spot,6,Tracked,1000000052,7320,
1.70972,h,Spot,6,Tracked,1000000053,7321,
1.70972,h,Spot,6,Tracked,1000000054,7322,
1.70972,h,Spot,6,Tracked,1000000178,7323,
1.70972,h,Spot,6,Tracked,1000000056,7324,
1.70972,h,Spot,6,Untracked,1000007325,7325,
1.70972,h,Spot,6,Untracked,1000000061,7326,
1.70972,h,Spot,6,Untracked,1000000063,7327,
1.70972,h,Spot,6,Untracked,1000000064,7328,
1.70972,h,Spot,6,Untracked,1000006735,7329,
1.70972,h,Spot,6,Untracked,1000000066,7330,
1.70972,h,Spot,6,,1000000073,7331,
1.70972,h,Spot,6,,1000007172,7332,
1.70972,h,Spot,6,,1000000082,7333,
1.70972,h,Spot,6,,1000007174,7334,
1.70972,h,Spot,6,,1000000084,7335,
1.70972,h,Spot,6,,1000007250,7336,
1.70972,h,Spot,6,,1000007337,7337,
1.70972,h,Spot,6,Untracked,1000000088,7338,
1.70972,h,Spot,6,Untracked,1000000089,7339,
1.70972,h,Spot,6,Untracked,1000000092,7340,
1.70972,h,Spot,6,Tracked,1000000094,7341,
1.70972,h,Spot,6,Untracked,1000000096,7342,
1.70972,h,Spot,6,,1000007036,7343,
1.70972,h,Spot,6,Tracked,1000000105,7344,
1.70972,h,Spot,6,Tracked,1000000102,7345,
1.70972,h,Spot,6,Untracked,1000000014,7346,
1.70972,h,Spot,6,Untracked,1000000106,7347,
1.70972,h,Spot,6,Untracked,1000000112,7348,
1.70972,h,Spot,6,Untracked,1000007189,7349,
1.70972,h,Spot,6,Untracked,1000007045,7350,
1.70972,h,Spot,6,Untracked,1000000107,7351,
1.70972,h,Spot,6,Untracked,1000000108,7352,
1.70972,h,Spot,6,Untracked,1000000111,7353,
1.70972,h,Spot,6,Untracked,1000000114,7354,
1.70972,h,Spot,6,Untracked,1000000115,7355,
1.70972,h,Spot,6,Untracked,1000000116,7356,
1.70972,h,Spot,6,Untracked,1000000122,7357,
1.70972,h,Spot,6,Untracked,1000000120,7358,
1.70972,h,Spot,6,Untracked,1000000020,7359,
1.70972,h,Spot,6,Tracked,1000000124,7360,
1.70972,h,Spot,6,Tracked,1000000125,7361,
1.70972,h,Spot,6,Tracked,1000000128,7362,
1.70972,h,Spot,6,Tracked,1000000126,7363,
1.70972,h,Spot,6,Untracked,1000000127,7364,
1.70972,h,Spot,6,Tracked,1000000130,7365,
1.70972,h,Spot,6,Tracked,1000000131,7366,
1.70972,h,Spot,6,Tracked,1000000005,7367,
1.70972,h,Spot,6,Tracked,1000000137,7368,
1.70972,h,Spot,6,Tracked,1000000134,7369,
1.70972,h,Spot,6,Tracked,1000000139,7370,
1.70972,h,Spot,6,Tracked,1000000133,7371,
1.70972,h,Spot,6,Tracked,1000000135,7372,
1.70972,h,Spot,6,Tracked,1000006777,7373,
1.70972,h,Spot,6,Tracked,1000000140,7374,
1.70972,h,Spot,6,Tracked,1000000145,7375,
1.70972,h,Spot,6,Untracked,1000000034,7376,
1.70972,h,Spot,6,Untracked,1000000037,7377,
1.70972,h,Spot,6,Untracked,1000007066,7378,
1.70972,h,Spot,6,Untracked,1000000152,7379,
1.70972,h,Spot,6,Untracked,1000000151,7380,
1.70972,h,Spot,6,Untracked,1000000156,7381,
1.70972,h,Spot,6,Untracked,1000000159,7382,
1.70972,h,Spot,6,Untracked,1000000155,7383,
1.70972,h,Spot,6,Untracked,1000007223,7384,
1.70972,h,Spot,6,Untracked,1000000163,7385,
1.70972,h,Spot,6,Untracked,1000000161,7386,
1.70972,h,Spot,6,,1000000172,7387,
1.70972,h,Spot,6,Tracked,1000007388,7388,
1.70972,h,Spot,6,Untracked,1000000175,7389,
1.70972,h,Spot,6,Tracked,1000000179,7390,
1.70972,h,Spot,6,Tracked,1000000191,7391,
1.70972,h,Spot,6,Tracked,1000006791,7392,
1.70972,h,Spot,6,Tracked,1000000218,7393,
1.70972,h,Spot,6,Tracked,1000007234,7394,
1.70972,h,Spot,6,Tracked,1000000309,7395,
1.70972,h,Spot,6,Untracked,1000000068,7396,
1.70972,h,Spot,6,Untracked,1000000071,7397,
1.70972,h,Spot,6,Untracked,1000000067,7398,
1.70972,h,Spot,6,Untracked,1000000201,7399,
1.70972,h,Spot,6,Untracked,1000000072,7400,
1.70972,h,Spot,6,Untracked,1000006939,7401,
1.70972,h,Spot,6,Untracked,1000006801,7402,
1.70972,h,Spot,6,Untracked,1000007088,7403,
1.70972,h,Spot,6,Untracked,1000000205,7404,
1.70972,h,Spot,6,Untracked,1000007405,7405,
1.70972,h,Spot,6,Untracked,1000000212,7406,
1.70972,h,Spot,6,Tracked,1000000217,7407,
1.70972,h,Spot,6,Tracked,1000000216,7408,
1.70972,h,Spot,6,Untracked,1000000219,7409,
1.70972,h,Spot,6,,1000007410,7410,
1.70972,h,Spot,6,Untracked,1000000091,7411,
1.70972,h,Spot,6,Untracked,1000007412,7412,
1.70972,h,Spot,6,,1000006955,7413,
1.70972,h,Spot,6,Untracked,1000007254,7414,
1.70972,h,Spot,6,Untracked,1000000121,7415,
1.70972,h,Spot,6,Untracked,1000000123,7416,
1.70972,h,Spot,6,Untracked,1000000251,7417,
1.70972,h,Spot,6,Untracked,1000007418,7418,
1.70972,h,Spot,6,Untracked,1000006961,7419,
1.70972,h,Spot,6,Untracked,1000007118,7420,
1.70972,h,Spot,6,Untracked,1000000268,7421,
1.70972,h,Spot,6,Tracked,1000007263,7422,
1.70972,h,Spot,6,Untracked,1000000164,7423,
1.70972,h,Spot,6,Untracked,1000000166,7424,
1.70972,h,Spot,6,Untracked,1000000284,7425,
1.70972,h,Spot,6,Untracked,1000000285,7426,
1.70972,h,Spot,6,Untracked,1000000289,7427,
1.70972,h,Spot,6,Untracked,1000007108,7428,
1.70972,h,Spot,6,Untracked,1000006820,7429,
1.70972,h,Spot,6,Untracked,1000000317,7430,
1.70972,h,Spot,6,Untracked,1000000324,7431,
1.70972,h,Spot,6,Untracked,1000000325,7432,
1.70972,h,Spot,6,Untracked,1000007279,7433,
1.70972,h,Spot,6,Untracked,1000000323,7434,
1.70972,h,Spot,6,Untracked,1000000379,7435,
1.70972,h,Spot,6,Tracked,1000006624,7436,
1.70972,h,Spot,6,Tracked,1000006829,7437,
1.70972,h,Spot,6,Tracked,1000006651,7438,
1.70972,h,Spot,6,Tracked,1000006831,7439,
1.70972,h,Spot,6,Tracked,1000006677,7440,
1.70972,h,Spot,6,Tracked,1000007441,7441,
1.70972,h,Spot,6,Tracked,1000006703,7442,
2.05167,h,Spot,7,,1000006705,7443,
2.05167,h,Spot,7,,1000000003,7444,
2.05167,h,Spot,7,Untracked,1000000026,7445,
2.05167,h,Spot,7,Untracked,1000000010,7446,
2.05167,h,Spot,7,Untracked,1000000011,7447,
2.05167,h,Spot,7,Untracked,1000000012,7448,
2.05167,h,Spot,7,Tracked,1000007291,7449,
2.05167,h,Spot,7,Tracked,1000000016,7450,
2.05167,h,Spot,7,Untracked,1000000018,7451,
2.05167,h,Spot,7,Tracked,1000000021,7452,
2.05167,h,Spot,7,Tracked,1000000022,7453,
2.05167,h,Spot,7,Untracked,1000006997,7454,
2.05167,h,Spot,7,Untracked,1000000024,7455,
2.05167,h,Spot,7,Untracked,1000007302,7456,
2.05167,h,Spot,7,Untracked,1000000028,7457,
2.05167,h,Spot,7,Untracked,1000006716,7458,
2.05167,h,Spot,7,Untracked,1000000027,7459,
2.05167,h,Spot,7,Untracked,1000000031,7460,
2.05167,h,Spot,7,Untracked,1000007005,7461,
2.05167,h,Spot,7,Untracked,1000000038,7462,
2.05167,h,Spot,7,Untracked,1000000029,7463,
2.05167,h,Spot,7,Untracked,1000000030,7464,
2.05167,h,Spot,7,Untracked,1000000033,7465,
2.05167,h,Spot,7,Tracked,1000000041,7466,
2.05167,h,Spot,7,,1000000073,7467,
2.05167,h,Spot,7,Untracked,1000000042,7468,
2.05167,h,Spot,7,Tracked,1000006858,7469,
2.05167,h,Spot,7,Tracked,1000000046,7470,
2.05167,h,Spot,7,Untracked,1000000044,7471,
2.05167,h,Spot,7,Tracked,1000000045,7472,
2.05167,h,Spot,7,Untracked,1000000047,7473,
2.05167,h,Spot,7,Untracked,1000000048,7474,
2.05167,h,Spot,7,Tracked,1000000052,7475,
2.05167,h,Spot,7,Tracked,1000000054,7476,
2.05167,h,Spot,7,Tracked,1000000178,7477,
2.05167,h,Spot,7,Tracked,1000007162,7478,
2.05167,h,Spot,7,Tracked,1000000179,7479,
2.05167,h,Spot,7,Tracked,1000000056,7480,
2.05167,h,Spot,7,Untracked,1000007325,7481,
2.05167,h,Spot,7,Untracked,1000000061,7482,
2.05167,h,Spot,7,Untracked,1000000063,7483,
2.05167,h,Spot,7,Untracked,1000007484,7484,
2.05167,h,Spot,7,Untracked,1000000064,7485,
2.05167,h,Spot,7,Tracked,1000007486,7486,
2.05167,h,Spot,7,,1000000082,7487,
2.05167,h,Spot,7,,1000006881,7488,
2.05167,h,Spot,7,,1000000084,7489,
2.05167,h,Spot,7,Untracked,1000000088,7490,
2.05167,h,Spot,7,Untracked,1000000089,7491,
2.05167,h,Spot,7,Tracked,1000000094,7492,
2.05167,h,Spot,7,Untracked,1000000096,7493,
2.05167,h,Spot,7,Tracked,1000000102,7494,
2.05167,h,Spot,7,,1000007036,7495,
2.05167,h,Spot,7,Tracked,1000000005,7496,
2.05167,h,Spot,7,Tracked,1000000105,7497,
2.05167,h,Spot,7,Untracked,1000000013,7498,
2.05167,h,Spot,7,Untracked,1000000014,7499,
2.05167,h,Spot,7,Untracked,1000000106,7500,
2.05167,h,Spot,7,Untracked,1000000112,7501,
2.05167,h,Spot,7,Untracked,1000007189,7502,
2.05167,h,Spot,7,Untracked,1000000111,7503,
2.05167,h,Spot,7,Untracked,1000007045,7504,
2.05167,h,Spot,7,Untracked,1000000108,7505,
2.05167,h,Spot,7,Untracked,1000000107,7506,
2.05167,h,Spot,7,Untracked,1000000114,7507,
2.05167,h,Spot,7,Untracked,1000000115,7508,
2.05167,h,Spot,7,Untracked,1000000116,7509,
2.05167,h,Spot,7,Untracked,1000000020,7510,
2.05167,h,Spot,7,Tracked,1000000124,7511,
2.05167,h,Spot,7,Tracked,1000000128,7512,
2.05167,h,Spot,7,Tracked,1000000125,7513,
2.05167,h,Spot,7,Tracked,1000000126,7514,
2.05167,h,Spot,7,Untracked,1000000127,7515,
2.05167,h,Spot,7,Tracked,1000000130,7516,
2.05167,h,Spot,7,Tracked,1000000131,7517,
2.05167,h,Spot,7,Tracked,1000000133,7518,
2.05167,h,Spot,7,Tracked,1000000023,7519,
2.05167,h,Spot,7,Tracked,1000000134,7520,
2.05167,h,Spot,7,Tracked,1000000137,7521,
2.05167,h,Spot,7,Tracked,1000000139,7522,
2.05167,h,Spot,7,Tracked,1000000135,7523,
2.05167,h,Spot,7,Tracked,1000006777,7524,
2.05167,h,Spot,7,Tracked,1000000140,7525,
2.05167,h,Spot,7,Tracked,1000000191,7526,
2.05167,h,Spot,7,Tracked,1000000145,7527,
2.05167,h,Spot,7,Untracked,1000007169,7528,
2.05167,h,Spot,7,Untracked,1000007308,7529,
2.05167,h,Spot,7,Untracked,1000000034,7530,
2.05167,h,Spot,7,Untracked,1000000037,7531,
2.05167,h,Spot,7,Untracked,1000000152,7532,
2.05167,h,Spot,7,Untracked,1000007066,7533,
2.05167,h,Spot,7,Untracked,1000000151,7534,
2.05167,h,Spot,7,Untracked,1000000156,7535,
2.05167,h,Spot,7,Untracked,1000007223,7536,
2.05167,h,Spot,7,Untracked,1000000159,7537,
2.05167,h,Spot,7,Untracked,1000000155,7538,
2.05167,h,Spot,7,Untracked,1000000161,7539,
2.05167,h,Spot,7,Untracked,1000000163,7540,
2.05167,h,Spot,7,Tracked,1000000051,7541,
2.05167,h,Spot,7,,1000000172,7542,
2.05167,h,Spot,7,Tracked,1000007388,7543,
2.05167,h,Spot,7,Tracked,1000006970,7544,
2.05167,h,Spot,7,Tracked,1000000216,7545,
2.05167,h,Spot,7,Tracked,1000006791,7546,
2.05167,h,Spot,7,Tracked,1000000218,7547,
2.05167,h,Spot,7,Tracked,1000007548,7548,
2.05167,h,Spot,7,Tracked,1000007234,7549,
2.05167,h,Spot,7,Tracked,1000000309,7550,
2.05167,h,Spot,7,Untracked,1000000068,7551,
2.05167,h,Spot,7,Untracked,1000006735,7552,
2.05167,h,Spot,7,Untracked,1000000066,7553,
2.05167,h,Spot,7,Untracked,1000000072,7554,
2.05167,h,Spot,7,Untracked,1000000071,7555,
2.05167,h,Spot,7,Untracked,1000006939,7556,
2.05167,h,Spot,7,Untracked,1000000201,7557,
2.05167,h,Spot,7,Untracked,1000000205,7558,
2.05167,h,Spot,7,Untracked,1000007405,7559,
2.05167,h,Spot,7,Untracked,1000000212,7560,
2.05167,h,Spot,7,Tracked,1000000217,7561,
2.05167,h,Spot,7,Untracked,1000000219,7562,
2.05167,h,Spot,7,Untracked,1000007563,7563,
2.05167,h,Spot,7,,1000007250,7564,
2.05167,h,Spot,7,Untracked,1000000092,7565,
2.05167,h,Spot,7,Untracked,1000000091,7566,
2.05167,h,Spot,7,Untracked,1000007412,7567,
2.05167,h,Spot,7,,1000006955,7568,
2.05167,h,Spot,7,Untracked,1000000120,7569,
2.05167,h,Spot,7,Untracked,1000000121,7570,
2.05167,h,Spot,7,Untracked,1000006811,7571,
2.05167,h,Spot,7,Untracked,1000000254,7572,
2.05167,h,Spot,7,Untracked,1000000251,7573,
2.05167,h,Spot,7,Untracked,1000000123,7574,
2.05167,h,Spot,7,Untracked,1000007418,7575,
2.05167,h,Spot,7,Untracked,1000006961,7576,
2.05167,h,Spot,7,Untracked,1000007577,7577,
2.05167,h,Spot,7,Untracked,1000000268,7578,
2.05167,h,Spot,7,Untracked,1000000164,7579,
2.05167,h,Spot,7,Untracked,1000006820,7580,
2.05167,h,Spot,7,Untracked,1000000166,7581,
2.05167,h,Spot,7,Untracked,1000000284,7582,
2.05167,h,Spot,7,Untracked,1000000285,7583,
2.05167,h,Spot,7,Untracked,1000000289,7584,
2.05167,h,Spot,7,Untracked,1000007108,7585,
2.05167,h,Spot,7,Untracked,1000000203,7586,
2.05167,h,Spot,7,Untracked,1000000317,7587,
2.05167,h,Spot,7,Untracked,1000007275,7588,
2.05167,h,Spot,7,Untracked,1000000324,7589,
2.05167,h,Spot,7,Untracked,1000000325,7590,
2.05167,h,Spot,7,Untracked,1000007118,7591,
2.05167,h,Spot,7,Untracked,1000007104,7592,
2.05167,h,Spot,7,Untracked,1000007279,7593,
2.05167,h,Spot,7,Untracked,1000007594,7594,
2.05167,h,Spot,7,Untracked,1000000323,7595,
2.05167,h,Spot,7,Tracked,1000006624,7596,
2.05167,h,Spot,7,Tracked,1000006829,7597,
2.05167,h,Spot,7,Tracked,1000006651,7598,
2.05167,h,Spot,7,Tracked,1000006831,7599,
2.05167,h,Spot,7,Tracked,1000006677,7600,
2.05167,h,Spot,7,Tracked,1000007441,7601,
2.05167,h,Spot,7,Tracked,1000006703,7602,
2.39361,h,Spot,8,,1000006705,7603,
2.39361,h,Spot,8,,1000000003,7604,
2.39361,h,Spot,8,Untracked,1000000026,7605,
2.39361,h,Spot,8,Untracked,1000000010,7606,
2.39361,h,Spot,8,Untracked,1000000011,7607,
2.39361,h,Spot,8,Tracked,1000007291,7608,
2.39361,h,Spot,8,Tracked,1000000016,7609,
2.39361,h,Spot,8,Untracked,1000000018,7610,
2.39361,h,Spot,8,Tracked,1000000021,7611,
2.39361,h,Spot,8,Tracked,1000000022,7612,
2.39361,h,Spot,8,Tracked,1000000023,7613,
2.39361,h,Spot,8,Untracked,1000006997,7614,
2.39361,h,Spot,8,Untracked,1000000024,7615,
2.39361,h,Spot,8,Untracked,1000007302,7616,
2.39361,h,Spot,8,Untracked,1000000028,7617,
2.39361,h,Spot,8,Untracked,1000006716,7618,
2.39361,h,Spot,8,Untracked,1000000027,7619,
2.39361,h,Spot,8,Untracked,1000000031,7620,
2.39361,h,Spot,8,Tracked,1000000041,7621,
2.39361,h,Spot,8,Untracked,1000000042,7622,
2.39361,h,Spot,8,Tracked,1000006858,7623,
2.39361,h,Spot,8,Tracked,1000000045,7624,
2.39361,h,Spot,8,Tracked,1000000046,7625,
2.39361,h,Spot,8,Untracked,1000000044,7626,
2.39361,h,Spot,8,Untracked,1000000047,7627,
2.39361,h,Spot,8,Untracked,1000000048,7628,
2.39361,h,Spot,8,Tracked,1000000051,7629,
2.39361,h,Spot,8,Tracked,1000000052,7630,
2.39361,h,Spot,8,Tracked,1000000054,7631,
2.39361,h,Spot,8,Tracked,1000000053,7632,
2.39361,h,Spot,8,Tracked,1000000178,7633,
2.39361,h,Spot,8,Tracked,1000000179,7634,
2.39361,h,Spot,8,Tracked,1000007162,7635,
2.39361,h,Spot,8,Tracked,1000000056,7636,
2.39361,h,Spot,8,Untracked,1000000061,7637,
2.39361,h,Spot,8,Untracked,1000007325,7638,
2.39361,h,Spot,8,Untracked,1000000063,7639,
2.39361,h,Spot,8,Untracked,1000007484,7640,
2.39361,h,Spot,8,,1000000073,7641,
2.39361,h,Spot,8,Untracked,1000007642,7642,
2.39361,h,Spot,8,Tracked,1000007486,7643,
2.39361,h,Spot,8,,1000007172,7644,
2.39361,h,Spot,8,,1000000082,7645,
2.39361,h,Spot,8,,1000007174,7646,
2.39361,h,Spot,8,,1000000084,7647,
2.39361,h,Spot,8,,1000006881,7648,
2.39361,h,Spot,8,,1000007250,7649,
2.39361,h,Spot,8,Untracked,1000000088,7650,
2.39361,h,Spot,8,Untracked,1000000089,7651,
2.39361,h,Spot,8,Untracked,1000000092,7652,
2.39361,h,Spot,8,Tracked,1000000094,7653,
2.39361,h,Spot,8,Tracked,1000000102,7654,
2.39361,h,Spot,8,Untracked,1000000096,7655,
2.39361,h,Spot,8,,1000007036,7656,
2.39361,h,Spot,8,Tracked,1000000105,7657,
2.39361,h,Spot,8,Untracked,1000000012,7658,
2.39361,h,Spot,8,Untracked,1000000013,7659,
2.39361,h,Spot,8,Untracked,1000000014,7660,
2.39361,h,Spot,8,Untracked,1000000106,7661,
2.39361,h,Spot,8,Untracked,1000007189,7662,
2.39361,h,Spot,8,Untracked,1000000112,7663,
2.39361,h,Spot,8,Untracked,1000000111,7664,
2.39361,h,Spot,8,Untracked,1000000107,7665,
2.39361,h,Spot,8,Untracked,1000000108,7666,
2.39361,h,Spot,8,Untracked,1000000114,7667,
2.39361,h,Spot,8,Untracked,1000000115,7668,
2.39361,h,Spot,8,Untracked,1000000122,7669,
2.39361,h,Spot,8,Untracked,1000000116,7670,
2.39361,h,Spot,8,Tracked,1000000124,7671,
2.39361,h,Spot,8,Untracked,1000000020,7672,
2.39361,h,Spot,8,Tracked,1000000128,7673,
2.39361,h,Spot,8,Tracked,1000000125,7674,
2.39361,h,Spot,8,Tracked,1000000126,7675,
2.39361,h,Spot,8,Untracked,1000000127,7676,
2.39361,h,Spot,8,Tracked,1000000130,7677,
2.39361,h,Spot,8,Tracked,1000000131,7678,
2.39361,h,Spot,8,Tracked,1000000005,7679,
2.39361,h,Spot,8,Tracked,1000000133,7680,
2.39361,h,Spot,8,Tracked,1000000137,7681,
2.39361,h,Spot,8,Tracked,1000000134,7682,
2.39361,h,Spot,8,Tracked,1000006777,7683,
2.39361,h,Spot,8,Tracked,1000000139,7684,
2.39361,h,Spot,8,Tracked,1000000135,7685,
2.39361,h,Spot,8,Tracked,1000000145,7686,
2.39361,h,Spot,8,Untracked,1000000038,7687,
2.39361,h,Spot,8,Untracked,1000000029,7688,
2.39361,h,Spot,8,Untracked,1000007005,7689,
2.39361,h,Spot,8,Untracked,1000000030,7690,
2.39361,h,Spot,8,Untracked,1000000033,7691,
2.39361,h,Spot,8,Untracked,1000007169,7692,
2.39361,h,Spot,8,Untracked,1000007308,7693,
2.39361,h,Spot,8,Untracked,1000000037,7694,
2.39361,h,Spot,8,Untracked,1000000034,7695,
2.39361,h,Spot,8,Untracked,1000007066,7696,
2.39361,h,Spot,8,Untracked,1000007045,7697,
2.39361,h,Spot,8,Untracked,1000000151,7698,
2.39361,h,Spot,8,Untracked,1000000156,7699,
2.39361,h,Spot,8,Untracked,1000007700,7700,
2.39361,h,Spot,8,Untracked,1000000155,7701,
2.39361,h,Spot,8,Untracked,1000000159,7702,
2.39361,h,Spot,8,Untracked,1000007703,7703,
2.39361,h,Spot,8,Untracked,1000007223,7704,
2.39361,h,Spot,8,Untracked,1000007705,7705,
2.39361,h,Spot,8,Untracked,1000000163,7706,
2.39361,h,Spot,8,Untracked,1000000161,7707,
2.39361,h,Spot,8,,1000000172,7708,
2.39361,h,Spot,8,Tracked,1000007548,7709,
2.39361,h,Spot,8,Untracked,1000000175,7710,
2.39361,h,Spot,8,Tracked,1000006970,7711,
2.39361,h,Spot,8,Tracked,1000000191,7712,
2.39361,h,Spot,8,Tracked,1000007713,7713,
2.39361,h,Spot,8,Tracked,1000006791,7714,
2.39361,h,Spot,8,Tracked,1000000218,7715,
2.39361,h,Spot,8,Tracked,1000007234,7716,
2.39361,h,Spot,8,Tracked,1000000309,7717,
2.39361,h,Spot,8,Untracked,1000000064,7718,
2.39361,h,Spot,8,Untracked,1000000068,7719,
2.39361,h,Spot,8,Untracked,1000006735,7720,
2.39361,h,Spot,8,Untracked,1000000066,7721,
2.39361,h,Spot,8,Untracked,1000000071,7722,
2.39361,h,Spot,8,Untracked,1000000072,7723,
2.39361,h,Spot,8,Untracked,1000007088,7724,
2.39361,h,Spot,8,Untracked,1000006939,7725,
2.39361,h,Spot,8,Untracked,1000000201,7726,
2.39361,h,Spot,8,Untracked,1000007727,7727,
2.39361,h,Spot,8,Untracked,1000000067,7728,
2.39361,h,Spot,8,Untracked,1000000205,7729,
2.39361,h,Spot,8,Untracked,1000007405,7730,
2.39361,h,Spot,8,Untracked,1000000212,7731,
2.39361,h,Spot,8,Tracked,1000000216,7732,
2.39361,h,Spot,8,Tracked,1000000217,7733,
2.39361,h,Spot,8,Tracked,1000007734,7734,
2.39361,h,Spot,8,Untracked,1000000219,7735,
2.39361,h,Spot,8,Untracked,1000007563,7736,
2.39361,h,Spot,8,Untracked,1000007737,7737,
2.39361,h,Spot,8,,1000007337,7738,
2.39361,h,Spot,8,,1000007410,7739,
2.39361,h,Spot,8,Untracked,1000000091,7740,
2.39361,h,Spot,8,Untracked,1000007412,7741,
2.39361,h,Spot,8,,1000007742,7742,
2.39361,h,Spot,8,,1000006955,7743,
2.39361,h,Spot,8,,1000007744,7744,
2.39361,h,Spot,8,Untracked,1000000120,7745,
2.39361,h,Spot,8,Untracked,1000000121,7746,
2.39361,h,Spot,8,Untracked,1000006811,7747,
2.39361,h,Spot,8,Untracked,1000000123,7748,
2.39361,h,Spot,8,Untracked,1000000254,7749,
2.39361,h,Spot,8,Untracked,1000000251,7750,
2.39361,h,Spot,8,Untracked,1000007418,7751,
2.39361,h,Spot,8,Untracked,1000007577,7752,
2.39361,h,Spot,8,Untracked,1000006961,7753,
2.39361,h,Spot,8,Tracked,1000007754,7754,
2.39361,h,Spot,8,Untracked,1000007755,7755,
2.39361,h,Spot,8,Untracked,1000000268,7756,
2.39361,h,Spot,8,Tracked,1000007757,7757,
2.39361,h,Spot,8,Untracked,1000000166,7758,
2.39361,h,Spot,8,Untracked,1000000164,7759,
2.39361,h,Spot,8,Untracked,1000000284,7760,
2.39361,h,Spot,8,Untracked,1000007761,7761,
2.39361,h,Spot,8,Untracked,1000000285,7762,
2.39361,h,Spot,8,Untracked,1000000289,7763,
2.39361,h,Spot,8,Untracked,1000007108,7764,
2.39361,h,Spot,8,Untracked,1000007765,7765,
2.39361,h,Spot,8,Untracked,1000000203,7766,
2.39361,h,Spot,8,Untracked,1000006820,7767,
2.39361,h,Spot,8,Untracked,1000000317,7768,
2.39361,h,Spot,8,Untracked,1000000324,7769,
2.39361,h,Spot,8,Untracked,1000000325,7770,
2.39361,h,Spot,8,Untracked,1000007275,7771,
2.39361,h,Spot,8,Untracked,1000007104,7772,
2.39361,h,Spot,8,Untracked,1000007118,7773,
2.39361,h,Spot,8,Untracked,1000007279,7774,
2.39361,h,Spot,8,Untracked,1000000323,7775,
2.39361,h,Spot,8,Untracked,1000007594,7776,
2.39361,h,Spot,8,Untracked,1000000379,7777,
2.39361,h,Spot,8,Tracked,1000006624,7778,
2.39361,h,Spot,8,Tracked,1000006829,7779,
2.39361,h,Spot,8,Tracked,1000006651,7780,
2.39361,h,Spot,8,Tracked,1000006831,7781,
2.39361,h,Spot,8,Tracked,1000006677,7782,
2.39361,h,Spot,8,Tracked,1000007441,7783,
2.39361,h,Spot,8,Tracked,1000006703,7784,
2.73556,h,Spot,9,,1000006705,7785,
2.73556,h,Spot,9,,1000000003,7786,
2.73556,h,Spot,9,Untracked,1000000010,7787,
2.73556,h,Spot,9,Untracked,1000000012,7788,
2.73556,h,Spot,9,Untracked,1000000011,7789,
2.73556,h,Spot,9,Tracked,1000000016,7790,
2.73556,h,Spot,9,Untracked,1000000018,7791,
2.73556,h,Spot,9,Tracked,1000000021,7792,
2.73556,h,Spot,9,Tracked,1000000022,7793,
2.73556,h,Spot,9,Tracked,1000000133,7794,
2.73556,h,Spot,9,Tracked,1000000023,7795,
2.73556,h,Spot,9,Tracked,1000000139,7796,
2.73556,h,Spot,9,Untracked,1000000024,7797,
2.73556,h,Spot,9,Untracked,1000000026,7798,
2.73556,h,Spot,9,Untracked,1000007302,7799,
2.73556,h,Spot,9,Untracked,1000000028,7800,
2.73556,h,Spot,9,Untracked,1000006716,7801,
2.73556,h,Spot,9,Untracked,1000000027,7802,
2.73556,h,Spot,9,Untracked,1000000031,7803,
2.73556,h,Spot,9,Tracked,1000000041,7804,
2.73556,h,Spot,9,Untracked,1000000042,7805,
2.73556,h,Spot,9,Tracked,1000006858,7806,
2.73556,h,Spot,9,Tracked,1000000045,7807,
2.73556,h,Spot,9,Tracked,1000000046,7808,
2.73556,h,Spot,9,Untracked,1000000044,7809,
2.73556,h,Spot,9,Untracked,1000000048,7810,
2.73556,h,Spot,9,Untracked,1000000047,7811,
2.73556,h,Spot,9,Tracked,1000000051,7812,
2.73556,h,Spot,9,Tracked,1000000052,7813,
2.73556,h,Spot,9,Tracked,1000000054,7814,
2.73556,h,Spot,9,Tracked,1000000053,7815,
2.73556,h,Spot,9,Tracked,1000000178,7816,
2.73556,h,Spot,9,Tracked,1000000179,7817,
2.73556,h,Spot,9,Tracked,1000000216,7818,
2.73556,h,Spot,9,Tracked,1000000056,7819,
2.73556,h,Spot,9,Untracked,1000000061,7820,
2.73556,h,Spot,9,Untracked,1000007325,7821,
2.73556,h,Spot,9,Untracked,1000000063,7822,
2.73556,h,Spot,9,,1000000073,7823,
2.73556,h,Spot,9,Untracked,1000007642,7824,
2.73556,h,Spot,9,Tracked,1000000217,7825,
2.73556,h,Spot,9,Tracked,1000007486,7826,
2.73556,h,Spot,9,,1000000082,7827,
2.73556,h,Spot,9,,1000006881,7828,
2.73556,h,Spot,9,,1000000084,7829,
2.73556,h,Spot,9,,1000007337,7830,
2.73556,h,Spot,9,Untracked,1000000088,7831,
2.73556,h,Spot,9,Untracked,1000000089,7832,
2.73556,h,Spot,9,Untracked,1000000092,7833,
2.73556,h,Spot,9,Tracked,1000000102,7834,
2.73556,h,Spot,9,Untracked,1000000096,7835,
2.73556,h,Spot,9,Tracked,1000000094,7836,
2.73556,h,Spot,9,,1000007036,7837,
2.73556,h,Spot,9,Tracked,1000000105,7838,
2.73556,h,Spot,9,Untracked,1000000013,7839,
2.73556,h,Spot,9,Untracked,1000000014,7840,
2.73556,h,Spot,9,Untracked,1000000106,7841,
2.73556,h,Spot,9,Untracked,1000000112,7842,
2.73556,h,Spot,9,Untracked,1000007189,7843,
2.73556,h,Spot,9,Untracked,1000000111,7844,
2.73556,h,Spot,9,Untracked,1000000108,7845,
2.73556,h,Spot,9,Untracked,1000000107,7846,
2.73556,h,Spot,9,Untracked,1000000114,7847,
2.73556,h,Spot,9,Untracked,1000000115,7848,
2.73556,h,Spot,9,Tracked,1000000124,7849,
2.73556,h,Spot,9,Untracked,1000000020,7850,
2.73556,h,Spot,9,Tracked,1000000128,7851,
2.73556,h,Spot,9,Tracked,1000000126,7852,
2.73556,h,Spot,9,Tracked,1000000125,7853,
2.73556,h,Spot,9,Untracked,1000000127,7854,
2.73556,h,Spot,9,Tracked,1000000130,7855,
2.73556,h,Spot,9,Tracked,1000007856,7856,
2.73556,h,Spot,9,Tracked,1000000131,7857,
2.73556,h,Spot,9,Tracked,1000000005,7858,
2.73556,h,Spot,9,Tracked,1000000137,7859,
2.73556,h,Spot,9,Tracked,1000000134,7860,
2.73556,h,Spot,9,Tracked,1000006777,7861,
2.73556,h,Spot,9,Tracked,1000000135,7862,
2.73556,h,Spot,9,Tracked,1000000140,7863,
2.73556,h,Spot,9,Tracked,1000007864,7864,
2.73556,h,Spot,9,Untracked,1000000029,7865,
2.73556,h,Spot,9,Untracked,1000000030,7866,
2.73556,h,Spot,9,Untracked,1000000033,7867,
2.73556,h,Spot,9,Untracked,1000007868,7868,
2.73556,h,Spot,9,Untracked,1000007005,7869,
2.73556,h,Spot,9,Untracked,1000007169,7870,
2.73556,h,Spot,9,Untracked,1000000037,7871,
2.73556,h,Spot,9,Untracked,1000000034,7872,
2.73556,h,Spot,9,Untracked,1000000152,7873,
2.73556,h,Spot,9,Untracked,1000007066,7874,
2.73556,h,Spot,9,Untracked,1000007700,7875,
2.73556,h,Spot,9,Untracked,1000007045,7876,
2.73556,h,Spot,9,Untracked,1000000151,7877,
2.73556,h,Spot,9,Untracked,1000000156,7878,
2.73556,h,Spot,9,Untracked,1000000155,7879,
2.73556,h,Spot,9,Untracked,1000000159,7880,
2.73556,h,Spot,9,Untracked,1000007705,7881,
2.73556,h,Spot,9,Untracked,1000007223,7882,
2.73556,h,Spot,9,Untracked,1000000161,7883,
2.73556,h,Spot,9,Untracked,1000000163,7884,
2.73556,h,Spot,9,Untracked,1000007885,7885,
2.73556,h,Spot,9,,1000000172,7886,
2.73556,h,Spot,9,Tracked,1000007548,7887,
2.73556,h,Spot,9,Tracked,1000006970,7888,
2.73556,h,Spot,9,Tracked,1000000191,7889,
2.73556,h,Spot,9,Tracked,1000007713,7890,
2.73556,h,Spot,9,Tracked,1000000218,7891,
2.73556,h,Spot,9,Tracked,1000007892,7892,
2.73556,h,Spot,9,Tracked,1000006791,7893,
2.73556,h,Spot,9,Tracked,1000007894,7894,
2.73556,h,Spot,9,Tracked,1000007234,7895,
2.73556,h,Spot,9,Tracked,1000000309,7896,
2.73556,h,Spot,9,Untracked,1000000068,7897,
2.73556,h,Spot,9,Untracked,1000006735,7898,
2.73556,h,Spot,9,Untracked,1000000064,7899,
2.73556,h,Spot,9,Untracked,1000000066,7900,
2.73556,h,Spot,9,Untracked,1000000071,7901,
2.73556,h,Spot,9,Untracked,1000000201,7902,
2.73556,h,Spot,9,Untracked,1000007727,7903,
2.73556,h,Spot,9,Untracked,1000000205,7904,
2.73556,h,Spot,9,Untracked,1000007405,7905,
2.73556,h,Spot,9,Untracked,1000000212,7906,
2.73556,h,Spot,9,Untracked,1000000219,7907,
2.73556,h,Spot,9,,1000007250,7908,
2.73556,h,Spot,9,Untracked,1000007909,7909,
2.73556,h,Spot,9,Untracked,1000007412,7910,
2.73556,h,Spot,9,Untracked,1000000091,7911,
2.73556,h,Spot,9,,1000007742,7912,
2.73556,h,Spot,9,,1000006955,7913,
2.73556,h,Spot,9,,1000007744,7914,
2.73556,h,Spot,9,Untracked,1000007915,7915,
2.73556,h,Spot,9,Untracked,1000000116,7916,
2.73556,h,Spot,9,Untracked,1000000120,7917,
2.73556,h,Spot,9,Untracked,1000000121,7918,
2.73556,h,Spot,9,Untracked,1000006811,7919,
2.73556,h,Spot,9,Untracked,1000000123,7920,
2.73556,h,Spot,9,Untracked,1000000251,7921,
2.73556,h,Spot,9,Untracked,1000006961,7922,
2.73556,h,Spot,9,Untracked,1000007577,7923,
2.73556,h,Spot,9,Tracked,1000007754,7924,
2.73556,h,Spot,9,Untracked,1000000268,7925,
2.73556,h,Spot,9,Tracked,1000007757,7926,
2.73556,h,Spot,9,Untracked,1000006820,7927,
2.73556,h,Spot,9,Untracked,1000000166,7928,
2.73556,h,Spot,9,Untracked,1000000164,7929,
2.73556,h,Spot,9,Untracked,1000000285,7930,
2.73556,h,Spot,9,Untracked,1000000284,7931,
2.73556,h,Spot,9,Untracked,1000007108,7932,
2.73556,h,Spot,9,Untracked,1000000317,7933,
2.73556,h,Spot,9,Untracked,1000007275,7934,
2.73556,h,Spot,9,Untracked,1000000325,7935,
2.73556,h,Spot,9,Untracked,1000000324,7936,
2.73556,h,Spot,9,Untracked,1000007118,7937,
2.73556,h,Spot,9,Untracked,1000007104,7938,
2.73556,h,Spot,9,Untracked,1000007279,7939,
2.73556,h,Spot,9,Untracked,1000000323,7940,
2.73556,h,Spot,9,Untracked,1000007594,7941,
2.73556,h,Spot,9,Untracked,1000000379,7942,
2.73556,h,Spot,9,Tracked,1000006624,7943,
2.73556,h,Spot,9,Tracked,1000006829,7944,
2.73556,h,Spot,9,Tracked,1000006651,7945,
2.73556,h,Spot,9,Tracked,1000006831,7946,
2.73556,h,Spot,9,Tracked,1000006677,7947,
2.73556,h,Spot,9,Tracked,1000007441,7948,
3.0775,h,Spot,10,,1000006705,7949,
3.0775,h,Spot,10,,1000000003,7950,
3.0775,h,Spot,10,Untracked,1000000026,7951,
3.0775,h,Spot,10,Untracked,1000000010,7952,
3.0775,h,Spot,10,Untracked,1000000011,7953,
3.0775,h,Spot,10,Tracked,1000007291,7954,
3.0775,h,Spot,10,Tracked,1000000016,7955,
3.0775,h,Spot,10,Tracked,1000000021,7956,
3.0775,h,Spot,10,Untracked,1000000018,7957,
3.0775,h,Spot,10,Tracked,1000000022,7958,
3.0775,h,Spot,10,Tracked,1000000023,7959,
3.0775,h,Spot,10,Untracked,1000000024,7960,
3.0775,h,Spot,10,Untracked,1000000028,7961,
3.0775,h,Spot,10,Untracked,1000007302,7962,
3.0775,h,Spot,10,Untracked,1000006716,7963,
3.0775,h,Spot,10,Untracked,1000000027,7964,
3.0775,h,Spot,10,Tracked,1000000041,7965,
3.0775,h,Spot,10,,1000000073,7966,
3.0775,h,Spot,10,Tracked,1000006858,7967,
3.0775,h,Spot,10,Untracked,1000000042,7968,
3.0775,h,Spot,10,Tracked,1000000046,7969,
3.0775,h,Spot,10,Untracked,1000000044,7970,
3.0775,h,Spot,10,Tracked,1000000045,7971,
3.0775,h,Spot,10,Tracked,1000000051,7972,
3.0775,h,Spot,10,Untracked,1000000048,7973,
3.0775,h,Spot,10,Untracked,1000000047,7974,
3.0775,h,Spot,10,Tracked,1000000052,7975,
3.0775,h,Spot,10,Tracked,1000000053,7976,
3.0775,h,Spot,10,Tracked,1000000054,7977,
3.0775,h,Spot,10,Tracked,1000000179,7978,
3.0775,h,Spot,10,Tracked,1000000178,7979,
3.0775,h,Spot,10,Tracked,1000000056,7980,
3.0775,h,Spot,10,Untracked,1000000061,7981,
3.0775,h,Spot,10,Untracked,1000000063,7982,
3.0775,h,Spot,10,Untracked,1000007325,7983,
3.0775,h,Spot,10,Untracked,1000007642,7984,
3.0775,h,Spot,10,Tracked,1000007486,7985,
3.0775,h,Spot,10,,1000000082,7986,
3.0775,h,Spot,10,,1000006881,7987,
3.0775,h,Spot,10,,1000000084,7988,
3.0775,h,Spot,10,Untracked,1000000088,7989,
3.0775,h,Spot,10,Untracked,1000000089,7990,
3.0775,h,Spot,10,,1000007036,7991,
3.0775,h,Spot,10,Tracked,1000000102,7992,
3.0775,h,Spot,10,Untracked,1000000096,7993,
3.0775,h,Spot,10,Tracked,1000000005,7994,
3.0775,h,Spot,10,Tracked,1000000105,7995,
3.0775,h,Spot,10,Untracked,1000000013,7996,
3.0775,h,Spot,10,Untracked,1000000014,7997,
3.0775,h,Spot,10,Untracked,1000000106,7998,
3.0775,h,Spot,10,Untracked,1000007189,7999,
3.0775,h,Spot,10,Untracked,1000000112,8000,
3.0775,h,Spot,10,Untracked,1000007045,8001,
3.0775,h,Spot,10,Untracked,1000000111,8002,
3.0775,h,Spot,10,Untracked,1000000108,8003,
3.0775,h,Spot,10,Untracked,1000000107,8004,
3.0775,h,Spot,10,Untracked,1000000115,8005,
3.0775,h,Spot,10,Untracked,1000000114,8006,
3.0775,h,Spot,10,Untracked,1000000116,8007,
3.0775,h,Spot,10,Tracked,1000000124,8008,
3.0775,h,Spot,10,Untracked,1000000020,8009,
3.0775,h,Spot,10,Tracked,1000000125,8010,
3.0775,h,Spot,10,Tracked,1000000128,8011,
3.0775,h,Spot,10,Tracked,1000000126,8012,
3.0775,h,Spot,10,Untracked,1000000127,8013,
3.0775,h,Spot,10,Tracked,1000007856,8014,
3.0775,h,Spot,10,Tracked,1000000130,8015,
3.0775,h,Spot,10,Tracked,1000000131,8016,
3.0775,h,Spot,10,Tracked,1000000133,8017,
3.0775,h,Spot,10,Tracked,1000000137,8018,
3.0775,h,Spot,10,Tracked,1000006777,8019,
3.0775,h,Spot,10,Tracked,1000000139,8020,
3.0775,h,Spot,10,Tracked,1000000191,8021,
3.0775,h,Spot,10,Tracked,1000000134,8022,
3.0775,h,Spot,10,Tracked,1000000135,8023,
3.0775,h,Spot,10,Tracked,1000000140,8024,
3.0775,h,Spot,10,Tracked,1000007864,8025,
3.0775,h,Spot,10,Untracked,1000000031,8026,
3.0775,h,Spot,10,Untracked,1000000029,8027,
3.0775,h,Spot,10,Untracked,1000000033,8028,
3.0775,h,Spot,10,Untracked,1000007868,8029,
3.0775,h,Spot,10,Untracked,1000000038,8030,
3.0775,h,Spot,10,Untracked,1000007005,8031,
3.0775,h,Spot,10,Untracked,1000000030,8032,
3.0775,h,Spot,10,Untracked,1000007169,8033,
3.0775,h,Spot,10,Untracked,1000000037,8034,
3.0775,h,Spot,10,Untracked,1000000034,8035,
3.0775,h,Spot,10,Untracked,1000007066,8036,
3.0775,h,Spot,10,Untracked,1000000152,8037,
3.0775,h,Spot,10,Untracked,1000000151,8038,
3.0775,h,Spot,10,Untracked,1000000156,8039,
3.0775,h,Spot,10,Untracked,1000000155,8040,
3.0775,h,Spot,10,Untracked,1000007727,8041,
3.0775,h,Spot,10,Untracked,1000000161,8042,
3.0775,h,Spot,10,Untracked,1000000159,8043,
3.0775,h,Spot,10,Untracked,1000007705,8044,
3.0775,h,Spot,10,Untracked,1000007223,8045,
3.0775,h,Spot,10,Untracked,1000007703,8046,
3.0775,h,Spot,10,Untracked,1000000163,8047,
3.0775,h,Spot,10,,1000000172,8048,
3.0775,h,Spot,10,Tracked,1000007548,8049,
3.0775,h,Spot,10,Tracked,1000006970,8050,
3.0775,h,Spot,10,Untracked,1000000175,8051,
3.0775,h,Spot,10,Tracked,1000000216,8052,
3.0775,h,Spot,10,Tracked,1000006791,8053,
3.0775,h,Spot,10,Tracked,1000007713,8054,
3.0775,h,Spot,10,Tracked,1000007234,8055,
3.0775,h,Spot,10,Tracked,1000007894,8056,
3.0775,h,Spot,10,Tracked,1000000309,8057,
3.0775,h,Spot,10,Untracked,1000000064,8058,
3.0775,h,Spot,10,Untracked,1000000068,8059,
3.0775,h,Spot,10,Untracked,1000006735,8060,
3.0775,h,Spot,10,Untracked,1000000066,8061,
3.0775,h,Spot,10,Untracked,1000000071,8062,
3.0775,h,Spot,10,Untracked,1000007088,8063,
3.0775,h,Spot,10,Untracked,1000000072,8064,
3.0775,h,Spot,10,Untracked,1000000201,8065,
3.0775,h,Spot,10,Untracked,1000000067,8066,
3.0775,h,Spot,10,Untracked,1000000205,8067,
3.0775,h,Spot,10,Untracked,1000007405,8068,
3.0775,h,Spot,10,Untracked,1000000212,8069,
3.0775,h,Spot,10,Tracked,1000000217,8070,
3.0775,h,Spot,10,Tracked,1000007734,8071,
3.0775,h,Spot,10,Untracked,1000007737,8072,
3.0775,h,Spot,10,,1000007337,8073,
3.0775,h,Spot,10,,1000008074,8074,
3.0775,h,Spot,10,Untracked,1000000092,8075,
3.0775,h,Spot,10,Untracked,1000007909,8076,
3.0775,h,Spot,10,Untracked,1000000091,8077,
3.0775,h,Spot,10,,1000007742,8078,
3.0775,h,Spot,10,,1000006955,8079,
3.0775,h,Spot,10,Untracked,1000000120,8080,
3.0775,h,Spot,10,Untracked,1000007915,8081,
3.0775,h,Spot,10,Untracked,1000000121,8082,
3.0775,h,Spot,10,Untracked,1000000254,8083,
3.0775,h,Spot,10,Untracked,1000000251,8084,
3.0775,h,Spot,10,Untracked,1000006811,8085,
3.0775,h,Spot,10,Untracked,1000007418,8086,
3.0775,h,Spot,10,Untracked,1000007577,8087,
3.0775,h,Spot,10,Untracked,1000006961,8088,
3.0775,h,Spot,10,Untracked,1000007755,8089,
3.0775,h,Spot,10,Untracked,1000000268,8090,
3.0775,h,Spot,10,Untracked,1000000166,8091,
3.0775,h,Spot,10,Untracked,1000006820,8092,
3.0775,h,Spot,10,Untracked,1000000164,8093,
3.0775,h,Spot,10,Untracked,1000000284,8094,
3.0775,h,Spot,10,Untracked,1000007761,8095,
3.0775,h,Spot,10,Untracked,1000000285,8096,
3.0775,h,Spot,10,Untracked,1000007108,8097,
3.0775,h,Spot,10,Untracked,1000007765,8098,
3.0775,h,Spot,10,Untracked,1000008099,8099,
3.0775,h,Spot,10,Untracked,1000000317,8100,
3.0775,h,Spot,10,Untracked,1000007275,8101,
3.0775,h,Spot,10,Untracked,1000000325,8102,
3.0775,h,Spot,10,Untracked,1000000324,8103,
3.0775,h,Spot,10,Untracked,1000007104,8104,
3.0775,h,Spot,10,Untracked,1000007118,8105,
3.0775,h,Spot,10,Untracked,1000007279,8106,
3.0775,h,Spot,10,Untracked,1000007594,8107,
3.0775,h,Spot,10,Untracked,1000000323,8108,
3.0775,h,Spot,10,Untracked,1000000379,8109,
3.0775,h,Spot,10,Tracked,1000006624,8110,
3.0775,h,Spot,10,Tracked,1000006829,8111,
3.0775,h,Spot,10,Tracked,1000006651,8112,
3.0775,h,Spot,10,Tracked,1000006831,8113,
3.0775,h,Spot,10,Tracked,1000006677,8114,
3.0775,h,Spot,10,Tracked,1000007441,8115,
3.0775,h,Spot,10,Tracked,1000006703,8116,
3.41944,h,Spot,11,,1000006705,8117,
3.41944,h,Spot,11,,1000000003,8118,
3.41944,h,Spot,11,Untracked,1000008119,8119,
3.41944,h,Spot,11,Untracked,1000000010,8120,
3.41944,h,Spot,11,Untracked,1000000011,8121,
3.41944,h,Spot,11,Tracked,1000000016,8122,
3.41944,h,Spot,11,Untracked,1000000018,8123,
3.41944,h,Spot,11,Tracked,1000000021,8124,
3.41944,h,Spot,11,Tracked,1000000022,8125,
3.41944,h,Spot,11,Tracked,1000000023,8126,
3.41944,h,Spot,11,Tracked,1000000133,8127,
3.41944,h,Spot,11,Tracked,1000000134,8128,
3.41944,h,Spot,11,Untracked,1000008129,8129,
3.41944,h,Spot,11,Untracked,1000000026,8130,
3.41944,h,Spot,11,Untracked,1000000024,8131,
3.41944,h,Spot,11,Untracked,1000000028,8132,
3.41944,h,Spot,11,Untracked,1000000027,8133,
3.41944,h,Spot,11,Untracked,1000007302,8134,
3.41944,h,Spot,11,Untracked,1000006716,8135,
3.41944,h,Spot,11,Untracked,1000000031,8136,
3.41944,h,Spot,11,Tracked,1000000041,8137,
3.41944,h,Spot,11,,1000000073,8138,
3.41944,h,Spot,11,Untracked,1000000042,8139,
3.41944,h,Spot,11,Tracked,1000006858,8140,
3.41944,h,Spot,11,Tracked,1000000046,8141,
3.41944,h,Spot,11,Tracked,1000000045,8142,
3.41944,h,Spot,11,Untracked,1000000044,8143,
3.41944,h,Spot,11,Untracked,1000000047,8144,
3.41944,h,Spot,11,Tracked,1000000051,8145,
3.41944,h,Spot,11,Untracked,1000000048,8146,
3.41944,h,Spot,11,Tracked,1000000052,8147,
3.41944,h,Spot,11,Tracked,1000000054,8148,
3.41944,h,Spot,11,Tracked,1000000053,8149,
3.41944,h,Spot,11,Tracked,1000000178,8150,
3.41944,h,Spot,11,Tracked,1000000179,8151,
3.41944,h,Spot,11,Tracked,1000008152,8152,
3.41944,h,Spot,11,Tracked,1000000056,8153,
3.41944,h,Spot,11,Untracked,1000000061,8154,
3.41944,h,Spot,11,Untracked,1000000063,8155,
3.41944,h,Spot,11,Untracked,1000007325,8156,
3.41944,h,Spot,11,Untracked,1000000068,8157,
3.41944,h,Spot,11,Untracked,1000007642,8158,
3.41944,h,Spot,11,Tracked,1000007486,8159,
3.41944,h,Spot,11,,1000000082,8160,
3.41944,h,Spot,11,,1000006881,8161,
3.41944,h,Spot,11,Untracked,1000000088,8162,
3.41944,h,Spot,11,Tracked,1000000102,8163,
3.41944,h,Spot,11,,1000007036,8164,
3.41944,h,Spot,11,Untracked,1000000096,8165,
3.41944,h,Spot,11,Tracked,1000000105,8166,
3.41944,h,Spot,11,Untracked,1000000012,8167,
3.41944,h,Spot,11,Untracked,1000000013,8168,
3.41944,h,Spot,11,Untracked,1000000106,8169,
3.41944,h,Spot,11,Untracked,1000007189,8170,
3.41944,h,Spot,11,Untracked,1000000014,8171,
3.41944,h,Spot,11,Untracked,1000000112,8172,
3.41944,h,Spot,11,Untracked,1000000111,8173,
3.41944,h,Spot,11,Untracked,1000000108,8174,
3.41944,h,Spot,11,Untracked,1000000107,8175,
3.41944,h,Spot,11,Untracked,1000000115,8176,
3.41944,h,Spot,11,Untracked,1000000114,8177,
3.41944,h,Spot,11,Untracked,1000000116,8178,
3.41944,h,Spot,11,Untracked,1000000020,8179,
3.41944,h,Spot,11,Tracked,1000000124,8180,
3.41944,h,Spot,11,Tracked,1000000128,8181,
3.41944,h,Spot,11,Tracked,1000000125,8182,
3.41944,h,Spot,11,Tracked,1000000126,8183,
3.41944,h,Spot,11,Untracked,1000000127,8184,
3.41944,h,Spot,11,Tracked,1000000130,8185,
3.41944,h,Spot,11,Tracked,1000000131,8186,
3.41944,h,Spot,11,Tracked,1000000137,8187,
3.41944,h,Spot,11,Tracked,1000000191,8188,
3.41944,h,Spot,11,Tracked,1000000005,8189,
3.41944,h,Spot,11,Tracked,1000006777,8190,
3.41944,h,Spot,11,Tracked,1000000139,8191,
3.41944,h,Spot,11,Tracked,1000000135,8192,
3.41944,h,Spot,11,Tracked,1000000140,8193,
3.41944,h,Spot,11,Tracked,1000007864,8194,
3.41944,h,Spot,11,Untracked,1000008195,8195,
3.41944,h,Spot,11,Untracked,1000007868,8196,
3.41944,h,Spot,11,Untracked,1000000038,8197,
3.41944,h,Spot,11,Untracked,1000000029,8198,
3.41944,h,Spot,11,Untracked,1000000033,8199,
3.41944,h,Spot,11,Untracked,1000000030,8200,
3.41944,h,Spot,11,Untracked,1000007169,8201,
3.41944,h,Spot,11,Untracked,1000000037,8202,
3.41944,h,Spot,11,Untracked,1000000034,8203,
3.41944,h,Spot,11,Untracked,1000007066,8204,
3.41944,h,Spot,11,Untracked,1000000152,8205,
3.41944,h,Spot,11,Untracked,1000000151,8206,
3.41944,h,Spot,11,Untracked,1000000156,8207,
3.41944,h,Spot,11,Untracked,1000000155,8208,
3.41944,h,Spot,11,Untracked,1000007703,8209,
3.41944,h,Spot,11,Untracked,1000000159,8210,
3.41944,h,Spot,11,Untracked,1000007705,8211,
3.41944,h,Spot,11,Untracked,1000007223,8212,
3.41944,h,Spot,11,Untracked,1000007885,8213,
3.41944,h,Spot,11,,1000000172,8214,
3.41944,h,Spot,11,Tracked,1000008215,8215,
3.41944,h,Spot,11,Tracked,1000007548,8216,
3.41944,h,Spot,11,Tracked,1000006970,8217,
3.41944,h,Spot,11,Untracked,1000000175,8218,
3.41944,h,Spot,11,Tracked,1000000216,8219,
3.41944,h,Spot,11,Tracked,1000007892,8220,
3.41944,h,Spot,11,Tracked,1000007713,8221,
3.41944,h,Spot,11,Tracked,1000000217,8222,
3.41944,h,Spot,11,Tracked,1000006791,8223,
3.41944,h,Spot,11,Tracked,1000007894,8224,
3.41944,h,Spot,11,Tracked,1000007234,8225,
3.41944,h,Spot,11,Tracked,1000000309,8226,
3.41944,h,Spot,11,Tracked,1000008227,8227,
3.41944,h,Spot,11,Untracked,1000000064,8228,
3.41944,h,Spot,11,Untracked,1000006735,8229,
3.41944,h,Spot,11,Untracked,1000000066,8230,
3.41944,h,Spot,11,Untracked,1000007088,8231,
3.41944,h,Spot,11,Untracked,1000000071,8232,
3.41944,h,Spot,11,Untracked,1000000072,8233,
3.41944,h,Spot,11,Untracked,1000000201,8234,
3.41944,h,Spot,11,Untracked,1000000205,8235,
3.41944,h,Spot,11,Untracked,1000007405,8236,
3.41944,h,Spot,11,Untracked,1000000212,8237,
3.41944,h,Spot,11,Tracked,1000007734,8238,
3.41944,h,Spot,11,Untracked,1000000219,8239,
3.41944,h,Spot,11,,1000007337,8240,
3.41944,h,Spot,11,,1000000084,8241,
3.41944,h,Spot,11,Untracked,1000007909,8242,
3.41944,h,Spot,11,Untracked,1000000089,8243,
3.41944,h,Spot,11,Untracked,1000000092,8244,
3.41944,h,Spot,11,Untracked,1000000091,8245,
3.41944,h,Spot,11,,1000007742,8246,
3.41944,h,Spot,11,,1000006955,8247,
3.41944,h,Spot,11,Untracked,1000000120,8248,
3.41944,h,Spot,11,Untracked,1000000121,8249,
3.41944,h,Spot,11,Untracked,1000000251,8250,
3.41944,h,Spot,11,Untracked,1000006811,8251,
3.41944,h,Spot,11,Untracked,1000000268,8252,
3.41944,h,Spot,11,Untracked,1000000163,8253,
3.41944,h,Spot,11,Untracked,1000000161,8254,
3.41944,h,Spot,11,Untracked,1000000166,8255,
3.41944,h,Spot,11,Untracked,1000000164,8256,
3.41944,h,Spot,11,Untracked,1000000284,8257,
3.41944,h,Spot,11,Untracked,1000000285,8258,
3.41944,h,Spot,11,Untracked,1000007761,8259,
3.41944,h,Spot,11,Untracked,1000007108,8260,
3.41944,h,Spot,11,Tracked,1000008261,8261,
3.41944,h,Spot,11,Untracked,1000008262,8262,
3.41944,h,Spot,11,Untracked,1000000317,8263,
3.41944,h,Spot,11,Untracked,1000000325,8264,
3.41944,h,Spot,11,Untracked,1000007275,8265,
3.41944,h,Spot,11,Untracked,1000000324,8266,
3.41944,h,Spot,11,Untracked,1000008267,8267,
3.41944,h,Spot,11,Untracked,1000007577,8268,
3.41944,h,Spot,11,Untracked,1000006961,8269,
3.41944,h,Spot,11,Untracked,1000007594,8270,
3.41944,h,Spot,11,Untracked,1000000323,8271,
3.41944,h,Spot,11,Untracked,1000000379,8272,
3.41944,h,Spot,11,Tracked,1000006624,8273,
3.41944,h,Spot,11,Tracked,1000006829,8274,
3.41944,h,Spot,11,Tracked,1000006651,8275,
3.41944,h,Spot,11,Tracked,1000006831,8276,
3.41944,h,Spot,11,Tracked,1000006677,8277,
3.41944,h,Spot,11,Tracked,1000007441,8278,
3.41944,h,Spot,11,Tracked,1000006703,8279,
3.76139,h,Spot,12,,1000000003,8280,
3.76139,h,Spot,12,,1000006705,8281,
3.76139,h,Spot,12,Untracked,1000000026,8282,
3.76139,h,Spot,12,Untracked,1000000011,8283,
3.76139,h,Spot,12,Tracked,1000000021,8284,
3.76139,h,Spot,12,Untracked,1000000018,8285,
3.76139,h,Spot,12,Tracked,1000000022,8286,
3.76139,h,Spot,12,Tracked,1000006777,8287,
3.76139,h,Spot,12,Tracked,1000000023,8288,
3.76139,h,Spot,12,Tracked,1000000133,8289,
3.76139,h,Spot,12,Tracked,1000000137,8290,
3.76139,h,Spot,12,Untracked,1000000024,8291,
3.76139,h,Spot,12,Untracked,1000008129,8292,
3.76139,h,Spot,12,Untracked,1000000028,8293,
3.76139,h,Spot,12,Untracked,1000006716,8294,
3.76139,h,Spot,12,Untracked,1000000027,8295,
3.76139,h,Spot,12,Untracked,1000007302,8296,
3.76139,h,Spot,12,Untracked,1000000031,8297,
3.76139,h,Spot,12,Tracked,1000000041,8298,
3.76139,h,Spot,12,,1000000073,8299,
3.76139,h,Spot,12,Tracked,1000006858,8300,
3.76139,h,Spot,12,Tracked,1000000046,8301,
3.76139,h,Spot,12,Untracked,1000000042,8302,
3.76139,h,Spot,12,Tracked,1000000045,8303,
3.76139,h,Spot,12,Untracked,1000000044,8304,
3.76139,h,Spot,12,Untracked,1000000047,8305,
3.76139,h,Spot,12,Tracked,1000000051,8306,
3.76139,h,Spot,12,Untracked,1000000048,8307,
3.76139,h,Spot,12,Tracked,1000000052,8308,
3.76139,h,Spot,12,Tracked,1000000053,8309,
3.76139,h,Spot,12,Tracked,1000000054,8310,
3.76139,h,Spot,12,Tracked,1000000178,8311,
3.76139,h,Spot,12,Tracked,1000000179,8312,
3.76139,h,Spot,12,Tracked,1000008152,8313,
3.76139,h,Spot,12,Tracked,1000000056,8314,
3.76139,h,Spot,12,Untracked,1000000061,8315,
3.76139,h,Spot,12,Untracked,1000000063,8316,
3.76139,h,Spot,12,Untracked,1000007325,8317,
3.76139,h,Spot,12,Untracked,1000000068,8318,
3.76139,h,Spot,12,Tracked,1000007734,8319,
3.76139,h,Spot,12,,1000006881,8320,
3.76139,h,Spot,12,,1000000082,8321,
3.76139,h,Spot,12,Untracked,1000000088,8322,
3.76139,h,Spot,12,,1000007036,8323,
3.76139,h,Spot,12,Untracked,1000000096,8324,
3.76139,h,Spot,12,Tracked,1000000102,8325,
3.76139,h,Spot,12,Tracked,1000000105,8326,
3.76139,h,Spot,12,Untracked,1000000012,8327,
3.76139,h,Spot,12,Untracked,1000000013,8328,
3.76139,h,Spot,12,Untracked,1000000106,8329,
3.76139,h,Spot,12,Untracked,1000000014,8330,
3.76139,h,Spot,12,Untracked,1000007189,8331,
3.76139,h,Spot,12,Untracked,1000000111,8332,
3.76139,h,Spot,12,Untracked,1000000112,8333,
3.76139,h,Spot,12,Untracked,1000007045,8334,
3.76139,h,Spot,12,Untracked,1000000108,8335,
3.76139,h,Spot,12,Untracked,1000000107,8336,
3.76139,h,Spot,12,Untracked,1000000114,8337,
3.76139,h,Spot,12,Untracked,1000000115,8338,
3.76139,h,Spot,12,Untracked,1000008339,8339,
3.76139,h,Spot,12,Untracked,1000000020,8340,
3.76139,h,Spot,12,Tracked,1000000128,8341,
3.76139,h,Spot,12,Tracked,1000000124,8342,
3.76139,h,Spot,12,Tracked,1000000125,8343,
3.76139,h,Spot,12,Tracked,1000000126,8344,
3.76139,h,Spot,12,Untracked,1000000127,8345,
3.76139,h,Spot,12,Tracked,1000000130,8346,
3.76139,h,Spot,12,Tracked,1000000131,8347,
3.76139,h,Spot,12,Tracked,1000000005,8348,
3.76139,h,Spot,12,Tracked,1000000134,8349,
3.76139,h,Spot,12,Tracked,1000000191,8350,
3.76139,h,Spot,12,Tracked,1000000139,8351,
3.76139,h,Spot,12,Tracked,1000000140,8352,
3.76139,h,Spot,12,Tracked,1000000135,8353,
3.76139,h,Spot,12,Tracked,1000007864,8354,
3.76139,h,Spot,12,Untracked,1000008195,8355,
3.76139,h,Spot,12,Untracked,1000000038,8356,
3.76139,h,Spot,12,Untracked,1000000029,8357,
3.76139,h,Spot,12,Untracked,1000008358,8358,
3.76139,h,Spot,12,Untracked,1000000030,8359,
3.76139,h,Spot,12,Untracked,1000008360,8360,
3.76139,h,Spot,12,Untracked,1000008361,8361,
3.76139,h,Spot,12,Untracked,1000000033,8362,
3.76139,h,Spot,12,Untracked,1000007169,8363,
3.76139,h,Spot,12,Untracked,1000008364,8364,
3.76139,h,Spot,12,Untracked,1000000037,8365,
3.76139,h,Spot,12,Untracked,1000000034,8366,
3.76139,h,Spot,12,Untracked,1000000152,8367,
3.76139,h,Spot,12,Untracked,1000007066,8368,
3.76139,h,Spot,12,Untracked,1000000151,8369,
3.76139,h,Spot,12,Untracked,1000000156,8370,
3.76139,h,Spot,12,Untracked,1000000155,8371,
3.76139,h,Spot,12,Untracked,1000007703,8372,
3.76139,h,Spot,12,Untracked,1000008373,8373,
3.76139,h,Spot,12,Untracked,1000000159,8374,
3.76139,h,Spot,12,Untracked,1000007705,8375,
3.76139,h,Spot,12,Untracked,1000007223,8376,
3.76139,h,Spot,12,Untracked,1000007885,8377,
3.76139,h,Spot,12,,1000000172,8378,
3.76139,h,Spot,12,Tracked,1000008215,8379,
3.76139,h,Spot,12,Tracked,1000007548,8380,
3.76139,h,Spot,12,Tracked,1000006970,8381,
3.76139,h,Spot,12,Tracked,1000000217,8382,
3.76139,h,Spot,12,Tracked,1000007892,8383,
3.76139,h,Spot,12,Tracked,1000000216,8384,
3.76139,h,Spot,12,Tracked,1000007713,8385,
3.76139,h,Spot,12,Tracked,1000006791,8386,
3.76139,h,Spot,12,Tracked,1000007894,8387,
3.76139,h,Spot,12,Tracked,1000007234,8388,
3.76139,h,Spot,12,Tracked,1000000309,8389,
3.76139,h,Spot,12,Tracked,1000008227,8390,
3.76139,h,Spot,12,Untracked,1000006735,8391,
3.76139,h,Spot,12,Untracked,1000000064,8392,
3.76139,h,Spot,12,Untracked,1000000066,8393,
3.76139,h,Spot,12,Untracked,1000007088,8394,
3.76139,h,Spot,12,Untracked,1000000071,8395,
3.76139,h,Spot,12,Untracked,1000000201,8396,
3.76139,h,Spot,12,Untracked,1000007727,8397,
3.76139,h,Spot,12,Untracked,1000000205,8398,
3.76139,h,Spot,12,Untracked,1000000072,8399,
3.76139,h,Spot,12,Untracked,1000008400,8400,
3.76139,h,Spot,12,Untracked,1000007405,8401,
3.76139,h,Spot,12,Untracked,1000000212,8402,
3.76139,h,Spot,12,Untracked,1000000219,8403,
3.76139,h,Spot,12,,1000007337,8404,
3.76139,h,Spot,12,,1000000084,8405,
3.76139,h,Spot,12,,1000008406,8406,
3.76139,h,Spot,12,,1000008407,8407,
3.76139,h,Spot,12,,1000008074,8408,
3.76139,h,Spot,12,Untracked,1000000089,8409,
3.76139,h,Spot,12,Untracked,1000000092,8410,
3.76139,h,Spot,12,Untracked,1000007909,8411,
3.76139,h,Spot,12,Untracked,1000000091,8412,
3.76139,h,Spot,12,,1000007742,8413,
3.76139,h,Spot,12,,1000006955,8414,
3.76139,h,Spot,12,Untracked,1000007915,8415,
3.76139,h,Spot,12,Untracked,1000000116,8416,
3.76139,h,Spot,12,Untracked,1000000120,8417,
3.76139,h,Spot,12,Untracked,1000000121,8418,
3.76139,h,Spot,12,Untracked,1000008419,8419,
3.76139,h,Spot,12,Untracked,1000000251,8420,
3.76139,h,Spot,12,Untracked,1000006811,8421,
3.76139,h,Spot,12,Untracked,1000000254,8422,
3.76139,h,Spot,12,Untracked,1000008423,8423,
3.76139,h,Spot,12,Untracked,1000007118,8424,
3.76139,h,Spot,12,Untracked,1000007418,8425,
3.76139,h,Spot,12,Untracked,1000006961,8426,
3.76139,h,Spot,12,Untracked,1000008427,8427,
3.76139,h,Spot,12,Untracked,1000000268,8428,
3.76139,h,Spot,12,Untracked,1000000161,8429,
3.76139,h,Spot,12,Untracked,1000000163,8430,
3.76139,h,Spot,12,Untracked,1000000166,8431,
3.76139,h,Spot,12,Untracked,1000006820,8432,
3.76139,h,Spot,12,Untracked,1000000164,8433,
3.76139,h,Spot,12,Untracked,1000000284,8434,
3.76139,h,Spot,12,Untracked,1000000285,8435,
3.76139,h,Spot,12,Untracked,1000007761,8436,
3.76139,h,Spot,12,Untracked,1000007108,8437,
3.76139,h,Spot,12,Tracked,1000008261,8438,
3.76139,h,Spot,12,Untracked,1000008099,8439,
3.76139,h,Spot,12,Untracked,1000008262,8440,
3.76139,h,Spot,12,Untracked,1000000317,8441,
3.76139,h,Spot,12,Untracked,1000007275,8442,
3.76139,h,Spot,12,Untracked,1000000325,8443,
3.76139,h,Spot,12,Untracked,1000000324,8444,
3.76139,h,Spot,12,Untracked,1000007577,8445,
3.76139,h,Spot,12,Untracked,1000007104,8446,
3.76139,h,Spot,12,Untracked,1000008447,8447,
3.76139,h,Spot,12,Untracked,1000007594,8448,
3.76139,h,Spot,12,Untracked,1000000323,8449,
3.76139,h,Spot,12,Untracked,1000000379,8450,
3.76139,h,Spot,12,Tracked,1000006624,8451,
3.76139,h,Spot,12,Tracked,1000006829,8452,
3.76139,h,Spot,12,Tracked,1000006651,8453,
3.76139,h,Spot,12,Tracked,1000006831,8454,
3.76139,h,Spot,12,Tracked,1000006677,8455,
3.76139,h,Spot,12,Tracked,1000007441,8456,
4.10333,h,Spot,13,,1000008457,8457,
4.10333,h,Spot,13,,1000006705,8458,
4.10333,h,Spot,13,,1000000003,8459,
4.10333,h,Spot,13,Tracked,1000000005,8460,
4.10333,h,Spot,13,Untracked,1000000026,8461,
4.10333,h,Spot,13,Untracked,1000000011,8462,
4.10333,h,Spot,13,Untracked,1000000018,8463,
4.10333,h,Spot,13,Untracked,1000008119,8464,
4.10333,h,Spot,13,Tracked,1000000021,8465,
4.10333,h,Spot,13,Tracked,1000000022,8466,
4.10333,h,Spot,13,Tracked,1000000133,8467,
4.10333,h,Spot,13,Tracked,1000006777,8468,
4.10333,h,Spot,13,Untracked,1000000024,8469,
4.10333,h,Spot,13,Untracked,1000008129,8470,
4.10333,h,Spot,13,Untracked,1000000028,8471,
4.10333,h,Spot,13,Untracked,1000007302,8472,
4.10333,h,Spot,13,,1000000073,8473,
4.10333,h,Spot,13,Tracked,1000000041,8474,
4.10333,h,Spot,13,Tracked,1000006858,8475,
4.10333,h,Spot,13,Tracked,1000000046,8476,
4.10333,h,Spot,13,Untracked,1000000042,8477,
4.10333,h,Spot,13,Untracked,1000000044,8478,
4.10333,h,Spot,13,Tracked,1000000045,8479,
4.10333,h,Spot,13,Tracked,1000000051,8480,
4.10333,h,Spot,13,Tracked,1000000052,8481,
4.10333,h,Spot,13,Tracked,1000000053,8482,
4.10333,h,Spot,13,Tracked,1000000054,8483,
4.10333,h,Spot,13,Tracked,1000000179,8484,
4.10333,h,Spot,13,Tracked,1000000178,8485,
4.10333,h,Spot,13,Tracked,1000008152,8486,
4.10333,h,Spot,13,Tracked,1000000056,8487,
4.10333,h,Spot,13,Untracked,1000000061,8488,
4.10333,h,Spot,13,Untracked,1000000063,8489,
4.10333,h,Spot,13,Untracked,1000007325,8490,
4.10333,h,Spot,13,Tracked,1000007486,8491,
4.10333,h,Spot,13,,1000000082,8492,
4.10333,h,Spot,13,,1000006881,8493,
4.10333,h,Spot,13,,1000000084,8494,
4.10333,h,Spot,13,Untracked,1000000088,8495,
4.10333,h,Spot,13,Untracked,1000000089,8496,
4.10333,h,Spot,13,Untracked,1000000096,8497,
4.10333,h,Spot,13,Tracked,1000000102,8498,
4.10333,h,Spot,13,Untracked,1000000010,8499,
4.10333,h,Spot,13,Untracked,1000000012,8500,
4.10333,h,Spot,13,Untracked,1000000106,8501,
4.10333,h,Spot,13,Untracked,1000000111,8502,
4.10333,h,Spot,13,Untracked,1000000014,8503,
4.10333,h,Spot,13,Untracked,1000007189,8504,
4.10333,h,Spot,13,Untracked,1000000112,8505,
4.10333,h,Spot,13,Untracked,1000007045,8506,
4.10333,h,Spot,13,Untracked,1000000108,8507,
4.10333,h,Spot,13,Untracked,1000000107,8508,
4.10333,h,Spot,13,Untracked,1000000114,8509,
4.10333,h,Spot,13,Untracked,1000007915,8510,
4.10333,h,Spot,13,Untracked,1000000020,8511,
4.10333,h,Spot,13,Tracked,1000000125,8512,
4.10333,h,Spot,13,Tracked,1000000128,8513,
4.10333,h,Spot,13,Untracked,1000000127,8514,
4.10333,h,Spot,13,Tracked,1000000126,8515,
4.10333,h,Spot,13,Tracked,1000000131,8516,
4.10333,h,Spot,13,Tracked,1000008517,8517,
4.10333,h,Spot,13,Tracked,1000000023,8518,
4.10333,h,Spot,13,Tracked,1000000137,8519,
4.10333,h,Spot,13,Tracked,1000000191,8520,
4.10333,h,Spot,13,Tracked,1000000135,8521,
4.10333,h,Spot,13,Tracked,1000000139,8522,
4.10333,h,Spot,13,Tracked,1000007864,8523,
4.10333,h,Spot,13,Untracked,1000008195,8524,
4.10333,h,Spot,13,Untracked,1000000031,8525,
4.10333,h,Spot,13,Untracked,1000006716,8526,
4.10333,h,Spot,13,Untracked,1000000027,8527,
4.10333,h,Spot,13,Untracked,1000008360,8528,
4.10333,h,Spot,13,Untracked,1000000029,8529,
4.10333,h,Spot,13,Untracked,1000000038,8530,
4.10333,h,Spot,13,Untracked,1000000030,8531,
4.10333,h,Spot,13,Untracked,1000008358,8532,
4.10333,h,Spot,13,Untracked,1000008361,8533,
4.10333,h,Spot,13,Untracked,1000000033,8534,
4.10333,h,Spot,13,Untracked,1000007169,8535,
4.10333,h,Spot,13,Untracked,1000008364,8536,
4.10333,h,Spot,13,Untracked,1000000034,8537,
4.10333,h,Spot,13,Untracked,1000000037,8538,
4.10333,h,Spot,13,Untracked,1000000152,8539,
4.10333,h,Spot,13,Untracked,1000007066,8540,
4.10333,h,Spot,13,Untracked,1000000151,8541,
4.10333,h,Spot,13,Untracked,1000000156,8542,
4.10333,h,Spot,13,Untracked,1000000155,8543,
4.10333,h,Spot,13,Untracked,1000007703,8544,
4.10333,h,Spot,13,Untracked,1000000159,8545,
4.10333,h,Spot,13,Untracked,1000000047,8546,
4.10333,h,Spot,13,Untracked,1000000048,8547,
4.10333,h,Spot,13,Tracked,1000008215,8548,
4.10333,h,Spot,13,,1000000172,8549,
4.10333,h,Spot,13,Tracked,1000007548,8550,
4.10333,h,Spot,13,Tracked,1000006970,8551,
4.10333,h,Spot,13,Tracked,1000000216,8552,
4.10333,h,Spot,13,Tracked,1000000217,8553,
4.10333,h,Spot,13,Tracked,1000007894,8554,
4.10333,h,Spot,13,Tracked,1000007234,8555,
4.10333,h,Spot,13,Tracked,1000000309,8556,
4.10333,h,Spot,13,Untracked,1000000068,8557,
4.10333,h,Spot,13,Untracked,1000006735,8558,
4.10333,h,Spot,13,Untracked,1000000064,8559,
4.10333,h,Spot,13,Untracked,1000000066,8560,
4.10333,h,Spot,13,Untracked,1000000071,8561,
4.10333,h,Spot,13,Untracked,1000000072,8562,
4.10333,h,Spot,13,Untracked,1000007727,8563,
4.10333,h,Spot,13,Untracked,1000000201,8564,
4.10333,h,Spot,13,Untracked,1000000205,8565,
4.10333,h,Spot,13,Untracked,1000008400,8566,
4.10333,h,Spot,13,Untracked,1000000212,8567,
4.10333,h,Spot,13,Untracked,1000007088,8568,
4.10333,h,Spot,13,Untracked,1000000219,8569,
4.10333,h,Spot,13,Tracked,1000007734,8570,
4.10333,h,Spot,13,,1000008406,8571,
4.10333,h,Spot,13,,1000007337,8572,
4.10333,h,Spot,13,,1000008407,8573,
4.10333,h,Spot,13,,1000008074,8574,
4.10333,h,Spot,13,Untracked,1000000092,8575,
4.10333,h,Spot,13,Untracked,1000000091,8576,
4.10333,h,Spot,13,Untracked,1000008577,8577,
4.10333,h,Spot,13,,1000007742,8578,
4.10333,h,Spot,13,Untracked,1000000115,8579,
4.10333,h,Spot,13,Untracked,1000008339,8580,
4.10333,h,Spot,13,Untracked,1000000120,8581,
4.10333,h,Spot,13,Untracked,1000006811,8582,
4.10333,h,Spot,13,Untracked,1000000116,8583,
4.10333,h,Spot,13,Untracked,1000000121,8584,
4.10333,h,Spot,13,Untracked,1000000251,8585,
4.10333,h,Spot,13,Untracked,1000007118,8586,
4.10333,h,Spot,13,Untracked,1000008423,8587,
4.10333,h,Spot,13,Untracked,1000000254,8588,
4.10333,h,Spot,13,Untracked,1000007577,8589,
4.10333,h,Spot,13,Untracked,1000006961,8590,
4.10333,h,Spot,13,Untracked,1000008427,8591,
4.10333,h,Spot,13,Untracked,1000000268,8592,
4.10333,h,Spot,13,Untracked,1000007223,8593,
4.10333,h,Spot,13,Untracked,1000007705,8594,
4.10333,h,Spot,13,Untracked,1000008373,8595,
4.10333,h,Spot,13,Untracked,1000000161,8596,
4.10333,h,Spot,13,Untracked,1000000166,8597,
4.10333,h,Spot,13,Untracked,1000000163,8598,
4.10333,h,Spot,13,Untracked,1000006820,8599,
4.10333,h,Spot,13,Untracked,1000000284,8600,
4.10333,h,Spot,13,Untracked,1000000164,8601,
4.10333,h,Spot,13,Untracked,1000000285,8602,
4.10333,h,Spot,13,Untracked,1000007761,8603,
4.10333,h,Spot,13,Untracked,1000007108,8604,
4.10333,h,Spot,13,Untracked,1000007405,8605,
4.10333,h,Spot,13,Untracked,1000008606,8606,
4.10333,h,Spot,13,Untracked,1000008607,8607,
4.10333,h,Spot,13,Untracked,1000008608,8608,
4.10333,h,Spot,13,Untracked,1000008262,8609,
4.10333,h,Spot,13,Untracked,1000000317,8610,
4.10333,h,Spot,13,Untracked,1000008099,8611,
4.10333,h,Spot,13,Untracked,1000008612,8612,
4.10333,h,Spot,13,Untracked,1000000325,8613,
4.10333,h,Spot,13,Untracked,1000007275,8614,
4.10333,h,Spot,13,Untracked,1000000324,8615,
4.10333,h,Spot,13,Untracked,1000008267,8616,
4.10333,h,Spot,13,Untracked,1000007104,8617,
4.10333,h,Spot,13,Untracked,1000008447,8618,
4.10333,h,Spot,13,Untracked,1000007594,8619,
4.10333,h,Spot,13,Untracked,1000000323,8620,
4.10333,h,Spot,13,Untracked,1000000379,8621,
4.10333,h,Spot,13,Tracked,1000006624,8622,
4.10333,h,Spot,13,Tracked,1000006829,8623,
4.10333,h,Spot,13,Tracked,1000006651,8624,
4.10333,h,Spot,13,Tracked,1000006831,8625,
4.10333,h,Spot,13,Tracked,1000006677,8626,
4.10333,h,Spot,13,Tracked,1000007441,8627,
4.44528,h,Spot,14,,1000008457,8628,
4.44528,h,Spot,14,,1000006705,8629,
4.44528,h,Spot,14,,1000000003,8630,
4.44528,h,Spot,14,Untracked,1000000026,8631,
4.44528,h,Spot,14,Untracked,1000000011,8632,
4.44528,h,Spot,14,Untracked,1000000012,8633,
4.44528,h,Spot,14,Untracked,1000000018,8634,
4.44528,h,Spot,14,Tracked,1000000021,8635,
4.44528,h,Spot,14,Tracked,1000000022,8636,
4.44528,h,Spot,14,Tracked,1000000133,8637,
4.44528,h,Spot,14,Tracked,1000006777,8638,
4.44528,h,Spot,14,Tracked,1000000137,8639,
4.44528,h,Spot,14,Untracked,1000008129,8640,
4.44528,h,Spot,14,Untracked,1000000024,8641,
4.44528,h,Spot,14,Untracked,1000000028,8642,
4.44528,h,Spot,14,Untracked,1000007302,8643,
4.44528,h,Spot,14,,1000000073,8644,
4.44528,h,Spot,14,Tracked,1000000041,8645,
4.44528,h,Spot,14,Tracked,1000006858,8646,
4.44528,h,Spot,14,Tracked,1000000046,8647,
4.44528,h,Spot,14,Untracked,1000000042,8648,
4.44528,h,Spot,14,Untracked,1000000044,8649,
4.44528,h,Spot,14,Tracked,1000000045,8650,
4.44528,h,Spot,14,Tracked,1000000051,8651,
4.44528,h,Spot,14,Untracked,1000000047,8652,
4.44528,h,Spot,14,Tracked,1000000052,8653,
4.44528,h,Spot,14,Tracked,1000000053,8654,
4.44528,h,Spot,14,Tracked,1000000054,8655,
4.44528,h,Spot,14,Tracked,1000000179,8656,
4.44528,h,Spot,14,Tracked,1000000178,8657,
4.44528,h,Spot,14,Tracked,1000008152,8658,
4.44528,h,Spot,14,Tracked,1000000056,8659,
4.44528,h,Spot,14,Untracked,1000000061,8660,
4.44528,h,Spot,14,Untracked,1000000068,8661,
4.44528,h,Spot,14,Untracked,1000007325,8662,
4.44528,h,Spot,14,Tracked,1000007486,8663,
4.44528,h,Spot,14,,1000000082,8664,
4.44528,h,Spot,14,,1000006881,8665,
4.44528,h,Spot,14,,1000008406,8666,
4.44528,h,Spot,14,,1000007337,8667,
4.44528,h,Spot,14,Untracked,1000000088,8668,
4.44528,h,Spot,14,Untracked,1000000089,8669,
4.44528,h,Spot,14,Untracked,1000000092,8670,
4.44528,h,Spot,14,Tracked,1000000102,8671,
4.44528,h,Spot,14,Untracked,1000000096,8672,
4.44528,h,Spot,14,,1000007742,8673,
4.44528,h,Spot,14,Untracked,1000007189,8674,
4.44528,h,Spot,14,Untracked,1000000106,8675,
4.44528,h,Spot,14,Untracked,1000000014,8676,
4.44528,h,Spot,14,Untracked,1000000111,8677,
4.44528,h,Spot,14,Untracked,1000000112,8678,
4.44528,h,Spot,14,Untracked,1000000108,8679,
4.44528,h,Spot,14,Untracked,1000007045,8680,
4.44528,h,Spot,14,Untracked,1000000107,8681,
4.44528,h,Spot,14,Untracked,1000000114,8682,
4.44528,h,Spot,14,Untracked,1000000115,8683,
4.44528,h,Spot,14,Untracked,1000000116,8684,
4.44528,h,Spot,14,Untracked,1000000020,8685,
4.44528,h,Spot,14,Tracked,1000000128,8686,
4.44528,h,Spot,14,Tracked,1000000135,8687,
4.44528,h,Spot,14,Tracked,1000000125,8688,
4.44528,h,Spot,14,Tracked,1000000126,8689,
4.44528,h,Spot,14,Untracked,1000000127,8690,
4.44528,h,Spot,14,Tracked,1000008517,8691,
4.44528,h,Spot,14,Tracked,1000000131,8692,
4.44528,h,Spot,14,Tracked,1000000191,8693,
4.44528,h,Spot,14,Tracked,1000000023,8694,
4.44528,h,Spot,14,Tracked,1000000139,8695,
4.44528,h,Spot,14,Tracked,1000000140,8696,
4.44528,h,Spot,14,Tracked,1000007864,8697,
4.44528,h,Spot,14,Untracked,1000006716,8698,
4.44528,h,Spot,14,Untracked,1000000027,8699,
4.44528,h,Spot,14,Untracked,1000000031,8700,
4.44528,h,Spot,14,Untracked,1000000038,8701,
4.44528,h,Spot,14,Untracked,1000000029,8702,
4.44528,h,Spot,14,Untracked,1000008361,8703,
4.44528,h,Spot,14,Untracked,1000008360,8704,
4.44528,h,Spot,14,Untracked,1000000030,8705,
4.44528,h,Spot,14,Untracked,1000000033,8706,
4.44528,h,Spot,14,Untracked,1000007169,8707,
4.44528,h,Spot,14,Untracked,1000000037,8708,
4.44528,h,Spot,14,Untracked,1000000152,8709,
4.44528,h,Spot,14,Untracked,1000000034,8710,
4.44528,h,Spot,14,Untracked,1000007066,8711,
4.44528,h,Spot,14,Untracked,1000000156,8712,
4.44528,h,Spot,14,Untracked,1000000151,8713,
4.44528,h,Spot,14,Untracked,1000000155,8714,
4.44528,h,Spot,14,Untracked,1000000159,8715,
4.44528,h,Spot,14,Untracked,1000007703,8716,
4.44528,h,Spot,14,Untracked,1000007705,8717,
4.44528,h,Spot,14,Untracked,1000007223,8718,
4.44528,h,Spot,14,Untracked,1000000048,8719,
4.44528,h,Spot,14,,1000000172,8720,
4.44528,h,Spot,14,Tracked,1000007548,8721,
4.44528,h,Spot,14,Tracked,1000006970,8722,
4.44528,h,Spot,14,Tracked,1000007713,8723,
4.44528,h,Spot,14,Tracked,1000007894,8724,
4.44528,h,Spot,14,Tracked,1000007234,8725,
4.44528,h,Spot,14,Tracked,1000000309,8726,
4.44528,h,Spot,14,Untracked,1000000064,8727,
4.44528,h,Spot,14,Untracked,1000006735,8728,
4.44528,h,Spot,14,Untracked,1000000066,8729,
4.44528,h,Spot,14,Untracked,1000007088,8730,
4.44528,h,Spot,14,Untracked,1000000071,8731,
4.44528,h,Spot,14,Untracked,1000000072,8732,
4.44528,h,Spot,14,Untracked,1000000201,8733,
4.44528,h,Spot,14,Untracked,1000000205,8734,
4.44528,h,Spot,14,Untracked,1000008400,8735,
4.44528,h,Spot,14,Untracked,1000000212,8736,
4.44528,h,Spot,14,Tracked,1000000216,8737,
4.44528,h,Spot,14,Tracked,1000000217,8738,
4.44528,h,Spot,14,Tracked,1000007734,8739,
4.44528,h,Spot,14,Untracked,1000000219,8740,
4.44528,h,Spot,14,,1000008074,8741,
4.44528,h,Spot,14,Untracked,1000000091,8742,
4.44528,h,Spot,14,Untracked,1000008577,8743,
4.44528,h,Spot,14,Untracked,1000006811,8744,
4.44528,h,Spot,14,Untracked,1000000120,8745,
4.44528,h,Spot,14,Untracked,1000008419,8746,
4.44528,h,Spot,14,Untracked,1000000121,8747,
4.44528,h,Spot,14,Untracked,1000007118,8748,
4.44528,h,Spot,14,Untracked,1000000251,8749,
4.44528,h,Spot,14,Untracked,1000000254,8750,
4.44528,h,Spot,14,Untracked,1000006961,8751,
4.44528,h,Spot,14,Untracked,1000000268,8752,
4.44528,h,Spot,14,Untracked,1000000161,8753,
4.44528,h,Spot,14,Untracked,1000000163,8754,
4.44528,h,Spot,14,Untracked,1000000166,8755,
4.44528,h,Spot,14,Untracked,1000006820,8756,
4.44528,h,Spot,14,Untracked,1000000164,8757,
4.44528,h,Spot,14,Untracked,1000000285,8758,
4.44528,h,Spot,14,Untracked,1000007761,8759,
4.44528,h,Spot,14,Untracked,1000007108,8760,
4.44528,h,Spot,14,Untracked,1000007405,8761,
4.44528,h,Spot,14,Untracked,1000008606,8762,
4.44528,h,Spot,14,Untracked,1000008608,8763,
4.44528,h,Spot,14,Untracked,1000008607,8764,
4.44528,h,Spot,14,Untracked,1000000317,8765,
4.44528,h,Spot,14,Untracked,1000008262,8766,
4.44528,h,Spot,14,Untracked,1000008612,8767,
4.44528,h,Spot,14,Untracked,1000007275,8768,
4.44528,h,Spot,14,Untracked,1000007577,8769,
4.44528,h,Spot,14,Untracked,1000007594,8770,
4.44528,h,Spot,14,Untracked,1000000323,8771,
4.44528,h,Spot,14,Untracked,1000000379,8772,
4.44528,h,Spot,14,Tracked,1000000134,8773,
4.44528,h,Spot,14,Tracked,1000006829,8774,
4.44528,h,Spot,14,Tracked,1000006624,8775,
4.44528,h,Spot,14,Tracked,1000006651,8776,
4.44528,h,Spot,14,Tracked,1000006677,8777,
4.44528,h,Spot,14,Tracked,1000007441,8778,
4.44528,h,Spot,14,,,8779,
