
Displacement Delta Length
 ==================== 
Displacement Delta Length,Unit,Category,Time,Set 1,TrackID,ID,
0,um,Spot,1,,1000000003,3,
0,um,Spot,1,Tracked,1000000005,5,
0,um,Spot,1,Untracked,1000000010,10,
0,um,Spot,1,Untracked,1000000011,11,
0,um,Spot,1,Untracked,1000000012,12,
0,um,Spot,1,Untracked,1000000013,13,
0,um,Spot,1,Untracked,1000000014,14,
0,um,Spot,1,Tracked,1000000016,16,
0,um,Spot,1,Untracked,1000000018,18,
0,um,Spot,1,Untracked,1000000020,20,
0,um,Spot,1,Tracked,1000000021,21,
0,um,Spot,1,Tracked,1000000022,22,
0,um,Spot,1,Tracked,1000000023,23,
0,um,Spot,1,Untracked,1000000024,24,
0,um,Spot,1,Untracked,1000000026,26,
0,um,Spot,1,Untracked,1000000027,27,
0,um,Spot,1,Untracked,1000000028,28,
0,um,Spot,1,Untracked,1000000029,29,
0,um,Spot,1,Untracked,1000000030,30,
0,um,Spot,1,Untracked,1000000031,31,
0,um,Spot,1,Untracked,1000000033,33,
0,um,Spot,1,Untracked,1000000034,34,
0,um,Spot,1,Untracked,1000000037,37,
0,um,Spot,1,Untracked,1000000038,38,
0,um,Spot,1,Tracked,1000000041,41,
0,um,Spot,1,Untracked,1000000042,42,
0,um,Spot,1,Untracked,1000000044,44,
0,um,Spot,1,Tracked,1000000045,45,
0,um,Spot,1,Tracked,1000000046,46,
0,um,Spot,1,Untracked,1000000047,47,
0,um,Spot,1,Untracked,1000000048,48,
0,um,Spot,1,Tracked,1000000051,51,
0,um,Spot,1,Tracked,1000000052,52,
0,um,Spot,1,Tracked,1000000053,53,
0,um,Spot,1,Tracked,1000000054,54,
0,um,Spot,1,Tracked,1000000056,56,
0,um,Spot,1,Untracked,1000000061,61,
0,um,Spot,1,Untracked,1000000063,63,
0,um,Spot,1,Untracked,1000000064,64,
0,um,Spot,1,Untracked,1000000065,65,
0,um,Spot,1,Untracked,1000000066,66,
0,um,Spot,1,Untracked,1000000067,67,
0,um,Spot,1,Untracked,1000000068,68,
0,um,Spot,1,Untracked,1000000071,71,
0,um,Spot,1,Untracked,1000000072,72,
0,um,Spot,1,,1000000073,73,
0,um,Spot,1,,1000000082,82,
0,um,Spot,1,,1000000084,84,
0,um,Spot,1,Untracked,1000000088,88,
0,um,Spot,1,Untracked,1000000089,89,
0,um,Spot,1,Untracked,1000000091,91,
0,um,Spot,1,Untracked,1000000092,92,
0,um,Spot,1,Tracked,1000000094,94,
0,um,Spot,1,Untracked,1000000096,96,
0,um,Spot,1,Tracked,1000000102,102,
0,um,Spot,1,Tracked,1000000105,105,
0,um,Spot,1,Untracked,1000000106,106,
0,um,Spot,1,Untracked,1000000107,107,
0,um,Spot,1,Untracked,1000000108,108,
0,um,Spot,1,Untracked,1000000111,111,
0,um,Spot,1,Untracked,1000000112,112,
0,um,Spot,1,Untracked,1000000114,114,
0,um,Spot,1,Untracked,1000000115,115,
0,um,Spot,1,Untracked,1000000116,116,
0,um,Spot,1,Untracked,1000000120,120,
0,um,Spot,1,Untracked,1000000121,121,
0,um,Spot,1,Untracked,1000000122,122,
0,um,Spot,1,Untracked,1000000123,123,
0,um,Spot,1,Tracked,1000000124,124,
0,um,Spot,1,Tracked,1000000125,125,
0,um,Spot,1,Tracked,1000000126,126,
0,um,Spot,1,Untracked,1000000127,127,
0,um,Spot,1,Tracked,1000000128,128,
0,um,Spot,1,Tracked,1000000130,130,
0,um,Spot,1,Tracked,1000000131,131,
0,um,Spot,1,Tracked,1000000133,133,
0,um,Spot,1,Tracked,1000000134,134,
0,um,Spot,1,Tracked,1000000135,135,
0,um,Spot,1,Tracked,1000000137,137,
0,um,Spot,1,Tracked,1000000139,139,
0,um,Spot,1,Tracked,1000000140,140,
0,um,Spot,1,Tracked,1000000145,145,
0,um,Spot,1,Untracked,1000000150,150,
0,um,Spot,1,Untracked,1000000151,151,
0,um,Spot,1,Untracked,1000000152,152,
0,um,Spot,1,Untracked,1000000155,155,
0,um,Spot,1,Untracked,1000000156,156,
0,um,Spot,1,Untracked,1000000159,159,
0,um,Spot,1,Untracked,1000000161,161,
0,um,Spot,1,Untracked,1000000162,162,
0,um,Spot,1,Untracked,1000000163,163,
0,um,Spot,1,Untracked,1000000164,164,
0,um,Spot,1,Untracked,1000000166,166,
0,um,Spot,1,,1000000172,172,
0,um,Spot,1,Untracked,1000000175,175,
0,um,Spot,1,Tracked,1000000178,178,
0,um,Spot,1,Tracked,1000000179,179,
0,um,Spot,1,Tracked,1000000191,191,
0,um,Spot,1,Untracked,1000000199,199,
0,um,Spot,1,Untracked,1000000201,201,
0,um,Spot,1,Untracked,1000000202,202,
0,um,Spot,1,Untracked,1000000203,203,
0,um,Spot,1,Untracked,1000000204,204,
0,um,Spot,1,Untracked,1000000205,205,
0,um,Spot,1,Untracked,1000000208,208,
0,um,Spot,1,Untracked,1000000212,212,
0,um,Spot,1,Tracked,1000000216,216,
0,um,Spot,1,Tracked,1000000217,217,
0,um,Spot,1,Tracked,1000000218,218,
0,um,Spot,1,Untracked,1000000219,219,
0,um,Spot,1,Untracked,1000000251,251,
0,um,Spot,1,Untracked,1000000254,254,
0,um,Spot,1,Untracked,1000000257,257,
0,um,Spot,1,Tracked,1000000262,262,
0,um,Spot,1,Untracked,1000000268,268,
0,um,Spot,1,Tracked,1000000272,272,
0,um,Spot,1,Untracked,1000000284,284,
0,um,Spot,1,Untracked,1000000285,285,
0,um,Spot,1,Untracked,1000000289,289,
0,um,Spot,1,Tracked,1000000309,309,
0,um,Spot,1,Untracked,1000000314,314,
0,um,Spot,1,Untracked,1000000316,316,
0,um,Spot,1,Untracked,1000000317,317,
0,um,Spot,1,Untracked,1000000323,323,
0,um,Spot,1,Untracked,1000000324,324,
0,um,Spot,1,Untracked,1000000325,325,
0,um,Spot,1,Untracked,1000000379,379,
0,um,Spot,1,Tracked,1000006624,6624,
0,um,Spot,1,Tracked,1000006651,6651,
0,um,Spot,1,Tracked,1000006677,6677,
0,um,Spot,1,Tracked,1000006690,6690,
0,um,Spot,1,Tracked,1000006703,6703,
4.57715,um,Spot,2,,1000000003,6704,
0,um,Spot,2,,1000006705,6705,
3.22494,um,Spot,2,Untracked,1000000010,6706,
6.91975,um,Spot,2,Untracked,1000000013,6707,
2.82889,um,Spot,2,Tracked,1000000016,6708,
2.11545,um,Spot,2,Untracked,1000000018,6709,
3.64201,um,Spot,2,Tracked,1000000022,6710,
4.80508,um,Spot,2,Untracked,1000000024,6711,
3.66386,um,Spot,2,Untracked,1000000026,6712,
10.1699,um,Spot,2,Untracked,1000000027,6713,
3.39683,um,Spot,2,Untracked,1000000028,6714,
0.38274,um,Spot,2,Untracked,1000000029,6715,
0,um,Spot,2,Untracked,1000006716,6716,
4.76212,um,Spot,2,Untracked,1000000030,6717,
1.31748,um,Spot,2,Untracked,1000000033,6718,
3.99613,um,Spot,2,Untracked,1000000031,6719,
5.67515,um,Spot,2,Untracked,1000000034,6720,
2.41362,um,Spot,2,Untracked,1000000042,6721,
2.46426,um,Spot,2,Tracked,1000000045,6722,
7.74935,um,Spot,2,Untracked,1000000044,6723,
1.88192,um,Spot,2,Untracked,1000000047,6724,
6.03273,um,Spot,2,Tracked,1000000046,6725,
4.08147,um,Spot,2,Untracked,1000000048,6726,
0.933616,um,Spot,2,Tracked,1000000052,6727,
2.46521,um,Spot,2,Tracked,1000000053,6728,
4.27902,um,Spot,2,Tracked,1000000054,6729,
5.76378,um,Spot,2,Tracked,1000000178,6730,
1.96071,um,Spot,2,Tracked,1000000056,6731,
4.34591,um,Spot,2,Untracked,1000000061,6732,
0,um,Spot,2,Untracked,1000006733,6733,
3.92507,um,Spot,2,Untracked,1000000063,6734,
0,um,Spot,2,Untracked,1000006735,6735,
6.29439,um,Spot,2,Untracked,1000000064,6736,
7.05752,um,Spot,2,Untracked,1000000066,6737,
13.5143,um,Spot,2,Untracked,1000000065,6738,
3.31893,um,Spot,2,,1000000073,6739,
0,um,Spot,2,Untracked,1000006740,6740,
0,um,Spot,2,,1000006741,6741,
0.512686,um,Spot,2,,1000000082,6742,
4.31351,um,Spot,2,,1000000084,6743,
6.47172,um,Spot,2,Untracked,1000000088,6744,
7.44755,um,Spot,2,Untracked,1000000089,6745,
3.16439,um,Spot,2,Untracked,1000000092,6746,
3.72911,um,Spot,2,Untracked,1000000096,6747,
4.01106,um,Spot,2,Tracked,1000000005,6748,
1.58279,um,Spot,2,Tracked,1000000102,6749,
2.12099,um,Spot,2,Tracked,1000000105,6750,
9.24936,um,Spot,2,Untracked,1000000014,6751,
4.86651,um,Spot,2,Untracked,1000000106,6752,
3.95985,um,Spot,2,Untracked,1000000112,6753,
9.74009,um,Spot,2,Untracked,1000000107,6754,
5.05993,um,Spot,2,Untracked,1000000108,6755,
5.58385,um,Spot,2,Untracked,1000000111,6756,
4.67951,um,Spot,2,Untracked,1000000116,6757,
4.87852,um,Spot,2,Untracked,1000000114,6758,
5.66366,um,Spot,2,Untracked,1000000115,6759,
1.78584,um,Spot,2,Untracked,1000000122,6760,
4.88912,um,Spot,2,Untracked,1000000120,6761,
5.29721,um,Spot,2,Tracked,1000000021,6762,
4.23081,um,Spot,2,Tracked,1000000124,6763,
3.27606,um,Spot,2,Tracked,1000000125,6764,
8.94883,um,Spot,2,Untracked,1000000020,6765,
4.16733,um,Spot,2,Tracked,1000000126,6766,
4.51422,um,Spot,2,Untracked,1000000127,6767,
3.83997,um,Spot,2,Tracked,1000000128,6768,
3.36017,um,Spot,2,Tracked,1000000130,6769,
10.4841,um,Spot,2,Tracked,1000000131,6770,
2.92418,um,Spot,2,Tracked,1000000133,6771,
4.44196,um,Spot,2,Tracked,1000000023,6772,
7.46935,um,Spot,2,Tracked,1000000137,6773,
1.9666,um,Spot,2,Tracked,1000000134,6774,
3.59385,um,Spot,2,Tracked,1000000135,6775,
2.36903,um,Spot,2,Tracked,1000000140,6776,
0,um,Spot,2,Tracked,1000006777,6777,
5.11434,um,Spot,2,Tracked,1000000139,6778,
2.3699,um,Spot,2,Tracked,1000000145,6779,
2.51404,um,Spot,2,Untracked,1000000151,6780,
5.35069,um,Spot,2,Untracked,1000000037,6781,
7.82698,um,Spot,2,Untracked,1000000150,6782,
1.02721,um,Spot,2,Untracked,1000000156,6783,
3.33037,um,Spot,2,Untracked,1000000161,6784,
6.21021,um,Spot,2,Untracked,1000000162,6785,
14.0751,um,Spot,2,Untracked,1000000155,6786,
2.92957,um,Spot,2,Untracked,1000000164,6787,
3.68406,um,Spot,2,Tracked,1000000051,6788,
5.67435,um,Spot,2,,1000000172,6789,
2.57851,um,Spot,2,Untracked,1000000175,6790,
0,um,Spot,2,Tracked,1000006791,6791,
9.36368,um,Spot,2,Tracked,1000000218,6792,
1.71797,um,Spot,2,Tracked,1000000191,6793,
0,um,Spot,2,Tracked,1000006794,6794,
3.65065,um,Spot,2,Untracked,1000000068,6795,
7.01573,um,Spot,2,Untracked,1000000071,6796,
8.55949,um,Spot,2,Untracked,1000000072,6797,
12.6215,um,Spot,2,Untracked,1000000067,6798,
6.07192,um,Spot,2,Untracked,1000000201,6799,
3.04273,um,Spot,2,Untracked,1000000204,6800,
0,um,Spot,2,Untracked,1000006801,6801,
7.68362,um,Spot,2,Untracked,1000000205,6802,
11.2355,um,Spot,2,Untracked,1000000203,6803,
3.44769,um,Spot,2,Untracked,1000000212,6804,
2.26394,um,Spot,2,Tracked,1000000217,6805,
5.98077,um,Spot,2,Tracked,1000000216,6806,
4.12886,um,Spot,2,Untracked,1000000219,6807,
6.0083,um,Spot,2,Untracked,1000000091,6808,
0,um,Spot,2,,1000006809,6809,
9.4083,um,Spot,2,Untracked,1000000121,6810,
0,um,Spot,2,Untracked,1000006811,6811,
9.1302,um,Spot,2,Untracked,1000000123,6812,
7.09301,um,Spot,2,Untracked,1000000251,6813,
5.3902,um,Spot,2,Tracked,1000000262,6814,
4.4557,um,Spot,2,Untracked,1000000268,6815,
5.69794,um,Spot,2,Untracked,1000000166,6816,
5.23656,um,Spot,2,Untracked,1000000285,6817,
6.72039,um,Spot,2,Untracked,1000000284,6818,
2.65427,um,Spot,2,Tracked,1000000309,6819,
0,um,Spot,2,Untracked,1000006820,6820,
8.98807,um,Spot,2,Untracked,1000000208,6821,
2.95441,um,Spot,2,Untracked,1000000317,6822,
8.97948,um,Spot,2,Untracked,1000000314,6823,
0,um,Spot,2,Untracked,1000006824,6824,
3.0217,um,Spot,2,Untracked,1000000324,6825,
5.40678,um,Spot,2,Untracked,1000000325,6826,
11.4642,um,Spot,2,Untracked,1000000379,6827,
2.0887,um,Spot,2,Tracked,1000006624,6828,
0,um,Spot,2,Tracked,1000006829,6829,
2.60624,um,Spot,2,Tracked,1000006651,6830,
0,um,Spot,2,Tracked,1000006831,6831,
4.10049,um,Spot,2,Tracked,1000006677,6832,
3.00052,um,Spot,2,Tracked,1000006690,6833,
2.30234,um,Spot,2,Tracked,1000006703,6834,
4.57352,um,Spot,3,,1000006705,6835,
6.47496,um,Spot,3,,1000000003,6836,
4.79502,um,Spot,3,Untracked,1000000011,6837,
2.37913,um,Spot,3,Untracked,1000000010,6838,
6.80184,um,Spot,3,Untracked,1000000012,6839,
4.03538,um,Spot,3,Untracked,1000000013,6840,
3.00741,um,Spot,3,Tracked,1000000016,6841,
2.23188,um,Spot,3,Untracked,1000000018,6842,
5.46082,um,Spot,3,Tracked,1000000021,6843,
2.19562,um,Spot,3,Tracked,1000000022,6844,
3.67553,um,Spot,3,Untracked,1000000024,6845,
1.49845,um,Spot,3,Untracked,1000000026,6846,
3.28543,um,Spot,3,Untracked,1000000027,6847,
2.87375,um,Spot,3,Untracked,1000000028,6848,
2.19495,um,Spot,3,Untracked,1000000029,6849,
2.60079,um,Spot,3,Untracked,1000006716,6850,
4.11358,um,Spot,3,Untracked,1000000033,6851,
2.24771,um,Spot,3,Untracked,1000000031,6852,
5.02423,um,Spot,3,Untracked,1000000038,6853,
5.13632,um,Spot,3,Untracked,1000000030,6854,
3.1129,um,Spot,3,Untracked,1000000034,6855,
2.5501,um,Spot,3,Tracked,1000000041,6856,
2.65414,um,Spot,3,Untracked,1000000042,6857,
0,um,Spot,3,Tracked,1000006858,6858,
2.17222,um,Spot,3,Tracked,1000000045,6859,
1.89773,um,Spot,3,Untracked,1000000044,6860,
1.87902,um,Spot,3,Untracked,1000000047,6861,
1.85325,um,Spot,3,Tracked,1000000046,6862,
2.02354,um,Spot,3,Untracked,1000000048,6863,
1.18812,um,Spot,3,Tracked,1000000052,6864,
1.58605,um,Spot,3,Tracked,1000000053,6865,
5.00512,um,Spot,3,Tracked,1000000054,6866,
3.59504,um,Spot,3,Tracked,1000000178,6867,
3.34067,um,Spot,3,Tracked,1000000056,6868,
0.987424,um,Spot,3,Untracked,1000000061,6869,
1.74269,um,Spot,3,Untracked,1000006733,6870,
2.35086,um,Spot,3,Untracked,1000000064,6871,
4.50058,um,Spot,3,Untracked,1000000063,6872,
9.461,um,Spot,3,Untracked,1000006735,6873,
7.29541,um,Spot,3,Untracked,1000000065,6874,
2.80437,um,Spot,3,Untracked,1000000068,6875,
4.58743,um,Spot,3,Untracked,1000000066,6876,
2.64019,um,Spot,3,,1000000073,6877,
1.59978,um,Spot,3,Untracked,1000006740,6878,
6.76847,um,Spot,3,,1000000082,6879,
3.11712,um,Spot,3,,1000000084,6880,
0,um,Spot,3,,1000006881,6881,
4.29265,um,Spot,3,Untracked,1000000088,6882,
3.41427,um,Spot,3,Untracked,1000000089,6883,
7.82156,um,Spot,3,Tracked,1000000094,6884,
3.75373,um,Spot,3,Untracked,1000000096,6885,
3.76117,um,Spot,3,Tracked,1000000102,6886,
1.77877,um,Spot,3,Tracked,1000000005,6887,
3.60997,um,Spot,3,Tracked,1000000105,6888,
4.58339,um,Spot,3,Untracked,1000000014,6889,
2.49224,um,Spot,3,Untracked,1000000106,6890,
2.48553,um,Spot,3,Untracked,1000000112,6891,
2.13807,um,Spot,3,Untracked,1000000107,6892,
2.83119,um,Spot,3,Untracked,1000000111,6893,
5.27657,um,Spot,3,Untracked,1000000108,6894,
8.06772,um,Spot,3,Untracked,1000000122,6895,
0,um,Spot,3,Untracked,1000006896,6896,
3.84581,um,Spot,3,Untracked,1000000114,6897,
3.01628,um,Spot,3,Untracked,1000000115,6898,
5.49444,um,Spot,3,Untracked,1000000116,6899,
6.37164,um,Spot,3,Untracked,1000006811,6900,
4.93578,um,Spot,3,Untracked,1000000020,6901,
4.10317,um,Spot,3,Tracked,1000000125,6902,
2.39857,um,Spot,3,Tracked,1000000124,6903,
2.82213,um,Spot,3,Tracked,1000000126,6904,
1.49075,um,Spot,3,Tracked,1000000128,6905,
3.47627,um,Spot,3,Untracked,1000000127,6906,
3.07823,um,Spot,3,Tracked,1000000130,6907,
3.58475,um,Spot,3,Tracked,1000000131,6908,
1.95468,um,Spot,3,Tracked,1000000023,6909,
2.39812,um,Spot,3,Tracked,1000000134,6910,
6.60239,um,Spot,3,Tracked,1000000133,6911,
4.09038,um,Spot,3,Tracked,1000000137,6912,
2.01491,um,Spot,3,Tracked,1000000135,6913,
5.57287,um,Spot,3,Tracked,1000000140,6914,
4.35013,um,Spot,3,Tracked,1000006777,6915,
4.21563,um,Spot,3,Tracked,1000000139,6916,
3.22734,um,Spot,3,Tracked,1000000145,6917,
1.71748,um,Spot,3,Untracked,1000000151,6918,
2.5306,um,Spot,3,Untracked,1000000037,6919,
5.14266,um,Spot,3,Untracked,1000000152,6920,
2.09873,um,Spot,3,Untracked,1000000156,6921,
6.05897,um,Spot,3,Untracked,1000000150,6922,
5.96765,um,Spot,3,Untracked,1000000155,6923,
6.29684,um,Spot,3,Untracked,1000000159,6924,
1.88951,um,Spot,3,Untracked,1000000162,6925,
6.58224,um,Spot,3,Untracked,1000000161,6926,
4.17556,um,Spot,3,Untracked,1000000163,6927,
1.89564,um,Spot,3,Tracked,1000000051,6928,
2.59249,um,Spot,3,,1000000172,6929,
3.15287,um,Spot,3,Untracked,1000000175,6930,
4.77946,um,Spot,3,Tracked,1000000179,6931,
2.56605,um,Spot,3,Tracked,1000000218,6932,
2.52567,um,Spot,3,Tracked,1000000191,6933,
4.01728,um,Spot,3,Tracked,1000006794,6934,
5.83913,um,Spot,3,Tracked,1000000309,6935,
3.6547,um,Spot,3,Untracked,1000000072,6936,
2.68578,um,Spot,3,Untracked,1000000071,6937,
5.23281,um,Spot,3,Untracked,1000000202,6938,
0,um,Spot,3,Untracked,1000006939,6939,
7.13278,um,Spot,3,Untracked,1000000199,6940,
1.96053,um,Spot,3,Untracked,1000000201,6941,
2.681,um,Spot,3,Untracked,1000000203,6942,
2.65328,um,Spot,3,Untracked,1000006801,6943,
2.46544,um,Spot,3,Untracked,1000000205,6944,
4.45982,um,Spot,3,Untracked,1000000208,6945,
0,um,Spot,3,Untracked,1000006946,6946,
2.01001,um,Spot,3,Untracked,1000000212,6947,
3.18863,um,Spot,3,Tracked,1000000217,6948,
5.59251,um,Spot,3,Tracked,1000000216,6949,
1.71064,um,Spot,3,Untracked,1000000219,6950,
0,um,Spot,3,Untracked,1000006951,6951,
3.45934,um,Spot,3,Untracked,1000000092,6952,
4.42055,um,Spot,3,Untracked,1000000091,6953,
8.43307,um,Spot,3,,1000006809,6954,
0,um,Spot,3,,1000006955,6955,
5.65583,um,Spot,3,Untracked,1000000120,6956,
4.13631,um,Spot,3,Untracked,1000000121,6957,
3.28519,um,Spot,3,Untracked,1000000123,6958,
1.64032,um,Spot,3,Untracked,1000000251,6959,
4.63073,um,Spot,3,Untracked,1000000254,6960,
0,um,Spot,3,Untracked,1000006961,6961,
8.84148,um,Spot,3,Untracked,1000000257,6962,
1.97465,um,Spot,3,Untracked,1000000268,6963,
4.62493,um,Spot,3,Tracked,1000000272,6964,
4.55188,um,Spot,3,Untracked,1000000164,6965,
2.69447,um,Spot,3,Untracked,1000000166,6966,
4.30035,um,Spot,3,Untracked,1000000284,6967,
3.09973,um,Spot,3,Untracked,1000000285,6968,
3.08818,um,Spot,3,Untracked,1000000289,6969,
0,um,Spot,3,Tracked,1000006970,6970,
1.47858,um,Spot,3,Untracked,1000006820,6971,
3.18121,um,Spot,3,Untracked,1000000316,6972,
1.37888,um,Spot,3,Untracked,1000000317,6973,
3.93658,um,Spot,3,Untracked,1000006824,6974,
2.96351,um,Spot,3,Untracked,1000000325,6975,
2.91603,um,Spot,3,Untracked,1000000324,6976,
9.65225,um,Spot,3,Untracked,1000000323,6977,
3.56521,um,Spot,3,Tracked,1000006624,6978,
6.24047,um,Spot,3,Tracked,1000006829,6979,
5.37029,um,Spot,3,Tracked,1000006651,6980,
3.02388,um,Spot,3,Tracked,1000006831,6981,
2.88903,um,Spot,3,Tracked,1000006677,6982,
6.39735,um,Spot,3,Tracked,1000006690,6983,
2.97104,um,Spot,3,Tracked,1000006703,6984,
6.40341,um,Spot,4,,1000006705,6985,
5.87894,um,Spot,4,,1000000003,6986,
4.22657,um,Spot,4,Untracked,1000000010,6987,
1.22384,um,Spot,4,Untracked,1000000012,6988,
3.10548,um,Spot,4,Untracked,1000000013,6989,
4.26393,um,Spot,4,Untracked,1000000014,6990,
4.47903,um,Spot,4,Untracked,1000000018,6991,
6.59614,um,Spot,4,Tracked,1000000021,6992,
7.13275,um,Spot,4,Tracked,1000000124,6993,
6.70325,um,Spot,4,Tracked,1000000022,6994,
4.57782,um,Spot,4,Tracked,1000000023,6995,
2.59083,um,Spot,4,Tracked,1000000134,6996,
0,um,Spot,4,Untracked,1000006997,6997,
4.23057,um,Spot,4,Untracked,1000000024,6998,
5.57671,um,Spot,4,Untracked,1000000026,6999,
6.62589,um,Spot,4,Untracked,1000000028,7000,
4.45896,um,Spot,4,Untracked,1000006716,7001,
2.161,um,Spot,4,Untracked,1000000029,7002,
2.58798,um,Spot,4,Untracked,1000000031,7003,
3.7712,um,Spot,4,Untracked,1000000038,7004,
0,um,Spot,4,Untracked,1000007005,7005,
3.24721,um,Spot,4,Untracked,1000000033,7006,
1.32767,um,Spot,4,Untracked,1000000030,7007,
2.96158,um,Spot,4,Untracked,1000000034,7008,
3.003,um,Spot,4,Untracked,1000000042,7009,
2.35909,um,Spot,4,Tracked,1000000045,7010,
6.8794,um,Spot,4,Tracked,1000000046,7011,
1.78527,um,Spot,4,Untracked,1000000044,7012,
3.42806,um,Spot,4,Untracked,1000000047,7013,
1.25901,um,Spot,4,Untracked,1000000048,7014,
3.71537,um,Spot,4,Tracked,1000000051,7015,
4.31252,um,Spot,4,Tracked,1000000052,7016,
2.24631,um,Spot,4,Tracked,1000000053,7017,
3.34534,um,Spot,4,Tracked,1000000054,7018,
4.48379,um,Spot,4,Tracked,1000000178,7019,
5.46556,um,Spot,4,Tracked,1000000056,7020,
6.29162,um,Spot,4,Untracked,1000000061,7021,
3.46571,um,Spot,4,Untracked,1000000063,7022,
1.86135,um,Spot,4,Untracked,1000000064,7023,
9.44821,um,Spot,4,Untracked,1000006733,7024,
4.85837,um,Spot,4,Untracked,1000006735,7025,
4.78027,um,Spot,4,Untracked,1000000068,7026,
3.00759,um,Spot,4,Untracked,1000000066,7027,
5.4861,um,Spot,4,Untracked,1000000065,7028,
3.88581,um,Spot,4,,1000000073,7029,
1.16072,um,Spot,4,Untracked,1000006740,7030,
9.59,um,Spot,4,,1000006741,7031,
1.62056,um,Spot,4,,1000000084,7032,
3.47791,um,Spot,4,Untracked,1000000088,7033,
2.33773,um,Spot,4,Untracked,1000000089,7034,
2.20508,um,Spot,4,Untracked,1000000096,7035,
0,um,Spot,4,,1000007036,7036,
0.754751,um,Spot,4,Tracked,1000000102,7037,
0,um,Spot,4,,1000007038,7038,
6.53843,um,Spot,4,Tracked,1000000105,7039,
2.16692,um,Spot,4,Untracked,1000000106,7040,
6.16271,um,Spot,4,Untracked,1000000112,7041,
2.86641,um,Spot,4,Untracked,1000000107,7042,
3.37697,um,Spot,4,Untracked,1000000108,7043,
5.43421,um,Spot,4,Untracked,1000000111,7044,
0,um,Spot,4,Untracked,1000007045,7045,
6.34392,um,Spot,4,Untracked,1000006896,7046,
4.54388,um,Spot,4,Untracked,1000000116,7047,
1.33536,um,Spot,4,Untracked,1000000114,7048,
3.06057,um,Spot,4,Untracked,1000000115,7049,
9.74802,um,Spot,4,Untracked,1000000122,7050,
1.65813,um,Spot,4,Untracked,1000000020,7051,
1.48893,um,Spot,4,Tracked,1000000125,7052,
4.57851,um,Spot,4,Tracked,1000000126,7053,
5.97967,um,Spot,4,Tracked,1000000128,7054,
1.36479,um,Spot,4,Untracked,1000000127,7055,
1.99888,um,Spot,4,Tracked,1000000130,7056,
5.40741,um,Spot,4,Tracked,1000000131,7057,
3.56048,um,Spot,4,Tracked,1000000133,7058,
0.941012,um,Spot,4,Tracked,1000000137,7059,
9.96653,um,Spot,4,Tracked,1000000139,7060,
2.05032,um,Spot,4,Tracked,1000000135,7061,
5.11155,um,Spot,4,Tracked,1000000140,7062,
1.76727,um,Spot,4,Tracked,1000000145,7063,
1.96445,um,Spot,4,Untracked,1000000037,7064,
9.83733,um,Spot,4,Untracked,1000000152,7065,
0,um,Spot,4,Untracked,1000007066,7066,
2.60828,um,Spot,4,Untracked,1000000151,7067,
2.62336,um,Spot,4,Untracked,1000000156,7068,
3.32355,um,Spot,4,Untracked,1000000155,7069,
3.16346,um,Spot,4,Untracked,1000000159,7070,
2.62215,um,Spot,4,Untracked,1000000161,7071,
3.17099,um,Spot,4,Untracked,1000000162,7072,
1.54577,um,Spot,4,Untracked,1000000163,7073,
5.96123,um,Spot,4,Untracked,1000000164,7074,
6.58136,um,Spot,4,Untracked,1000000166,7075,
5.03917,um,Spot,4,,1000000172,7076,
2.30945,um,Spot,4,Tracked,1000000179,7077,
1.70567,um,Spot,4,Tracked,1000000191,7078,
11.7692,um,Spot,4,Tracked,1000006791,7079,
2.58319,um,Spot,4,Tracked,1000000218,7080,
4.67848,um,Spot,4,Tracked,1000000309,7081,
3.19079,um,Spot,4,Untracked,1000000071,7082,
1.41157,um,Spot,4,Untracked,1000000067,7083,
2.89656,um,Spot,4,Untracked,1000000201,7084,
4.33613,um,Spot,4,Untracked,1000000072,7085,
2.4434,um,Spot,4,Untracked,1000000199,7086,
2.98438,um,Spot,4,Untracked,1000000202,7087,
0,um,Spot,4,Untracked,1000007088,7088,
6.72153,um,Spot,4,Untracked,1000000205,7089,
4.72331,um,Spot,4,Untracked,1000006801,7090,
4.98433,um,Spot,4,Untracked,1000000203,7091,
3.81581,um,Spot,4,Untracked,1000006820,7092,
1.99,um,Spot,4,Untracked,1000000212,7093,
1.82766,um,Spot,4,Tracked,1000000217,7094,
2.08299,um,Spot,4,Tracked,1000000216,7095,
5.64611,um,Spot,4,Untracked,1000000091,7096,
3.38912,um,Spot,4,Untracked,1000000092,7097,
3.66268,um,Spot,4,Untracked,1000000121,7098,
2.59835,um,Spot,4,Untracked,1000000120,7099,
2.17619,um,Spot,4,Untracked,1000000123,7100,
2.77757,um,Spot,4,Untracked,1000000251,7101,
3.64417,um,Spot,4,Untracked,1000006961,7102,
5.9251,um,Spot,4,Untracked,1000000257,7103,
0,um,Spot,4,Untracked,1000007104,7104,
2.38939,um,Spot,4,Untracked,1000000268,7105,
0,um,Spot,4,Untracked,1000007106,7106,
3.47851,um,Spot,4,Untracked,1000000285,7107,
0,um,Spot,4,Untracked,1000007108,7108,
4.52161,um,Spot,4,Untracked,1000000289,7109,
0,um,Spot,4,Untracked,1000007110,7110,
4.565,um,Spot,4,Untracked,1000006946,7111,
8.63237,um,Spot,4,Untracked,1000000208,7112,
4.69744,um,Spot,4,Untracked,1000000317,7113,
4.55022,um,Spot,4,Untracked,1000006824,7114,
5.87652,um,Spot,4,Untracked,1000000323,7115,
4.75975,um,Spot,4,Untracked,1000000325,7116,
4.97975,um,Spot,4,Untracked,1000000324,7117,
0,um,Spot,4,Untracked,1000007118,7118,
4.36577,um,Spot,4,Untracked,1000000379,7119,
6.12948,um,Spot,4,Tracked,1000006624,7120,
3.13519,um,Spot,4,Tracked,1000006829,7121,
10.0443,um,Spot,4,Tracked,1000006651,7122,
6.0055,um,Spot,4,Tracked,1000006831,7123,
0.215259,um,Spot,4,Tracked,1000006677,7124,
0,um,Spot,4,Tracked,1000006690,7125,
1.4389,um,Spot,4,Tracked,1000006703,7126,
3.90428,um,Spot,5,,1000006705,7127,
5.04397,um,Spot,5,,1000000003,7128,
1.64703,um,Spot,5,Untracked,1000000010,7129,
2.50389,um,Spot,5,Untracked,1000000011,7130,
0.94456,um,Spot,5,Untracked,1000000012,7131,
2.04733,um,Spot,5,Untracked,1000000013,7132,
11.0774,um,Spot,5,Tracked,1000000016,7133,
1.96462,um,Spot,5,Untracked,1000000018,7134,
0.977706,um,Spot,5,Tracked,1000000021,7135,
2.44473,um,Spot,5,Tracked,1000000022,7136,
3.41296,um,Spot,5,Tracked,1000000005,7137,
2.98894,um,Spot,5,Tracked,1000000023,7138,
3.17422,um,Spot,5,Untracked,1000000024,7139,
3.25666,um,Spot,5,Untracked,1000000026,7140,
5.61922,um,Spot,5,Untracked,1000000027,7141,
5.80958,um,Spot,5,Untracked,1000000028,7142,
4.38605,um,Spot,5,Untracked,1000000029,7143,
3.34082,um,Spot,5,Untracked,1000006716,7144,
2.76985,um,Spot,5,Untracked,1000000033,7145,
2.14481,um,Spot,5,Untracked,1000000031,7146,
3.57618,um,Spot,5,Untracked,1000000038,7147,
2.06526,um,Spot,5,Untracked,1000007005,7148,
0,um,Spot,5,Untracked,1000007149,7149,
3.56714,um,Spot,5,Tracked,1000000041,7150,
5.10042,um,Spot,5,Untracked,1000000042,7151,
1.03067,um,Spot,5,Tracked,1000000045,7152,
3.18091,um,Spot,5,Tracked,1000006858,7153,
1.5461,um,Spot,5,Tracked,1000000046,7154,
1.51924,um,Spot,5,Untracked,1000000044,7155,
3.05252,um,Spot,5,Untracked,1000000047,7156,
2.07559,um,Spot,5,Tracked,1000000051,7157,
5.23583,um,Spot,5,Untracked,1000000048,7158,
1.71898,um,Spot,5,Tracked,1000000052,7159,
3.08161,um,Spot,5,Tracked,1000000054,7160,
3.01214,um,Spot,5,Tracked,1000000178,7161,
0,um,Spot,5,Tracked,1000007162,7162,
1.75132,um,Spot,5,Tracked,1000000056,7163,
3.57733,um,Spot,5,Untracked,1000000061,7164,
1.58983,um,Spot,5,Untracked,1000000063,7165,
3.27926,um,Spot,5,Untracked,1000000064,7166,
8.68325,um,Spot,5,Untracked,1000000065,7167,
4.60106,um,Spot,5,Untracked,1000006735,7168,
0,um,Spot,5,Untracked,1000007169,7169,
8.49382,um,Spot,5,Untracked,1000000072,7170,
2.22791,um,Spot,5,,1000000073,7171,
0,um,Spot,5,,1000007172,7172,
5.48052,um,Spot,5,,1000000082,7173,
0,um,Spot,5,,1000007174,7174,
1.88851,um,Spot,5,,1000000084,7175,
7.57568,um,Spot,5,,1000006881,7176,
3.13737,um,Spot,5,Untracked,1000000088,7177,
10.6994,um,Spot,5,Untracked,1000000089,7178,
4.04188,um,Spot,5,Untracked,1000006951,7179,
2.62726,um,Spot,5,Tracked,1000000094,7180,
3.14594,um,Spot,5,,1000007036,7181,
3.90062,um,Spot,5,Untracked,1000000096,7182,
6.23113,um,Spot,5,,1000007038,7183,
5.91002,um,Spot,5,Tracked,1000000105,7184,
9.75057,um,Spot,5,Tracked,1000000102,7185,
1.677,um,Spot,5,Untracked,1000000014,7186,
1.31151,um,Spot,5,Untracked,1000000112,7187,
1.15421,um,Spot,5,Untracked,1000000106,7188,
0,um,Spot,5,Untracked,1000007189,7189,
1.3038,um,Spot,5,Untracked,1000000108,7190,
2.14417,um,Spot,5,Untracked,1000000107,7191,
1.31573,um,Spot,5,Untracked,1000007045,7192,
9.48985,um,Spot,5,Untracked,1000000111,7193,
1.4613,um,Spot,5,Untracked,1000000114,7194,
5.18926,um,Spot,5,Untracked,1000006896,7195,
0.722521,um,Spot,5,Untracked,1000000115,7196,
4.64872,um,Spot,5,Untracked,1000000116,7197,
3.53786,um,Spot,5,Untracked,1000000122,7198,
4.52913,um,Spot,5,Untracked,1000000120,7199,
0.911204,um,Spot,5,Untracked,1000000020,7200,
8.62727,um,Spot,5,Tracked,1000000124,7201,
4.2499,um,Spot,5,Tracked,1000000125,7202,
2.38186,um,Spot,5,Tracked,1000000126,7203,
3.32911,um,Spot,5,Untracked,1000000127,7204,
3.22093,um,Spot,5,Tracked,1000000128,7205,
6.83312,um,Spot,5,Tracked,1000000130,7206,
0.615238,um,Spot,5,Tracked,1000000131,7207,
2.17294,um,Spot,5,Tracked,1000000134,7208,
3.2315,um,Spot,5,Tracked,1000000133,7209,
2.63982,um,Spot,5,Tracked,1000000137,7210,
5.12167,um,Spot,5,Tracked,1000000139,7211,
1.76597,um,Spot,5,Tracked,1000000135,7212,
1.72521,um,Spot,5,Tracked,1000000140,7213,
4.99064,um,Spot,5,Tracked,1000006777,7214,
3.74007,um,Spot,5,Tracked,1000000145,7215,
3.93472,um,Spot,5,Untracked,1000000034,7216,
2.03354,um,Spot,5,Untracked,1000000037,7217,
2.753,um,Spot,5,Untracked,1000007066,7218,
4.45503,um,Spot,5,Untracked,1000000152,7219,
4.55514,um,Spot,5,Untracked,1000000151,7220,
1.88146,um,Spot,5,Untracked,1000000156,7221,
6.39617,um,Spot,5,Untracked,1000000155,7222,
0,um,Spot,5,Untracked,1000007223,7223,
2.62391,um,Spot,5,Untracked,1000000159,7224,
2.59694,um,Spot,5,Untracked,1000000161,7225,
1.70205,um,Spot,5,Untracked,1000000163,7226,
4.61861,um,Spot,5,,1000000172,7227,
2.23417,um,Spot,5,Untracked,1000000175,7228,
3.78675,um,Spot,5,Tracked,1000006970,7229,
1.71392,um,Spot,5,Tracked,1000000179,7230,
1.59701,um,Spot,5,Tracked,1000000191,7231,
11.4183,um,Spot,5,Tracked,1000006791,7232,
2.95473,um,Spot,5,Tracked,1000000218,7233,
0,um,Spot,5,Tracked,1000007234,7234,
0.753995,um,Spot,5,Tracked,1000000309,7235,
5.04614,um,Spot,5,Untracked,1000000068,7236,
5.88133,um,Spot,5,Untracked,1000000066,7237,
9.54509,um,Spot,5,Untracked,1000006939,7238,
2.9926,um,Spot,5,Untracked,1000000067,7239,
2.61507,um,Spot,5,Untracked,1000000201,7240,
3.18122,um,Spot,5,Untracked,1000000071,7241,
2.08435,um,Spot,5,Untracked,1000000199,7242,
2.18991,um,Spot,5,Untracked,1000000202,7243,
2.08484,um,Spot,5,Untracked,1000000205,7244,
4.25551,um,Spot,5,Untracked,1000007088,7245,
11.1522,um,Spot,5,Untracked,1000000203,7246,
1.2555,um,Spot,5,Untracked,1000000212,7247,
5.79742,um,Spot,5,Tracked,1000000216,7248,
2.18802,um,Spot,5,Untracked,1000000219,7249,
0,um,Spot,5,,1000007250,7250,
3.16053,um,Spot,5,Untracked,1000000092,7251,
5.54448,um,Spot,5,Untracked,1000000091,7252,
5.18073,um,Spot,5,,1000006955,7253,
0,um,Spot,5,Untracked,1000007254,7254,
0.319839,um,Spot,5,Untracked,1000000121,7255,
5.91521,um,Spot,5,Untracked,1000006811,7256,
15.4807,um,Spot,5,Untracked,1000000254,7257,
2.51673,um,Spot,5,Untracked,1000000123,7258,
2.863,um,Spot,5,Untracked,1000000251,7259,
6.30752,um,Spot,5,Untracked,1000006961,7260,
4.14888,um,Spot,5,Untracked,1000007104,7261,
2.57825,um,Spot,5,Untracked,1000000268,7262,
0,um,Spot,5,Tracked,1000007263,7263,
4.51994,um,Spot,5,Untracked,1000000164,7264,
3.97279,um,Spot,5,Untracked,1000000166,7265,
6.01752,um,Spot,5,Untracked,1000007106,7266,
4.51293,um,Spot,5,Untracked,1000000285,7267,
7.92962,um,Spot,5,Untracked,1000000284,7268,
2.87919,um,Spot,5,Untracked,1000000289,7269,
1.95881,um,Spot,5,Untracked,1000007110,7270,
3.25317,um,Spot,5,Untracked,1000007108,7271,
3.2128,um,Spot,5,Untracked,1000006820,7272,
2.64072,um,Spot,5,Untracked,1000000316,7273,
3.9237,um,Spot,5,Untracked,1000000317,7274,
0,um,Spot,5,Untracked,1000007275,7275,
1.87192,um,Spot,5,Untracked,1000000325,7276,
3.28847,um,Spot,5,Untracked,1000000324,7277,
2.12116,um,Spot,5,Untracked,1000007118,7278,
0,um,Spot,5,Untracked,1000007279,7279,
4.48187,um,Spot,5,Untracked,1000000323,7280,
3.8769,um,Spot,5,Untracked,1000000379,7281,
9.64806,um,Spot,5,Tracked,1000006624,7282,
3.15923,um,Spot,5,Tracked,1000006829,7283,
0.660027,um,Spot,5,Tracked,1000006651,7284,
0,um,Spot,5,Tracked,1000006831,7285,
3.75121,um,Spot,6,,1000006705,7286,
2.79862,um,Spot,6,,1000000003,7287,
0.779665,um,Spot,6,Untracked,1000000011,7288,
3.32528,um,Spot,6,Untracked,1000000010,7289,
3.49411,um,Spot,6,Untracked,1000000013,7290,
0,um,Spot,6,Tracked,1000007291,7291,
1.12885,um,Spot,6,Untracked,1000000018,7292,
1.88899,um,Spot,6,Tracked,1000000021,7293,
3.28996,um,Spot,6,Tracked,1000000022,7294,
1.56959,um,Spot,6,Tracked,1000000023,7295,
7.57115,um,Spot,6,Untracked,1000006997,7296,
2.38238,um,Spot,6,Untracked,1000000024,7297,
3.12469,um,Spot,6,Untracked,1000000026,7298,
1.35753,um,Spot,6,Untracked,1000000028,7299,
2.67209,um,Spot,6,Untracked,1000006716,7300,
5.66191,um,Spot,6,Untracked,1000007149,7301,
0,um,Spot,6,Untracked,1000007302,7302,
1.49915,um,Spot,6,Untracked,1000000038,7303,
1.87565,um,Spot,6,Untracked,1000000029,7304,
2.15171,um,Spot,6,Untracked,1000000033,7305,
1.23183,um,Spot,6,Untracked,1000000031,7306,
3.40747,um,Spot,6,Untracked,1000007005,7307,
0,um,Spot,6,Untracked,1000007308,7308,
3.83027,um,Spot,6,Untracked,1000000030,7309,
2.39936,um,Spot,6,Untracked,1000007169,7310,
1.63646,um,Spot,6,Tracked,1000000041,7311,
1.23995,um,Spot,6,Untracked,1000000042,7312,
1.34172,um,Spot,6,Tracked,1000006858,7313,
2.61333,um,Spot,6,Tracked,1000000046,7314,
1.0215,um,Spot,6,Tracked,1000000045,7315,
2.06507,um,Spot,6,Untracked,1000000044,7316,
1.5722,um,Spot,6,Untracked,1000000047,7317,
2.84409,um,Spot,6,Untracked,1000000048,7318,
3.24168,um,Spot,6,Tracked,1000000051,7319,
3.45186,um,Spot,6,Tracked,1000000052,7320,
2.5563,um,Spot,6,Tracked,1000000053,7321,
3.55664,um,Spot,6,Tracked,1000000054,7322,
1.80948,um,Spot,6,Tracked,1000000178,7323,
3.61759,um,Spot,6,Tracked,1000000056,7324,
0,um,Spot,6,Untracked,1000007325,7325,
2.29227,um,Spot,6,Untracked,1000000061,7326,
2.74903,um,Spot,6,Untracked,1000000063,7327,
1.93349,um,Spot,6,Untracked,1000000064,7328,
2.72777,um,Spot,6,Untracked,1000006735,7329,
5.12572,um,Spot,6,Untracked,1000000066,7330,
1.09164,um,Spot,6,,1000000073,7331,
4.9012,um,Spot,6,,1000007172,7332,
1.53813,um,Spot,6,,1000000082,7333,
6.43252,um,Spot,6,,1000007174,7334,
3.63527,um,Spot,6,,1000000084,7335,
5.95624,um,Spot,6,,1000007250,7336,
0,um,Spot,6,,1000007337,7337,
2.40621,um,Spot,6,Untracked,1000000088,7338,
2.51909,um,Spot,6,Untracked,1000000089,7339,
10.5569,um,Spot,6,Untracked,1000000092,7340,
1.9678,um,Spot,6,Tracked,1000000094,7341,
1.24156,um,Spot,6,Untracked,1000000096,7342,
3.87681,um,Spot,6,,1000007036,7343,
2.79177,um,Spot,6,Tracked,1000000105,7344,
5.87253,um,Spot,6,Tracked,1000000102,7345,
2.226,um,Spot,6,Untracked,1000000014,7346,
0.600068,um,Spot,6,Untracked,1000000106,7347,
4.45696,um,Spot,6,Untracked,1000000112,7348,
1.96685,um,Spot,6,Untracked,1000007189,7349,
0.563302,um,Spot,6,Untracked,1000007045,7350,
2.27188,um,Spot,6,Untracked,1000000107,7351,
3.74694,um,Spot,6,Untracked,1000000108,7352,
2.58721,um,Spot,6,Untracked,1000000111,7353,
1.43211,um,Spot,6,Untracked,1000000114,7354,
1.58928,um,Spot,6,Untracked,1000000115,7355,
1.81882,um,Spot,6,Untracked,1000000116,7356,
0.95059,um,Spot,6,Untracked,1000000122,7357,
1.75084,um,Spot,6,Untracked,1000000120,7358,
1.16229,um,Spot,6,Untracked,1000000020,7359,
4.62404,um,Spot,6,Tracked,1000000124,7360,
0.842628,um,Spot,6,Tracked,1000000125,7361,
1.80075,um,Spot,6,Tracked,1000000128,7362,
2.53516,um,Spot,6,Tracked,1000000126,7363,
1.22206,um,Spot,6,Untracked,1000000127,7364,
7.62889,um,Spot,6,Tracked,1000000130,7365,
2.01967,um,Spot,6,Tracked,1000000131,7366,
3.3797,um,Spot,6,Tracked,1000000005,7367,
3.01766,um,Spot,6,Tracked,1000000137,7368,
1.87261,um,Spot,6,Tracked,1000000134,7369,
8.85274,um,Spot,6,Tracked,1000000139,7370,
2.40305,um,Spot,6,Tracked,1000000133,7371,
1.39931,um,Spot,6,Tracked,1000000135,7372,
5.93086,um,Spot,6,Tracked,1000006777,7373,
2.28994,um,Spot,6,Tracked,1000000140,7374,
5.63532,um,Spot,6,Tracked,1000000145,7375,
1.37026,um,Spot,6,Untracked,1000000034,7376,
1.53679,um,Spot,6,Untracked,1000000037,7377,
1.43405,um,Spot,6,Untracked,1000007066,7378,
2.30719,um,Spot,6,Untracked,1000000152,7379,
1.64044,um,Spot,6,Untracked,1000000151,7380,
1.65349,um,Spot,6,Untracked,1000000156,7381,
0.622995,um,Spot,6,Untracked,1000000159,7382,
3.61137,um,Spot,6,Untracked,1000000155,7383,
5.50529,um,Spot,6,Untracked,1000007223,7384,
2.17143,um,Spot,6,Untracked,1000000163,7385,
3.18759,um,Spot,6,Untracked,1000000161,7386,
2.82065,um,Spot,6,,1000000172,7387,
0,um,Spot,6,Tracked,1000007388,7388,
1.66733,um,Spot,6,Untracked,1000000175,7389,
4.54682,um,Spot,6,Tracked,1000000179,7390,
2.13008,um,Spot,6,Tracked,1000000191,7391,
1.62116,um,Spot,6,Tracked,1000006791,7392,
1.88743,um,Spot,6,Tracked,1000000218,7393,
2.13643,um,Spot,6,Tracked,1000007234,7394,
2.27318,um,Spot,6,Tracked,1000000309,7395,
2.28098,um,Spot,6,Untracked,1000000068,7396,
0.991587,um,Spot,6,Untracked,1000000071,7397,
2.44118,um,Spot,6,Untracked,1000000067,7398,
2.29662,um,Spot,6,Untracked,1000000201,7399,
12.5084,um,Spot,6,Untracked,1000000072,7400,
9.39635,um,Spot,6,Untracked,1000006939,7401,
8.38599,um,Spot,6,Untracked,1000006801,7402,
2.04787,um,Spot,6,Untracked,1000007088,7403,
1.10062,um,Spot,6,Untracked,1000000205,7404,
0,um,Spot,6,Untracked,1000007405,7405,
1.09253,um,Spot,6,Untracked,1000000212,7406,
2.77319,um,Spot,6,Tracked,1000000217,7407,
4.56067,um,Spot,6,Tracked,1000000216,7408,
3.78334,um,Spot,6,Untracked,1000000219,7409,
0,um,Spot,6,,1000007410,7410,
3.1587,um,Spot,6,Untracked,1000000091,7411,
0,um,Spot,6,Untracked,1000007412,7412,
3.36242,um,Spot,6,,1000006955,7413,
3.05258,um,Spot,6,Untracked,1000007254,7414,
1.71757,um,Spot,6,Untracked,1000000121,7415,
4.78695,um,Spot,6,Untracked,1000000123,7416,
2.25223,um,Spot,6,Untracked,1000000251,7417,
0,um,Spot,6,Untracked,1000007418,7418,
4.42525,um,Spot,6,Untracked,1000006961,7419,
7.48378,um,Spot,6,Untracked,1000007118,7420,
2.66624,um,Spot,6,Untracked,1000000268,7421,
6.56697,um,Spot,6,Tracked,1000007263,7422,
1.34068,um,Spot,6,Untracked,1000000164,7423,
3.20997,um,Spot,6,Untracked,1000000166,7424,
5.02513,um,Spot,6,Untracked,1000000284,7425,
3.60059,um,Spot,6,Untracked,1000000285,7426,
5.66867,um,Spot,6,Untracked,1000000289,7427,
2.17322,um,Spot,6,Untracked,1000007108,7428,
0.888057,um,Spot,6,Untracked,1000006820,7429,
3.36102,um,Spot,6,Untracked,1000000317,7430,
4.68027,um,Spot,6,Untracked,1000000324,7431,
3.4634,um,Spot,6,Untracked,1000000325,7432,
3.1575,um,Spot,6,Untracked,1000007279,7433,
2.81135,um,Spot,6,Untracked,1000000323,7434,
2.27189,um,Spot,6,Untracked,1000000379,7435,
4.96285,um,Spot,6,Tracked,1000006624,7436,
2.87151,um,Spot,6,Tracked,1000006829,7437,
2.03294,um,Spot,6,Tracked,1000006651,7438,
0.676578,um,Spot,6,Tracked,1000006831,7439,
9.98774,um,Spot,6,Tracked,1000006677,7440,
0,um,Spot,6,Tracked,1000007441,7441,
4.39131,um,Spot,6,Tracked,1000006703,7442,
2.01708,um,Spot,7,,1000006705,7443,
6.00378,um,Spot,7,,1000000003,7444,
5.803,um,Spot,7,Untracked,1000000026,7445,
3.43754,um,Spot,7,Untracked,1000000010,7446,
7.60563,um,Spot,7,Untracked,1000000011,7447,
5.08494,um,Spot,7,Untracked,1000000012,7448,
2.73227,um,Spot,7,Tracked,1000007291,7449,
2.77634,um,Spot,7,Tracked,1000000016,7450,
2.20443,um,Spot,7,Untracked,1000000018,7451,
4.11429,um,Spot,7,Tracked,1000000021,7452,
15.1637,um,Spot,7,Tracked,1000000022,7453,
3.25589,um,Spot,7,Untracked,1000006997,7454,
3.97521,um,Spot,7,Untracked,1000000024,7455,
5.65731,um,Spot,7,Untracked,1000007302,7456,
4.21043,um,Spot,7,Untracked,1000000028,7457,
4.25708,um,Spot,7,Untracked,1000006716,7458,
12.3866,um,Spot,7,Untracked,1000000027,7459,
2.52732,um,Spot,7,Untracked,1000000031,7460,
4.49313,um,Spot,7,Untracked,1000007005,7461,
5.77458,um,Spot,7,Untracked,1000000038,7462,
3.74283,um,Spot,7,Untracked,1000000029,7463,
7.51505,um,Spot,7,Untracked,1000000030,7464,
4.31831,um,Spot,7,Untracked,1000000033,7465,
2.31222,um,Spot,7,Tracked,1000000041,7466,
2.20281,um,Spot,7,,1000000073,7467,
3.67394,um,Spot,7,Untracked,1000000042,7468,
2.56436,um,Spot,7,Tracked,1000006858,7469,
2.96598,um,Spot,7,Tracked,1000000046,7470,
2.66748,um,Spot,7,Untracked,1000000044,7471,
3.8808,um,Spot,7,Tracked,1000000045,7472,
2.28887,um,Spot,7,Untracked,1000000047,7473,
2.47091,um,Spot,7,Untracked,1000000048,7474,
2.11163,um,Spot,7,Tracked,1000000052,7475,
3.80255,um,Spot,7,Tracked,1000000054,7476,
5.50305,um,Spot,7,Tracked,1000000178,7477,
5.45034,um,Spot,7,Tracked,1000007162,7478,
6.93105,um,Spot,7,Tracked,1000000179,7479,
3.36362,um,Spot,7,Tracked,1000000056,7480,
8.42596,um,Spot,7,Untracked,1000007325,7481,
2.80139,um,Spot,7,Untracked,1000000061,7482,
1.91714,um,Spot,7,Untracked,1000000063,7483,
0,um,Spot,7,Untracked,1000007484,7484,
7.03965,um,Spot,7,Untracked,1000000064,7485,
0,um,Spot,7,Tracked,1000007486,7486,
1.38605,um,Spot,7,,1000000082,7487,
1.97302,um,Spot,7,,1000006881,7488,
3.24418,um,Spot,7,,1000000084,7489,
5.06601,um,Spot,7,Untracked,1000000088,7490,
6.75583,um,Spot,7,Untracked,1000000089,7491,
5.71308,um,Spot,7,Tracked,1000000094,7492,
3.24507,um,Spot,7,Untracked,1000000096,7493,
5.21296,um,Spot,7,Tracked,1000000102,7494,
4.20552,um,Spot,7,,1000007036,7495,
3.08752,um,Spot,7,Tracked,1000000005,7496,
0.582064,um,Spot,7,Tracked,1000000105,7497,
4.23567,um,Spot,7,Untracked,1000000013,7498,
2.53832,um,Spot,7,Untracked,1000000014,7499,
5.09934,um,Spot,7,Untracked,1000000106,7500,
2.68938,um,Spot,7,Untracked,1000000112,7501,
1.64347,um,Spot,7,Untracked,1000007189,7502,
1.90688,um,Spot,7,Untracked,1000000111,7503,
3.81712,um,Spot,7,Untracked,1000007045,7504,
2.96849,um,Spot,7,Untracked,1000000108,7505,
5.86553,um,Spot,7,Untracked,1000000107,7506,
4.13363,um,Spot,7,Untracked,1000000114,7507,
2.04003,um,Spot,7,Untracked,1000000115,7508,
3.88588,um,Spot,7,Untracked,1000000116,7509,
2.42864,um,Spot,7,Untracked,1000000020,7510,
3.45571,um,Spot,7,Tracked,1000000124,7511,
2.52866,um,Spot,7,Tracked,1000000128,7512,
3.40377,um,Spot,7,Tracked,1000000125,7513,
2.38325,um,Spot,7,Tracked,1000000126,7514,
3.09508,um,Spot,7,Untracked,1000000127,7515,
1.06609,um,Spot,7,Tracked,1000000130,7516,
4.57074,um,Spot,7,Tracked,1000000131,7517,
6.35989,um,Spot,7,Tracked,1000000133,7518,
2.68034,um,Spot,7,Tracked,1000000023,7519,
1.71488,um,Spot,7,Tracked,1000000134,7520,
2.5848,um,Spot,7,Tracked,1000000137,7521,
5.67512,um,Spot,7,Tracked,1000000139,7522,
1.17801,um,Spot,7,Tracked,1000000135,7523,
5.25203,um,Spot,7,Tracked,1000006777,7524,
3.94933,um,Spot,7,Tracked,1000000140,7525,
2.7424,um,Spot,7,Tracked,1000000191,7526,
6.32221,um,Spot,7,Tracked,1000000145,7527,
3.28875,um,Spot,7,Untracked,1000007169,7528,
5.26037,um,Spot,7,Untracked,1000007308,7529,
5.07126,um,Spot,7,Untracked,1000000034,7530,
3.43497,um,Spot,7,Untracked,1000000037,7531,
5.50357,um,Spot,7,Untracked,1000000152,7532,
3.75784,um,Spot,7,Untracked,1000007066,7533,
4.10955,um,Spot,7,Untracked,1000000151,7534,
2.55415,um,Spot,7,Untracked,1000000156,7535,
1.64367,um,Spot,7,Untracked,1000007223,7536,
5.46742,um,Spot,7,Untracked,1000000159,7537,
6.85466,um,Spot,7,Untracked,1000000155,7538,
3.72372,um,Spot,7,Untracked,1000000161,7539,
5.4331,um,Spot,7,Untracked,1000000163,7540,
3.3697,um,Spot,7,Tracked,1000000051,7541,
5.04759,um,Spot,7,,1000000172,7542,
5.44833,um,Spot,7,Tracked,1000007388,7543,
6.51421,um,Spot,7,Tracked,1000006970,7544,
6.0107,um,Spot,7,Tracked,1000000216,7545,
2.58977,um,Spot,7,Tracked,1000006791,7546,
3.01692,um,Spot,7,Tracked,1000000218,7547,
0,um,Spot,7,Tracked,1000007548,7548,
3.18079,um,Spot,7,Tracked,1000007234,7549,
5.11435,um,Spot,7,Tracked,1000000309,7550,
4.05753,um,Spot,7,Untracked,1000000068,7551,
6.31611,um,Spot,7,Untracked,1000006735,7552,
3.72951,um,Spot,7,Untracked,1000000066,7553,
3.20329,um,Spot,7,Untracked,1000000072,7554,
4.49634,um,Spot,7,Untracked,1000000071,7555,
4.36687,um,Spot,7,Untracked,1000006939,7556,
3.97469,um,Spot,7,Untracked,1000000201,7557,
4.04702,um,Spot,7,Untracked,1000000205,7558,
5.76692,um,Spot,7,Untracked,1000007405,7559,
3.27057,um,Spot,7,Untracked,1000000212,7560,
3.37115,um,Spot,7,Tracked,1000000217,7561,
4.75043,um,Spot,7,Untracked,1000000219,7562,
0,um,Spot,7,Untracked,1000007563,7563,
17.3343,um,Spot,7,,1000007250,7564,
5.89602,um,Spot,7,Untracked,1000000092,7565,
8.03689,um,Spot,7,Untracked,1000000091,7566,
9.05955,um,Spot,7,Untracked,1000007412,7567,
6.50606,um,Spot,7,,1000006955,7568,
4.81546,um,Spot,7,Untracked,1000000120,7569,
3.51017,um,Spot,7,Untracked,1000000121,7570,
6.05918,um,Spot,7,Untracked,1000006811,7571,
5.98911,um,Spot,7,Untracked,1000000254,7572,
3.55259,um,Spot,7,Untracked,1000000251,7573,
4.87898,um,Spot,7,Untracked,1000000123,7574,
2.03712,um,Spot,7,Untracked,1000007418,7575,
2.80615,um,Spot,7,Untracked,1000006961,7576,
0,um,Spot,7,Untracked,1000007577,7577,
4.05584,um,Spot,7,Untracked,1000000268,7578,
5.95713,um,Spot,7,Untracked,1000000164,7579,
5.82568,um,Spot,7,Untracked,1000006820,7580,
6.11976,um,Spot,7,Untracked,1000000166,7581,
4.04135,um,Spot,7,Untracked,1000000284,7582,
4.31631,um,Spot,7,Untracked,1000000285,7583,
4.0159,um,Spot,7,Untracked,1000000289,7584,
2.72426,um,Spot,7,Untracked,1000007108,7585,
8.19051,um,Spot,7,Untracked,1000000203,7586,
4.06355,um,Spot,7,Untracked,1000000317,7587,
4.18612,um,Spot,7,Untracked,1000007275,7588,
4.0866,um,Spot,7,Untracked,1000000324,7589,
5.82696,um,Spot,7,Untracked,1000000325,7590,
3.64583,um,Spot,7,Untracked,1000007118,7591,
10.5117,um,Spot,7,Untracked,1000007104,7592,
6.95291,um,Spot,7,Untracked,1000007279,7593,
0,um,Spot,7,Untracked,1000007594,7594,
5.6839,um,Spot,7,Untracked,1000000323,7595,
5.5213,um,Spot,7,Tracked,1000006624,7596,
2.45873,um,Spot,7,Tracked,1000006829,7597,
0,um,Spot,7,Tracked,1000006651,7598,
0,um,Spot,7,Tracked,1000006831,7599,
4.3809,um,Spot,7,Tracked,1000006677,7600,
3.36571,um,Spot,7,Tracked,1000007441,7601,
2.39029,um,Spot,7,Tracked,1000006703,7602,
3.73863,um,Spot,8,,1000006705,7603,
5.85623,um,Spot,8,,1000000003,7604,
2.42681,um,Spot,8,Untracked,1000000026,7605,
3.67138,um,Spot,8,Untracked,1000000010,7606,
3.44729,um,Spot,8,Untracked,1000000011,7607,
2.44393,um,Spot,8,Tracked,1000007291,7608,
2.26936,um,Spot,8,Tracked,1000000016,7609,
2.99675,um,Spot,8,Untracked,1000000018,7610,
6.00592,um,Spot,8,Tracked,1000000021,7611,
2.59105,um,Spot,8,Tracked,1000000022,7612,
1.44899,um,Spot,8,Tracked,1000000023,7613,
2.53779,um,Spot,8,Untracked,1000006997,7614,
2.21389,um,Spot,8,Untracked,1000000024,7615,
6.61795,um,Spot,8,Untracked,1000007302,7616,
3.33744,um,Spot,8,Untracked,1000000028,7617,
2.62924,um,Spot,8,Untracked,1000006716,7618,
3.38802,um,Spot,8,Untracked,1000000027,7619,
3.28136,um,Spot,8,Untracked,1000000031,7620,
2.30058,um,Spot,8,Tracked,1000000041,7621,
2.32578,um,Spot,8,Untracked,1000000042,7622,
2.97472,um,Spot,8,Tracked,1000006858,7623,
3.35997,um,Spot,8,Tracked,1000000045,7624,
3.3328,um,Spot,8,Tracked,1000000046,7625,
1.42853,um,Spot,8,Untracked,1000000044,7626,
2.80839,um,Spot,8,Untracked,1000000047,7627,
5.67001,um,Spot,8,Untracked,1000000048,7628,
4.34897,um,Spot,8,Tracked,1000000051,7629,
1.74501,um,Spot,8,Tracked,1000000052,7630,
3.52472,um,Spot,8,Tracked,1000000054,7631,
1.39181,um,Spot,8,Tracked,1000000053,7632,
2.22493,um,Spot,8,Tracked,1000000178,7633,
5.93228,um,Spot,8,Tracked,1000000179,7634,
6.61882,um,Spot,8,Tracked,1000007162,7635,
2.81256,um,Spot,8,Tracked,1000000056,7636,
3.06652,um,Spot,8,Untracked,1000000061,7637,
8.44721,um,Spot,8,Untracked,1000007325,7638,
3.41895,um,Spot,8,Untracked,1000000063,7639,
5.59293,um,Spot,8,Untracked,1000007484,7640,
3.56045,um,Spot,8,,1000000073,7641,
0,um,Spot,8,Untracked,1000007642,7642,
4.23867,um,Spot,8,Tracked,1000007486,7643,
6.49674,um,Spot,8,,1000007172,7644,
5.12561,um,Spot,8,,1000000082,7645,
3.67471,um,Spot,8,,1000007174,7646,
3.33162,um,Spot,8,,1000000084,7647,
7.81419,um,Spot,8,,1000006881,7648,
14.9996,um,Spot,8,,1000007250,7649,
4.71745,um,Spot,8,Untracked,1000000088,7650,
4.07651,um,Spot,8,Untracked,1000000089,7651,
5.99503,um,Spot,8,Untracked,1000000092,7652,
2.64296,um,Spot,8,Tracked,1000000094,7653,
3.82179,um,Spot,8,Tracked,1000000102,7654,
4.98629,um,Spot,8,Untracked,1000000096,7655,
4.23893,um,Spot,8,,1000007036,7656,
1.91669,um,Spot,8,Tracked,1000000105,7657,
3.15128,um,Spot,8,Untracked,1000000012,7658,
2.38207,um,Spot,8,Untracked,1000000013,7659,
4.94561,um,Spot,8,Untracked,1000000014,7660,
5.46915,um,Spot,8,Untracked,1000000106,7661,
2.77321,um,Spot,8,Untracked,1000007189,7662,
2.66346,um,Spot,8,Untracked,1000000112,7663,
4.67985,um,Spot,8,Untracked,1000000111,7664,
2.73642,um,Spot,8,Untracked,1000000107,7665,
3.4824,um,Spot,8,Untracked,1000000108,7666,
3.12607,um,Spot,8,Untracked,1000000114,7667,
2.5948,um,Spot,8,Untracked,1000000115,7668,
4.43346,um,Spot,8,Untracked,1000000122,7669,
3.58844,um,Spot,8,Untracked,1000000116,7670,
2.44492,um,Spot,8,Tracked,1000000124,7671,
2.5477,um,Spot,8,Untracked,1000000020,7672,
2.26922,um,Spot,8,Tracked,1000000128,7673,
3.21664,um,Spot,8,Tracked,1000000125,7674,
2.478,um,Spot,8,Tracked,1000000126,7675,
2.8778,um,Spot,8,Untracked,1000000127,7676,
3.23667,um,Spot,8,Tracked,1000000130,7677,
6.00028,um,Spot,8,Tracked,1000000131,7678,
5.40888,um,Spot,8,Tracked,1000000005,7679,
2.65275,um,Spot,8,Tracked,1000000133,7680,
2.84623,um,Spot,8,Tracked,1000000137,7681,
3.66416,um,Spot,8,Tracked,1000000134,7682,
4.89283,um,Spot,8,Tracked,1000006777,7683,
4.96804,um,Spot,8,Tracked,1000000139,7684,
2.06526,um,Spot,8,Tracked,1000000135,7685,
2.37199,um,Spot,8,Tracked,1000000145,7686,
3.22399,um,Spot,8,Untracked,1000000038,7687,
4.86997,um,Spot,8,Untracked,1000000029,7688,
4.82655,um,Spot,8,Untracked,1000007005,7689,
5.53665,um,Spot,8,Untracked,1000000030,7690,
2.465,um,Spot,8,Untracked,1000000033,7691,
2.24501,um,Spot,8,Untracked,1000007169,7692,
2.42271,um,Spot,8,Untracked,1000007308,7693,
2.68091,um,Spot,8,Untracked,1000000037,7694,
3.65397,um,Spot,8,Untracked,1000000034,7695,
4.0497,um,Spot,8,Untracked,1000007066,7696,
2.4221,um,Spot,8,Untracked,1000007045,7697,
3.1215,um,Spot,8,Untracked,1000000151,7698,
4.71191,um,Spot,8,Untracked,1000000156,7699,
0,um,Spot,8,Untracked,1000007700,7700,
5.95988,um,Spot,8,Untracked,1000000155,7701,
2.00056,um,Spot,8,Untracked,1000000159,7702,
0,um,Spot,8,Untracked,1000007703,7703,
3.9776,um,Spot,8,Untracked,1000007223,7704,
0,um,Spot,8,Untracked,1000007705,7705,
4.06853,um,Spot,8,Untracked,1000000163,7706,
3.49857,um,Spot,8,Untracked,1000000161,7707,
7.66762,um,Spot,8,,1000000172,7708,
10.9909,um,Spot,8,Tracked,1000007548,7709,
3.11316,um,Spot,8,Untracked,1000000175,7710,
3.65034,um,Spot,8,Tracked,1000006970,7711,
7.01072,um,Spot,8,Tracked,1000000191,7712,
0,um,Spot,8,Tracked,1000007713,7713,
5.89598,um,Spot,8,Tracked,1000006791,7714,
5.15133,um,Spot,8,Tracked,1000000218,7715,
4.22549,um,Spot,8,Tracked,1000007234,7716,
2.78717,um,Spot,8,Tracked,1000000309,7717,
5.20714,um,Spot,8,Untracked,1000000064,7718,
4.06479,um,Spot,8,Untracked,1000000068,7719,
3.76444,um,Spot,8,Untracked,1000006735,7720,
6.78084,um,Spot,8,Untracked,1000000066,7721,
6.58513,um,Spot,8,Untracked,1000000071,7722,
4.60976,um,Spot,8,Untracked,1000000072,7723,
4.11389,um,Spot,8,Untracked,1000007088,7724,
2.72209,um,Spot,8,Untracked,1000006939,7725,
3.99963,um,Spot,8,Untracked,1000000201,7726,
0,um,Spot,8,Untracked,1000007727,7727,
6.41054,um,Spot,8,Untracked,1000000067,7728,
2.71427,um,Spot,8,Untracked,1000000205,7729,
2.46563,um,Spot,8,Untracked,1000007405,7730,
2.47851,um,Spot,8,Untracked,1000000212,7731,
2.35806,um,Spot,8,Tracked,1000000216,7732,
4.07655,um,Spot,8,Tracked,1000000217,7733,
0,um,Spot,8,Tracked,1000007734,7734,
3.90574,um,Spot,8,Untracked,1000000219,7735,
2.35415,um,Spot,8,Untracked,1000007563,7736,
0,um,Spot,8,Untracked,1000007737,7737,
6.7583,um,Spot,8,,1000007337,7738,
2.55966,um,Spot,8,,1000007410,7739,
6.80731,um,Spot,8,Untracked,1000000091,7740,
3.04503,um,Spot,8,Untracked,1000007412,7741,
0,um,Spot,8,,1000007742,7742,
5.58707,um,Spot,8,,1000006955,7743,
0,um,Spot,8,,1000007744,7744,
3.17231,um,Spot,8,Untracked,1000000120,7745,
5.29626,um,Spot,8,Untracked,1000000121,7746,
4.42547,um,Spot,8,Untracked,1000006811,7747,
6.0863,um,Spot,8,Untracked,1000000123,7748,
4.90761,um,Spot,8,Untracked,1000000254,7749,
3.43003,um,Spot,8,Untracked,1000000251,7750,
3.87471,um,Spot,8,Untracked,1000007418,7751,
6.06611,um,Spot,8,Untracked,1000007577,7752,
8.6679,um,Spot,8,Untracked,1000006961,7753,
0,um,Spot,8,Tracked,1000007754,7754,
0,um,Spot,8,Untracked,1000007755,7755,
3.12421,um,Spot,8,Untracked,1000000268,7756,
0,um,Spot,8,Tracked,1000007757,7757,
2.43935,um,Spot,8,Untracked,1000000166,7758,
4.9108,um,Spot,8,Untracked,1000000164,7759,
4.68289,um,Spot,8,Untracked,1000000284,7760,
0,um,Spot,8,Untracked,1000007761,7761,
5.71497,um,Spot,8,Untracked,1000000285,7762,
6.23634,um,Spot,8,Untracked,1000000289,7763,
4.42189,um,Spot,8,Untracked,1000007108,7764,
0,um,Spot,8,Untracked,1000007765,7765,
3.45914,um,Spot,8,Untracked,1000000203,7766,
4.07734,um,Spot,8,Untracked,1000006820,7767,
4.07425,um,Spot,8,Untracked,1000000317,7768,
3.2385,um,Spot,8,Untracked,1000000324,7769,
3.14065,um,Spot,8,Untracked,1000000325,7770,
7.78437,um,Spot,8,Untracked,1000007275,7771,
2.34869,um,Spot,8,Untracked,1000007104,7772,
6.70625,um,Spot,8,Untracked,1000007118,7773,
7.05333,um,Spot,8,Untracked,1000007279,7774,
4.1279,um,Spot,8,Untracked,1000000323,7775,
5.30252,um,Spot,8,Untracked,1000007594,7776,
4.18314,um,Spot,8,Untracked,1000000379,7777,
6.41491,um,Spot,8,Tracked,1000006624,7778,
7.303,um,Spot,8,Tracked,1000006829,7779,
4.34579,um,Spot,8,Tracked,1000006651,7780,
12.1027,um,Spot,8,Tracked,1000006831,7781,
4.04482,um,Spot,8,Tracked,1000006677,7782,
1.7565,um,Spot,8,Tracked,1000007441,7783,
4.70174,um,Spot,8,Tracked,1000006703,7784,
1.45471,um,Spot,9,,1000006705,7785,
2.62881,um,Spot,9,,1000000003,7786,
0.843502,um,Spot,9,Untracked,1000000010,7787,
4.2629,um,Spot,9,Untracked,1000000012,7788,
2.86788,um,Spot,9,Untracked,1000000011,7789,
0.775355,um,Spot,9,Tracked,1000000016,7790,
3.5227,um,Spot,9,Untracked,1000000018,7791,
5.86261,um,Spot,9,Tracked,1000000021,7792,
1.67912,um,Spot,9,Tracked,1000000022,7793,
2.61834,um,Spot,9,Tracked,1000000133,7794,
2.21247,um,Spot,9,Tracked,1000000023,7795,
3.55013,um,Spot,9,Tracked,1000000139,7796,
1.65397,um,Spot,9,Untracked,1000000024,7797,
6.08781,um,Spot,9,Untracked,1000000026,7798,
1.38511,um,Spot,9,Untracked,1000007302,7799,
2.45889,um,Spot,9,Untracked,1000000028,7800,
2.38548,um,Spot,9,Untracked,1000006716,7801,
10.2886,um,Spot,9,Untracked,1000000027,7802,
2.9456,um,Spot,9,Untracked,1000000031,7803,
1.22071,um,Spot,9,Tracked,1000000041,7804,
1.89233,um,Spot,9,Untracked,1000000042,7805,
1.78266,um,Spot,9,Tracked,1000006858,7806,
2.15296,um,Spot,9,Tracked,1000000045,7807,
0.983211,um,Spot,9,Tracked,1000000046,7808,
2.91587,um,Spot,9,Untracked,1000000044,7809,
1.62136,um,Spot,9,Untracked,1000000048,7810,
5.9135,um,Spot,9,Untracked,1000000047,7811,
1.16609,um,Spot,9,Tracked,1000000051,7812,
2.06692,um,Spot,9,Tracked,1000000052,7813,
2.93344,um,Spot,9,Tracked,1000000054,7814,
2.55942,um,Spot,9,Tracked,1000000053,7815,
1.9994,um,Spot,9,Tracked,1000000178,7816,
2.53493,um,Spot,9,Tracked,1000000179,7817,
4.37508,um,Spot,9,Tracked,1000000216,7818,
3.73366,um,Spot,9,Tracked,1000000056,7819,
1.88428,um,Spot,9,Untracked,1000000061,7820,
7.10751,um,Spot,9,Untracked,1000007325,7821,
1.14733,um,Spot,9,Untracked,1000000063,7822,
1.76812,um,Spot,9,,1000000073,7823,
1.65356,um,Spot,9,Untracked,1000007642,7824,
6.59947,um,Spot,9,Tracked,1000000217,7825,
3.32549,um,Spot,9,Tracked,1000007486,7826,
2.91099,um,Spot,9,,1000000082,7827,
11.4333,um,Spot,9,,1000006881,7828,
2.7586,um,Spot,9,,1000000084,7829,
9.76476,um,Spot,9,,1000007337,7830,
3.9796,um,Spot,9,Untracked,1000000088,7831,
3.68547,um,Spot,9,Untracked,1000000089,7832,
6.08898,um,Spot,9,Untracked,1000000092,7833,
1.67196,um,Spot,9,Tracked,1000000102,7834,
6.02161,um,Spot,9,Untracked,1000000096,7835,
2.17666,um,Spot,9,Tracked,1000000094,7836,
1.69701,um,Spot,9,,1000007036,7837,
4.45857,um,Spot,9,Tracked,1000000105,7838,
1.42019,um,Spot,9,Untracked,1000000013,7839,
0.430864,um,Spot,9,Untracked,1000000014,7840,
2.03448,um,Spot,9,Untracked,1000000106,7841,
0.860275,um,Spot,9,Untracked,1000000112,7842,
1.89993,um,Spot,9,Untracked,1000007189,7843,
2.2406,um,Spot,9,Untracked,1000000111,7844,
2.00919,um,Spot,9,Untracked,1000000108,7845,
2.61221,um,Spot,9,Untracked,1000000107,7846,
2.07869,um,Spot,9,Untracked,1000000114,7847,
3.56459,um,Spot,9,Untracked,1000000115,7848,
2.04861,um,Spot,9,Tracked,1000000124,7849,
2.36128,um,Spot,9,Untracked,1000000020,7850,
1.28388,um,Spot,9,Tracked,1000000128,7851,
3.8615,um,Spot,9,Tracked,1000000126,7852,
1.66737,um,Spot,9,Tracked,1000000125,7853,
3.03583,um,Spot,9,Untracked,1000000127,7854,
3.46407,um,Spot,9,Tracked,1000000130,7855,
0,um,Spot,9,Tracked,1000007856,7856,
2.72236,um,Spot,9,Tracked,1000000131,7857,
1.3942,um,Spot,9,Tracked,1000000005,7858,
2.40982,um,Spot,9,Tracked,1000000137,7859,
2.14452,um,Spot,9,Tracked,1000000134,7860,
3.26318,um,Spot,9,Tracked,1000006777,7861,
1.37753,um,Spot,9,Tracked,1000000135,7862,
5.7281,um,Spot,9,Tracked,1000000140,7863,
0,um,Spot,9,Tracked,1000007864,7864,
2.53413,um,Spot,9,Untracked,1000000029,7865,
1.5824,um,Spot,9,Untracked,1000000030,7866,
2.23706,um,Spot,9,Untracked,1000000033,7867,
0,um,Spot,9,Untracked,1000007868,7868,
1.21281,um,Spot,9,Untracked,1000007005,7869,
2.18401,um,Spot,9,Untracked,1000007169,7870,
3.51018,um,Spot,9,Untracked,1000000037,7871,
3.49758,um,Spot,9,Untracked,1000000034,7872,
3.72315,um,Spot,9,Untracked,1000000152,7873,
3.6721,um,Spot,9,Untracked,1000007066,7874,
3.45095,um,Spot,9,Untracked,1000007700,7875,
1.29852,um,Spot,9,Untracked,1000007045,7876,
2.95845,um,Spot,9,Untracked,1000000151,7877,
3.82107,um,Spot,9,Untracked,1000000156,7878,
2.10694,um,Spot,9,Untracked,1000000155,7879,
2.17856,um,Spot,9,Untracked,1000000159,7880,
2.25097,um,Spot,9,Untracked,1000007705,7881,
4.90491,um,Spot,9,Untracked,1000007223,7882,
2.02757,um,Spot,9,Untracked,1000000161,7883,
3.18096,um,Spot,9,Untracked,1000000163,7884,
0,um,Spot,9,Untracked,1000007885,7885,
1.78658,um,Spot,9,,1000000172,7886,
3.76311,um,Spot,9,Tracked,1000007548,7887,
3.10258,um,Spot,9,Tracked,1000006970,7888,
3.23571,um,Spot,9,Tracked,1000000191,7889,
5.03057,um,Spot,9,Tracked,1000007713,7890,
8.32333,um,Spot,9,Tracked,1000000218,7891,
0,um,Spot,9,Tracked,1000007892,7892,
1.91141,um,Spot,9,Tracked,1000006791,7893,
0,um,Spot,9,Tracked,1000007894,7894,
3.09601,um,Spot,9,Tracked,1000007234,7895,
7.62702,um,Spot,9,Tracked,1000000309,7896,
1.25396,um,Spot,9,Untracked,1000000068,7897,
3.27946,um,Spot,9,Untracked,1000006735,7898,
2.70046,um,Spot,9,Untracked,1000000064,7899,
1.0108,um,Spot,9,Untracked,1000000066,7900,
3.24519,um,Spot,9,Untracked,1000000071,7901,
1.62363,um,Spot,9,Untracked,1000000201,7902,
3.22708,um,Spot,9,Untracked,1000007727,7903,
8.01024,um,Spot,9,Untracked,1000000205,7904,
1.84542,um,Spot,9,Untracked,1000007405,7905,
1.24119,um,Spot,9,Untracked,1000000212,7906,
4.35553,um,Spot,9,Untracked,1000000219,7907,
13.8202,um,Spot,9,,1000007250,7908,
0,um,Spot,9,Untracked,1000007909,7909,
1.80483,um,Spot,9,Untracked,1000007412,7910,
3.70638,um,Spot,9,Untracked,1000000091,7911,
4.23414,um,Spot,9,,1000007742,7912,
5.80015,um,Spot,9,,1000006955,7913,
4.41079,um,Spot,9,,1000007744,7914,
0,um,Spot,9,Untracked,1000007915,7915,
3.8055,um,Spot,9,Untracked,1000000116,7916,
2.24108,um,Spot,9,Untracked,1000000120,7917,
1.53757,um,Spot,9,Untracked,1000000121,7918,
3.2311,um,Spot,9,Untracked,1000006811,7919,
2.53406,um,Spot,9,Untracked,1000000123,7920,
2.48436,um,Spot,9,Untracked,1000000251,7921,
3.81235,um,Spot,9,Untracked,1000006961,7922,
2.18893,um,Spot,9,Untracked,1000007577,7923,
3.36363,um,Spot,9,Tracked,1000007754,7924,
1.70582,um,Spot,9,Untracked,1000000268,7925,
5.97058,um,Spot,9,Tracked,1000007757,7926,
2.45848,um,Spot,9,Untracked,1000006820,7927,
2.36272,um,Spot,9,Untracked,1000000166,7928,
2.37423,um,Spot,9,Untracked,1000000164,7929,
3.84432,um,Spot,9,Untracked,1000000285,7930,
8.60307,um,Spot,9,Untracked,1000000284,7931,
3.26732,um,Spot,9,Untracked,1000007108,7932,
3.54317,um,Spot,9,Untracked,1000000317,7933,
11.5693,um,Spot,9,Untracked,1000007275,7934,
4.8299,um,Spot,9,Untracked,1000000325,7935,
3.19164,um,Spot,9,Untracked,1000000324,7936,
2.43668,um,Spot,9,Untracked,1000007118,7937,
1.55212,um,Spot,9,Untracked,1000007104,7938,
3.30236,um,Spot,9,Untracked,1000007279,7939,
4.0089,um,Spot,9,Untracked,1000000323,7940,
3.77494,um,Spot,9,Untracked,1000007594,7941,
2.43846,um,Spot,9,Untracked,1000000379,7942,
2.66529,um,Spot,9,Tracked,1000006624,7943,
2.00716,um,Spot,9,Tracked,1000006829,7944,
0.343179,um,Spot,9,Tracked,1000006651,7945,
12.0673,um,Spot,9,Tracked,1000006831,7946,
0.159183,um,Spot,9,Tracked,1000006677,7947,
12.6587,um,Spot,9,Tracked,1000007441,7948,
11.3288,um,Spot,10,,1000006705,7949,
12.5588,um,Spot,10,,1000000003,7950,
2.16899,um,Spot,10,Untracked,1000000026,7951,
1.82298,um,Spot,10,Untracked,1000000010,7952,
6.79136,um,Spot,10,Untracked,1000000011,7953,
3.846,um,Spot,10,Tracked,1000007291,7954,
2.87646,um,Spot,10,Tracked,1000000016,7955,
6.41224,um,Spot,10,Tracked,1000000021,7956,
1.87611,um,Spot,10,Untracked,1000000018,7957,
2.71835,um,Spot,10,Tracked,1000000022,7958,
5.74473,um,Spot,10,Tracked,1000000023,7959,
3.0513,um,Spot,10,Untracked,1000000024,7960,
1.85593,um,Spot,10,Untracked,1000000028,7961,
5.04289,um,Spot,10,Untracked,1000007302,7962,
3.24611,um,Spot,10,Untracked,1000006716,7963,
1.11079,um,Spot,10,Untracked,1000000027,7964,
4.07887,um,Spot,10,Tracked,1000000041,7965,
2.2287,um,Spot,10,,1000000073,7966,
0.961806,um,Spot,10,Tracked,1000006858,7967,
4.31346,um,Spot,10,Untracked,1000000042,7968,
2.6668,um,Spot,10,Tracked,1000000046,7969,
3.12265,um,Spot,10,Untracked,1000000044,7970,
4.24324,um,Spot,10,Tracked,1000000045,7971,
2.79161,um,Spot,10,Tracked,1000000051,7972,
2.04093,um,Spot,10,Untracked,1000000048,7973,
1.79908,um,Spot,10,Untracked,1000000047,7974,
4.17883,um,Spot,10,Tracked,1000000052,7975,
2.02049,um,Spot,10,Tracked,1000000053,7976,
3.1579,um,Spot,10,Tracked,1000000054,7977,
5.93058,um,Spot,10,Tracked,1000000179,7978,
1.21333,um,Spot,10,Tracked,1000000178,7979,
3.0985,um,Spot,10,Tracked,1000000056,7980,
3.51433,um,Spot,10,Untracked,1000000061,7981,
0.685112,um,Spot,10,Untracked,1000000063,7982,
3.82972,um,Spot,10,Untracked,1000007325,7983,
3.31743,um,Spot,10,Untracked,1000007642,7984,
2.30297,um,Spot,10,Tracked,1000007486,7985,
11.5371,um,Spot,10,,1000000082,7986,
3.32661,um,Spot,10,,1000006881,7987,
10.9612,um,Spot,10,,1000000084,7988,
4.98478,um,Spot,10,Untracked,1000000088,7989,
2.80434,um,Spot,10,Untracked,1000000089,7990,
3.49054,um,Spot,10,,1000007036,7991,
6.3329,um,Spot,10,Tracked,1000000102,7992,
4.42064,um,Spot,10,Untracked,1000000096,7993,
3.17573,um,Spot,10,Tracked,1000000005,7994,
4.06899,um,Spot,10,Tracked,1000000105,7995,
5.74471,um,Spot,10,Untracked,1000000013,7996,
5.67484,um,Spot,10,Untracked,1000000014,7997,
1.09349,um,Spot,10,Untracked,1000000106,7998,
2.40281,um,Spot,10,Untracked,1000007189,7999,
3.39165,um,Spot,10,Untracked,1000000112,8000,
2.82449,um,Spot,10,Untracked,1000007045,8001,
2.49029,um,Spot,10,Untracked,1000000111,8002,
3.88715,um,Spot,10,Untracked,1000000108,8003,
1.91281,um,Spot,10,Untracked,1000000107,8004,
1.96277,um,Spot,10,Untracked,1000000115,8005,
5.39004,um,Spot,10,Untracked,1000000114,8006,
3.33196,um,Spot,10,Untracked,1000000116,8007,
3.05556,um,Spot,10,Tracked,1000000124,8008,
4.14602,um,Spot,10,Untracked,1000000020,8009,
3.11883,um,Spot,10,Tracked,1000000125,8010,
4.1371,um,Spot,10,Tracked,1000000128,8011,
4.62443,um,Spot,10,Tracked,1000000126,8012,
3.33615,um,Spot,10,Untracked,1000000127,8013,
3.79704,um,Spot,10,Tracked,1000007856,8014,
3.03031,um,Spot,10,Tracked,1000000130,8015,
3.956,um,Spot,10,Tracked,1000000131,8016,
3.71081,um,Spot,10,Tracked,1000000133,8017,
1.69226,um,Spot,10,Tracked,1000000137,8018,
3.53717,um,Spot,10,Tracked,1000006777,8019,
8.87419,um,Spot,10,Tracked,1000000139,8020,
2.47356,um,Spot,10,Tracked,1000000191,8021,
2.67838,um,Spot,10,Tracked,1000000134,8022,
2.49564,um,Spot,10,Tracked,1000000135,8023,
5.52725,um,Spot,10,Tracked,1000000140,8024,
3.8827,um,Spot,10,Tracked,1000007864,8025,
2.44548,um,Spot,10,Untracked,1000000031,8026,
2.22617,um,Spot,10,Untracked,1000000029,8027,
2.40566,um,Spot,10,Untracked,1000000033,8028,
2.60031,um,Spot,10,Untracked,1000007868,8029,
6.03637,um,Spot,10,Untracked,1000000038,8030,
4.16086,um,Spot,10,Untracked,1000007005,8031,
3.49535,um,Spot,10,Untracked,1000000030,8032,
1.7807,um,Spot,10,Untracked,1000007169,8033,
2.88435,um,Spot,10,Untracked,1000000037,8034,
2.76737,um,Spot,10,Untracked,1000000034,8035,
1.45825,um,Spot,10,Untracked,1000007066,8036,
4.87462,um,Spot,10,Untracked,1000000152,8037,
1.34185,um,Spot,10,Untracked,1000000151,8038,
2.54941,um,Spot,10,Untracked,1000000156,8039,
2.71219,um,Spot,10,Untracked,1000000155,8040,
3.21785,um,Spot,10,Untracked,1000007727,8041,
5.03938,um,Spot,10,Untracked,1000000161,8042,
3.37581,um,Spot,10,Untracked,1000000159,8043,
2.34855,um,Spot,10,Untracked,1000007705,8044,
3.78867,um,Spot,10,Untracked,1000007223,8045,
6.4638,um,Spot,10,Untracked,1000007703,8046,
2.45231,um,Spot,10,Untracked,1000000163,8047,
5.83652,um,Spot,10,,1000000172,8048,
3.92332,um,Spot,10,Tracked,1000007548,8049,
6.16158,um,Spot,10,Tracked,1000006970,8050,
5.40696,um,Spot,10,Untracked,1000000175,8051,
8.20673,um,Spot,10,Tracked,1000000216,8052,
2.17396,um,Spot,10,Tracked,1000006791,8053,
5.11526,um,Spot,10,Tracked,1000007713,8054,
5.17118,um,Spot,10,Tracked,1000007234,8055,
1.68657,um,Spot,10,Tracked,1000007894,8056,
1.94578,um,Spot,10,Tracked,1000000309,8057,
1.87327,um,Spot,10,Untracked,1000000064,8058,
0.866004,um,Spot,10,Untracked,1000000068,8059,
2.81823,um,Spot,10,Untracked,1000006735,8060,
1.21635,um,Spot,10,Untracked,1000000066,8061,
3.32719,um,Spot,10,Untracked,1000000071,8062,
3.0974,um,Spot,10,Untracked,1000007088,8063,
6.02855,um,Spot,10,Untracked,1000000072,8064,
2.59888,um,Spot,10,Untracked,1000000201,8065,
5.48554,um,Spot,10,Untracked,1000000067,8066,
2.76679,um,Spot,10,Untracked,1000000205,8067,
1.36351,um,Spot,10,Untracked,1000007405,8068,
2.86914,um,Spot,10,Untracked,1000000212,8069,
7.06683,um,Spot,10,Tracked,1000000217,8070,
2.38247,um,Spot,10,Tracked,1000007734,8071,
11.7024,um,Spot,10,Untracked,1000007737,8072,
8.28975,um,Spot,10,,1000007337,8073,
0,um,Spot,10,,1000008074,8074,
5.83957,um,Spot,10,Untracked,1000000092,8075,
2.37691,um,Spot,10,Untracked,1000007909,8076,
5.97901,um,Spot,10,Untracked,1000000091,8077,
9.03252,um,Spot,10,,1000007742,8078,
4.50438,um,Spot,10,,1000006955,8079,
4.15667,um,Spot,10,Untracked,1000000120,8080,
1.60965,um,Spot,10,Untracked,1000007915,8081,
4.27586,um,Spot,10,Untracked,1000000121,8082,
3.99812,um,Spot,10,Untracked,1000000254,8083,
0.583566,um,Spot,10,Untracked,1000000251,8084,
4.87388,um,Spot,10,Untracked,1000006811,8085,
6.47593,um,Spot,10,Untracked,1000007418,8086,
2.63359,um,Spot,10,Untracked,1000007577,8087,
3.58821,um,Spot,10,Untracked,1000006961,8088,
5.47149,um,Spot,10,Untracked,1000007755,8089,
2.85814,um,Spot,10,Untracked,1000000268,8090,
3.85343,um,Spot,10,Untracked,1000000166,8091,
1.05191,um,Spot,10,Untracked,1000006820,8092,
2.27025,um,Spot,10,Untracked,1000000164,8093,
2.6663,um,Spot,10,Untracked,1000000284,8094,
6.01553,um,Spot,10,Untracked,1000007761,8095,
2.40502,um,Spot,10,Untracked,1000000285,8096,
2.78495,um,Spot,10,Untracked,1000007108,8097,
7.37087,um,Spot,10,Untracked,1000007765,8098,
0,um,Spot,10,Untracked,1000008099,8099,
1.99075,um,Spot,10,Untracked,1000000317,8100,
1.54525,um,Spot,10,Untracked,1000007275,8101,
1.95436,um,Spot,10,Untracked,1000000325,8102,
1.77053,um,Spot,10,Untracked,1000000324,8103,
3.16891,um,Spot,10,Untracked,1000007104,8104,
4.71393,um,Spot,10,Untracked,1000007118,8105,
2.88553,um,Spot,10,Untracked,1000007279,8106,
1.54016,um,Spot,10,Untracked,1000007594,8107,
5.05598,um,Spot,10,Untracked,1000000323,8108,
3.13234,um,Spot,10,Untracked,1000000379,8109,
7.83866,um,Spot,10,Tracked,1000006624,8110,
8.10083,um,Spot,10,Tracked,1000006829,8111,
16.0885,um,Spot,10,Tracked,1000006651,8112,
12.3778,um,Spot,10,Tracked,1000006831,8113,
5.84314,um,Spot,10,Tracked,1000006677,8114,
7.18633,um,Spot,10,Tracked,1000007441,8115,
3.36024,um,Spot,10,Tracked,1000006703,8116,
2.21541,um,Spot,11,,1000006705,8117,
5.84416,um,Spot,11,,1000000003,8118,
0,um,Spot,11,Untracked,1000008119,8119,
2.12294,um,Spot,11,Untracked,1000000010,8120,
3.65237,um,Spot,11,Untracked,1000000011,8121,
2.0781,um,Spot,11,Tracked,1000000016,8122,
4.65789,um,Spot,11,Untracked,1000000018,8123,
11.7578,um,Spot,11,Tracked,1000000021,8124,
2.96861,um,Spot,11,Tracked,1000000022,8125,
3.05653,um,Spot,11,Tracked,1000000023,8126,
2.36323,um,Spot,11,Tracked,1000000133,8127,
2.83544,um,Spot,11,Tracked,1000000134,8128,
0,um,Spot,11,Untracked,1000008129,8129,
1.85909,um,Spot,11,Untracked,1000000026,8130,
2.24647,um,Spot,11,Untracked,1000000024,8131,
2.324,um,Spot,11,Untracked,1000000028,8132,
1.25024,um,Spot,11,Untracked,1000000027,8133,
2.68353,um,Spot,11,Untracked,1000007302,8134,
1.19294,um,Spot,11,Untracked,1000006716,8135,
2.001,um,Spot,11,Untracked,1000000031,8136,
2.8085,um,Spot,11,Tracked,1000000041,8137,
2.8887,um,Spot,11,,1000000073,8138,
4.65266,um,Spot,11,Untracked,1000000042,8139,
1.55163,um,Spot,11,Tracked,1000006858,8140,
1.97452,um,Spot,11,Tracked,1000000046,8141,
2.48467,um,Spot,11,Tracked,1000000045,8142,
1.05368,um,Spot,11,Untracked,1000000044,8143,
2.6742,um,Spot,11,Untracked,1000000047,8144,
1.16352,um,Spot,11,Tracked,1000000051,8145,
3.67554,um,Spot,11,Untracked,1000000048,8146,
3.55782,um,Spot,11,Tracked,1000000052,8147,
3.21534,um,Spot,11,Tracked,1000000054,8148,
1.80683,um,Spot,11,Tracked,1000000053,8149,
2.03358,um,Spot,11,Tracked,1000000178,8150,
7.90072,um,Spot,11,Tracked,1000000179,8151,
0,um,Spot,11,Tracked,1000008152,8152,
2.51222,um,Spot,11,Tracked,1000000056,8153,
3.91527,um,Spot,11,Untracked,1000000061,8154,
3.0024,um,Spot,11,Untracked,1000000063,8155,
4.24884,um,Spot,11,Untracked,1000007325,8156,
4.72987,um,Spot,11,Untracked,1000000068,8157,
5.56736,um,Spot,11,Untracked,1000007642,8158,
3.87208,um,Spot,11,Tracked,1000007486,8159,
1.67455,um,Spot,11,,1000000082,8160,
2.17161,um,Spot,11,,1000006881,8161,
0.876817,um,Spot,11,Untracked,1000000088,8162,
3.53835,um,Spot,11,Tracked,1000000102,8163,
1.15302,um,Spot,11,,1000007036,8164,
2.98735,um,Spot,11,Untracked,1000000096,8165,
4.2274,um,Spot,11,Tracked,1000000105,8166,
5.331,um,Spot,11,Untracked,1000000012,8167,
1.48839,um,Spot,11,Untracked,1000000013,8168,
1.05944,um,Spot,11,Untracked,1000000106,8169,
1.97717,um,Spot,11,Untracked,1000007189,8170,
1.65866,um,Spot,11,Untracked,1000000014,8171,
1.5687,um,Spot,11,Untracked,1000000112,8172,
0.751186,um,Spot,11,Untracked,1000000111,8173,
2.20264,um,Spot,11,Untracked,1000000108,8174,
3.18691,um,Spot,11,Untracked,1000000107,8175,
0.677466,um,Spot,11,Untracked,1000000115,8176,
0.353426,um,Spot,11,Untracked,1000000114,8177,
1.40256,um,Spot,11,Untracked,1000000116,8178,
4.45193,um,Spot,11,Untracked,1000000020,8179,
1.4845,um,Spot,11,Tracked,1000000124,8180,
2.65346,um,Spot,11,Tracked,1000000128,8181,
1.41092,um,Spot,11,Tracked,1000000125,8182,
2.6746,um,Spot,11,Tracked,1000000126,8183,
1.53183,um,Spot,11,Untracked,1000000127,8184,
4.57259,um,Spot,11,Tracked,1000000130,8185,
4.86262,um,Spot,11,Tracked,1000000131,8186,
2.38012,um,Spot,11,Tracked,1000000137,8187,
1.33249,um,Spot,11,Tracked,1000000191,8188,
1.12558,um,Spot,11,Tracked,1000000005,8189,
0.95166,um,Spot,11,Tracked,1000006777,8190,
1.6506,um,Spot,11,Tracked,1000000139,8191,
0.612097,um,Spot,11,Tracked,1000000135,8192,
1.36207,um,Spot,11,Tracked,1000000140,8193,
4.08518,um,Spot,11,Tracked,1000007864,8194,
0,um,Spot,11,Untracked,1000008195,8195,
1.8317,um,Spot,11,Untracked,1000007868,8196,
1.39103,um,Spot,11,Untracked,1000000038,8197,
0.984619,um,Spot,11,Untracked,1000000029,8198,
1.89963,um,Spot,11,Untracked,1000000033,8199,
2.22112,um,Spot,11,Untracked,1000000030,8200,
3.09064,um,Spot,11,Untracked,1000007169,8201,
2.01663,um,Spot,11,Untracked,1000000037,8202,
2.06067,um,Spot,11,Untracked,1000000034,8203,
1.78266,um,Spot,11,Untracked,1000007066,8204,
1.02906,um,Spot,11,Untracked,1000000152,8205,
1.83308,um,Spot,11,Untracked,1000000151,8206,
1.80625,um,Spot,11,Untracked,1000000156,8207,
1.75254,um,Spot,11,Untracked,1000000155,8208,
2.38021,um,Spot,11,Untracked,1000007703,8209,
0.623147,um,Spot,11,Untracked,1000000159,8210,
0.588437,um,Spot,11,Untracked,1000007705,8211,
2.75251,um,Spot,11,Untracked,1000007223,8212,
3.4108,um,Spot,11,Untracked,1000007885,8213,
2.50574,um,Spot,11,,1000000172,8214,
0,um,Spot,11,Tracked,1000008215,8215,
1.84002,um,Spot,11,Tracked,1000007548,8216,
6.42589,um,Spot,11,Tracked,1000006970,8217,
2.37093,um,Spot,11,Untracked,1000000175,8218,
1.74996,um,Spot,11,Tracked,1000000216,8219,
4.914,um,Spot,11,Tracked,1000007892,8220,
5.87438,um,Spot,11,Tracked,1000007713,8221,
4.87067,um,Spot,11,Tracked,1000000217,8222,
2.52109,um,Spot,11,Tracked,1000006791,8223,
3.67578,um,Spot,11,Tracked,1000007894,8224,
0.284424,um,Spot,11,Tracked,1000007234,8225,
1.38951,um,Spot,11,Tracked,1000000309,8226,
0,um,Spot,11,Tracked,1000008227,8227,
2.04444,um,Spot,11,Untracked,1000000064,8228,
1.20136,um,Spot,11,Untracked,1000006735,8229,
1.75518,um,Spot,11,Untracked,1000000066,8230,
5.63798,um,Spot,11,Untracked,1000007088,8231,
1.48318,um,Spot,11,Untracked,1000000071,8232,
3.71916,um,Spot,11,Untracked,1000000072,8233,
1.17829,um,Spot,11,Untracked,1000000201,8234,
1.68708,um,Spot,11,Untracked,1000000205,8235,
0.898786,um,Spot,11,Untracked,1000007405,8236,
3.00258,um,Spot,11,Untracked,1000000212,8237,
7.61236,um,Spot,11,Tracked,1000007734,8238,
5.70915,um,Spot,11,Untracked,1000000219,8239,
2.17866,um,Spot,11,,1000007337,8240,
6.35991,um,Spot,11,,1000000084,8241,
7.34635,um,Spot,11,Untracked,1000007909,8242,
2.48301,um,Spot,11,Untracked,1000000089,8243,
3.30871,um,Spot,11,Untracked,1000000092,8244,
9.02908,um,Spot,11,Untracked,1000000091,8245,
3.70103,um,Spot,11,,1000007742,8246,
2.49192,um,Spot,11,,1000006955,8247,
4.8667,um,Spot,11,Untracked,1000000120,8248,
2.27971,um,Spot,11,Untracked,1000000121,8249,
0.924105,um,Spot,11,Untracked,1000000251,8250,
2.97015,um,Spot,11,Untracked,1000006811,8251,
1.08013,um,Spot,11,Untracked,1000000268,8252,
1.39463,um,Spot,11,Untracked,1000000163,8253,
8.25656,um,Spot,11,Untracked,1000000161,8254,
1.74467,um,Spot,11,Untracked,1000000166,8255,
0.874118,um,Spot,11,Untracked,1000000164,8256,
3.58462,um,Spot,11,Untracked,1000000284,8257,
1.62161,um,Spot,11,Untracked,1000000285,8258,
3.73299,um,Spot,11,Untracked,1000007761,8259,
4.62071,um,Spot,11,Untracked,1000007108,8260,
0,um,Spot,11,Tracked,1000008261,8261,
0,um,Spot,11,Untracked,1000008262,8262,
0.825022,um,Spot,11,Untracked,1000000317,8263,
1.36193,um,Spot,11,Untracked,1000000325,8264,
1.66322,um,Spot,11,Untracked,1000007275,8265,
2.48428,um,Spot,11,Untracked,1000000324,8266,
0,um,Spot,11,Untracked,1000008267,8267,
3.05093,um,Spot,11,Untracked,1000007577,8268,
2.28846,um,Spot,11,Untracked,1000006961,8269,
6.25028,um,Spot,11,Untracked,1000007594,8270,
1.6455,um,Spot,11,Untracked,1000000323,8271,
0.864965,um,Spot,11,Untracked,1000000379,8272,
6.86693,um,Spot,11,Tracked,1000006624,8273,
10.1456,um,Spot,11,Tracked,1000006829,8274,
10.1121,um,Spot,11,Tracked,1000006651,8275,
2.47601,um,Spot,11,Tracked,1000006831,8276,
2.66123,um,Spot,11,Tracked,1000006677,8277,
2.07333,um,Spot,11,Tracked,1000007441,8278,
8.18274,um,Spot,11,Tracked,1000006703,8279,
10.0997,um,Spot,12,,1000000003,8280,
9.93475,um,Spot,12,,1000006705,8281,
3.63405,um,Spot,12,Untracked,1000000026,8282,
2.36562,um,Spot,12,Untracked,1000000011,8283,
0.772374,um,Spot,12,Tracked,1000000021,8284,
1.42843,um,Spot,12,Untracked,1000000018,8285,
0.8171,um,Spot,12,Tracked,1000000022,8286,
8.1938,um,Spot,12,Tracked,1000006777,8287,
2.3318,um,Spot,12,Tracked,1000000023,8288,
1.71069,um,Spot,12,Tracked,1000000133,8289,
2.59907,um,Spot,12,Tracked,1000000137,8290,
2.64686,um,Spot,12,Untracked,1000000024,8291,
1.76442,um,Spot,12,Untracked,1000008129,8292,
1.90229,um,Spot,12,Untracked,1000000028,8293,
0.717221,um,Spot,12,Untracked,1000006716,8294,
1.95516,um,Spot,12,Untracked,1000000027,8295,
1.08609,um,Spot,12,Untracked,1000007302,8296,
2.91115,um,Spot,12,Untracked,1000000031,8297,
1.93598,um,Spot,12,Tracked,1000000041,8298,
1.23586,um,Spot,12,,1000000073,8299,
3.07855,um,Spot,12,Tracked,1000006858,8300,
2.23015,um,Spot,12,Tracked,1000000046,8301,
1.68595,um,Spot,12,Untracked,1000000042,8302,
1.79994,um,Spot,12,Tracked,1000000045,8303,
1.38848,um,Spot,12,Untracked,1000000044,8304,
0.56772,um,Spot,12,Untracked,1000000047,8305,
3.25349,um,Spot,12,Tracked,1000000051,8306,
3.087,um,Spot,12,Untracked,1000000048,8307,
0.525562,um,Spot,12,Tracked,1000000052,8308,
4.02233,um,Spot,12,Tracked,1000000053,8309,
0.697584,um,Spot,12,Tracked,1000000054,8310,
1.5566,um,Spot,12,Tracked,1000000178,8311,
3.19555,um,Spot,12,Tracked,1000000179,8312,
2.97394,um,Spot,12,Tracked,1000008152,8313,
0.883668,um,Spot,12,Tracked,1000000056,8314,
3.26461,um,Spot,12,Untracked,1000000061,8315,
3.07863,um,Spot,12,Untracked,1000000063,8316,
3.66345,um,Spot,12,Untracked,1000007325,8317,
0.435763,um,Spot,12,Untracked,1000000068,8318,
5.27004,um,Spot,12,Tracked,1000007734,8319,
8.84272,um,Spot,12,,1000006881,8320,
9.78522,um,Spot,12,,1000000082,8321,
2.59314,um,Spot,12,Untracked,1000000088,8322,
2.05515,um,Spot,12,,1000007036,8323,
1.82822,um,Spot,12,Untracked,1000000096,8324,
4.78161,um,Spot,12,Tracked,1000000102,8325,
9.7995,um,Spot,12,Tracked,1000000105,8326,
1.57036,um,Spot,12,Untracked,1000000012,8327,
3.72044,um,Spot,12,Untracked,1000000013,8328,
1.95797,um,Spot,12,Untracked,1000000106,8329,
2.79701,um,Spot,12,Untracked,1000000014,8330,
2.17425,um,Spot,12,Untracked,1000007189,8331,
2.39911,um,Spot,12,Untracked,1000000111,8332,
2.44454,um,Spot,12,Untracked,1000000112,8333,
2.00584,um,Spot,12,Untracked,1000007045,8334,
2.14849,um,Spot,12,Untracked,1000000108,8335,
0.61313,um,Spot,12,Untracked,1000000107,8336,
2.1938,um,Spot,12,Untracked,1000000114,8337,
3.20263,um,Spot,12,Untracked,1000000115,8338,
0,um,Spot,12,Untracked,1000008339,8339,
1.737,um,Spot,12,Untracked,1000000020,8340,
4.7252,um,Spot,12,Tracked,1000000128,8341,
1.75183,um,Spot,12,Tracked,1000000124,8342,
3.4044,um,Spot,12,Tracked,1000000125,8343,
2.36979,um,Spot,12,Tracked,1000000126,8344,
1.59744,um,Spot,12,Untracked,1000000127,8345,
2.80415,um,Spot,12,Tracked,1000000130,8346,
1.0652,um,Spot,12,Tracked,1000000131,8347,
2.58313,um,Spot,12,Tracked,1000000005,8348,
11.0222,um,Spot,12,Tracked,1000000134,8349,
1.19101,um,Spot,12,Tracked,1000000191,8350,
1.58139,um,Spot,12,Tracked,1000000139,8351,
4.09117,um,Spot,12,Tracked,1000000140,8352,
1.38359,um,Spot,12,Tracked,1000000135,8353,
2.97397,um,Spot,12,Tracked,1000007864,8354,
1.2301,um,Spot,12,Untracked,1000008195,8355,
2.71654,um,Spot,12,Untracked,1000000038,8356,
0.648933,um,Spot,12,Untracked,1000000029,8357,
0,um,Spot,12,Untracked,1000008358,8358,
0.852975,um,Spot,12,Untracked,1000000030,8359,
0,um,Spot,12,Untracked,1000008360,8360,
0,um,Spot,12,Untracked,1000008361,8361,
1.83216,um,Spot,12,Untracked,1000000033,8362,
0.897838,um,Spot,12,Untracked,1000007169,8363,
0,um,Spot,12,Untracked,1000008364,8364,
1.32937,um,Spot,12,Untracked,1000000037,8365,
1.33026,um,Spot,12,Untracked,1000000034,8366,
4.2547,um,Spot,12,Untracked,1000000152,8367,
1.69282,um,Spot,12,Untracked,1000007066,8368,
0.295953,um,Spot,12,Untracked,1000000151,8369,
0.953449,um,Spot,12,Untracked,1000000156,8370,
1.42497,um,Spot,12,Untracked,1000000155,8371,
1.68609,um,Spot,12,Untracked,1000007703,8372,
0,um,Spot,12,Untracked,1000008373,8373,
0.759884,um,Spot,12,Untracked,1000000159,8374,
0.446381,um,Spot,12,Untracked,1000007705,8375,
1.53542,um,Spot,12,Untracked,1000007223,8376,
1.5625,um,Spot,12,Untracked,1000007885,8377,
1.24271,um,Spot,12,,1000000172,8378,
5.20559,um,Spot,12,Tracked,1000008215,8379,
3.72779,um,Spot,12,Tracked,1000007548,8380,
1.89118,um,Spot,12,Tracked,1000006970,8381,
7.66046,um,Spot,12,Tracked,1000000217,8382,
3.31617,um,Spot,12,Tracked,1000007892,8383,
1.60574,um,Spot,12,Tracked,1000000216,8384,
1.44961,um,Spot,12,Tracked,1000007713,8385,
2.15175,um,Spot,12,Tracked,1000006791,8386,
2.2662,um,Spot,12,Tracked,1000007894,8387,
2.3881,um,Spot,12,Tracked,1000007234,8388,
4.74737,um,Spot,12,Tracked,1000000309,8389,
4.28926,um,Spot,12,Tracked,1000008227,8390,
2.97496,um,Spot,12,Untracked,1000006735,8391,
0.607954,um,Spot,12,Untracked,1000000064,8392,
2.14444,um,Spot,12,Untracked,1000000066,8393,
3.22618,um,Spot,12,Untracked,1000007088,8394,
1.0574,um,Spot,12,Untracked,1000000071,8395,
1.05314,um,Spot,12,Untracked,1000000201,8396,
3.38605,um,Spot,12,Untracked,1000007727,8397,
6.65351,um,Spot,12,Untracked,1000000205,8398,
3.38349,um,Spot,12,Untracked,1000000072,8399,
0,um,Spot,12,Untracked,1000008400,8400,
1.24919,um,Spot,12,Untracked,1000007405,8401,
1.59102,um,Spot,12,Untracked,1000000212,8402,
3.2819,um,Spot,12,Untracked,1000000219,8403,
8.13823,um,Spot,12,,1000007337,8404,
10.3239,um,Spot,12,,1000000084,8405,
0,um,Spot,12,,1000008406,8406,
0,um,Spot,12,,1000008407,8407,
8.27244,um,Spot,12,,1000008074,8408,
2.01555,um,Spot,12,Untracked,1000000089,8409,
2.0758,um,Spot,12,Untracked,1000000092,8410,
4.72912,um,Spot,12,Untracked,1000007909,8411,
3.77454,um,Spot,12,Untracked,1000000091,8412,
11.0267,um,Spot,12,,1000007742,8413,
4.18313,um,Spot,12,,1000006955,8414,
1.64881,um,Spot,12,Untracked,1000007915,8415,
1.0987,um,Spot,12,Untracked,1000000116,8416,
1.88256,um,Spot,12,Untracked,1000000120,8417,
1.24444,um,Spot,12,Untracked,1000000121,8418,
0,um,Spot,12,Untracked,1000008419,8419,
2.20781,um,Spot,12,Untracked,1000000251,8420,
3.40509,um,Spot,12,Untracked,1000006811,8421,
2.05207,um,Spot,12,Untracked,1000000254,8422,
0,um,Spot,12,Untracked,1000008423,8423,
15.2428,um,Spot,12,Untracked,1000007118,8424,
5.74234,um,Spot,12,Untracked,1000007418,8425,
3.61089,um,Spot,12,Untracked,1000006961,8426,
0,um,Spot,12,Untracked,1000008427,8427,
2.36612,um,Spot,12,Untracked,1000000268,8428,
2.1651,um,Spot,12,Untracked,1000000161,8429,
1.53809,um,Spot,12,Untracked,1000000163,8430,
2.74178,um,Spot,12,Untracked,1000000166,8431,
3.48365,um,Spot,12,Untracked,1000006820,8432,
2.53933,um,Spot,12,Untracked,1000000164,8433,
1.4919,um,Spot,12,Untracked,1000000284,8434,
1.09271,um,Spot,12,Untracked,1000000285,8435,
1.52938,um,Spot,12,Untracked,1000007761,8436,
3.48649,um,Spot,12,Untracked,1000007108,8437,
1.34539,um,Spot,12,Tracked,1000008261,8438,
4.80794,um,Spot,12,Untracked,1000008099,8439,
4.29073,um,Spot,12,Untracked,1000008262,8440,
2.16282,um,Spot,12,Untracked,1000000317,8441,
3.9848,um,Spot,12,Untracked,1000007275,8442,
1.90008,um,Spot,12,Untracked,1000000325,8443,
1.90762,um,Spot,12,Untracked,1000000324,8444,
2.01175,um,Spot,12,Untracked,1000007577,8445,
8.90909,um,Spot,12,Untracked,1000007104,8446,
0,um,Spot,12,Untracked,1000008447,8447,
3.18822,um,Spot,12,Untracked,1000007594,8448,
1.51025,um,Spot,12,Untracked,1000000323,8449,
4.73053,um,Spot,12,Untracked,1000000379,8450,
2.08666,um,Spot,12,Tracked,1000006624,8451,
2.21026,um,Spot,12,Tracked,1000006829,8452,
4.05556,um,Spot,12,Tracked,1000006651,8453,
0.492339,um,Spot,12,Tracked,1000006831,8454,
2.12767,um,Spot,12,Tracked,1000006677,8455,
10.9026,um,Spot,12,Tracked,1000007441,8456,
0,um,Spot,13,,1000008457,8457,
6.87417,um,Spot,13,,1000006705,8458,
4.45743,um,Spot,13,,1000000003,8459,
3.0625,um,Spot,13,Tracked,1000000005,8460,
4.20882,um,Spot,13,Untracked,1000000026,8461,
5.67527,um,Spot,13,Untracked,1000000011,8462,
3.3588,um,Spot,13,Untracked,1000000018,8463,
7.66504,um,Spot,13,Untracked,1000008119,8464,
4.43158,um,Spot,13,Tracked,1000000021,8465,
4.35221,um,Spot,13,Tracked,1000000022,8466,
3.71607,um,Spot,13,Tracked,1000000133,8467,
1.61075,um,Spot,13,Tracked,1000006777,8468,
5.79901,um,Spot,13,Untracked,1000000024,8469,
2.68832,um,Spot,13,Untracked,1000008129,8470,
3.75555,um,Spot,13,Untracked,1000000028,8471,
1.89982,um,Spot,13,Untracked,1000007302,8472,
3.90863,um,Spot,13,,1000000073,8473,
5.52471,um,Spot,13,Tracked,1000000041,8474,
4.79127,um,Spot,13,Tracked,1000006858,8475,
3.06417,um,Spot,13,Tracked,1000000046,8476,
5.25362,um,Spot,13,Untracked,1000000042,8477,
3.10629,um,Spot,13,Untracked,1000000044,8478,
5.49968,um,Spot,13,Tracked,1000000045,8479,
1.03286,um,Spot,13,Tracked,1000000051,8480,
3.53696,um,Spot,13,Tracked,1000000052,8481,
2.95512,um,Spot,13,Tracked,1000000053,8482,
1.26384,um,Spot,13,Tracked,1000000054,8483,
6.6467,um,Spot,13,Tracked,1000000179,8484,
2.69403,um,Spot,13,Tracked,1000000178,8485,
3.85546,um,Spot,13,Tracked,1000008152,8486,
3.68113,um,Spot,13,Tracked,1000000056,8487,
6.11129,um,Spot,13,Untracked,1000000061,8488,
4.22007,um,Spot,13,Untracked,1000000063,8489,
4.21888,um,Spot,13,Untracked,1000007325,8490,
4.16167,um,Spot,13,Tracked,1000007486,8491,
7.14622,um,Spot,13,,1000000082,8492,
5.78656,um,Spot,13,,1000006881,8493,
6.83758,um,Spot,13,,1000000084,8494,
4.87665,um,Spot,13,Untracked,1000000088,8495,
3.31799,um,Spot,13,Untracked,1000000089,8496,
2.501,um,Spot,13,Untracked,1000000096,8497,
3.39788,um,Spot,13,Tracked,1000000102,8498,
5.86699,um,Spot,13,Untracked,1000000010,8499,
3.16922,um,Spot,13,Untracked,1000000012,8500,
4.27149,um,Spot,13,Untracked,1000000106,8501,
2.21818,um,Spot,13,Untracked,1000000111,8502,
4.2056,um,Spot,13,Untracked,1000000014,8503,
4.83934,um,Spot,13,Untracked,1000007189,8504,
3.69833,um,Spot,13,Untracked,1000000112,8505,
6.60649,um,Spot,13,Untracked,1000007045,8506,
4.01887,um,Spot,13,Untracked,1000000108,8507,
4.24728,um,Spot,13,Untracked,1000000107,8508,
4.69559,um,Spot,13,Untracked,1000000114,8509,
3.59777,um,Spot,13,Untracked,1000007915,8510,
3.74028,um,Spot,13,Untracked,1000000020,8511,
3.57083,um,Spot,13,Tracked,1000000125,8512,
7.08317,um,Spot,13,Tracked,1000000128,8513,
2.95574,um,Spot,13,Untracked,1000000127,8514,
3.16713,um,Spot,13,Tracked,1000000126,8515,
3.93546,um,Spot,13,Tracked,1000000131,8516,
0,um,Spot,13,Tracked,1000008517,8517,
3.81988,um,Spot,13,Tracked,1000000023,8518,
3.80118,um,Spot,13,Tracked,1000000137,8519,
1.3114,um,Spot,13,Tracked,1000000191,8520,
1.9674,um,Spot,13,Tracked,1000000135,8521,
3.68553,um,Spot,13,Tracked,1000000139,8522,
6.8926,um,Spot,13,Tracked,1000007864,8523,
3.81673,um,Spot,13,Untracked,1000008195,8524,
2.67222,um,Spot,13,Untracked,1000000031,8525,
5.52431,um,Spot,13,Untracked,1000006716,8526,
4.84397,um,Spot,13,Untracked,1000000027,8527,
5.24896,um,Spot,13,Untracked,1000008360,8528,
4.6781,um,Spot,13,Untracked,1000000029,8529,
5.2382,um,Spot,13,Untracked,1000000038,8530,
1.82101,um,Spot,13,Untracked,1000000030,8531,
7.61661,um,Spot,13,Untracked,1000008358,8532,
3.64883,um,Spot,13,Untracked,1000008361,8533,
3.31478,um,Spot,13,Untracked,1000000033,8534,
2.2835,um,Spot,13,Untracked,1000007169,8535,
2.8772,um,Spot,13,Untracked,1000008364,8536,
3.11527,um,Spot,13,Untracked,1000000034,8537,
5.04848,um,Spot,13,Untracked,1000000037,8538,
6.19111,um,Spot,13,Untracked,1000000152,8539,
4.78328,um,Spot,13,Untracked,1000007066,8540,
4.78611,um,Spot,13,Untracked,1000000151,8541,
4.90869,um,Spot,13,Untracked,1000000156,8542,
3.59488,um,Spot,13,Untracked,1000000155,8543,
5.15858,um,Spot,13,Untracked,1000007703,8544,
3.88922,um,Spot,13,Untracked,1000000159,8545,
5.67474,um,Spot,13,Untracked,1000000047,8546,
7.48363,um,Spot,13,Untracked,1000000048,8547,
13.9405,um,Spot,13,Tracked,1000008215,8548,
6.04484,um,Spot,13,,1000000172,8549,
6.87475,um,Spot,13,Tracked,1000007548,8550,
5.78275,um,Spot,13,Tracked,1000006970,8551,
4.17363,um,Spot,13,Tracked,1000000216,8552,
4.51406,um,Spot,13,Tracked,1000000217,8553,
8.50422,um,Spot,13,Tracked,1000007894,8554,
4.34952,um,Spot,13,Tracked,1000007234,8555,
2.39749,um,Spot,13,Tracked,1000000309,8556,
4.60136,um,Spot,13,Untracked,1000000068,8557,
4.97206,um,Spot,13,Untracked,1000006735,8558,
7.0159,um,Spot,13,Untracked,1000000064,8559,
3.90589,um,Spot,13,Untracked,1000000066,8560,
8.20727,um,Spot,13,Untracked,1000000071,8561,
5.55209,um,Spot,13,Untracked,1000000072,8562,
3.57661,um,Spot,13,Untracked,1000007727,8563,
4.80497,um,Spot,13,Untracked,1000000201,8564,
7.65593,um,Spot,13,Untracked,1000000205,8565,
5.04447,um,Spot,13,Untracked,1000008400,8566,
3.58123,um,Spot,13,Untracked,1000000212,8567,
3.79986,um,Spot,13,Untracked,1000007088,8568,
2.34265,um,Spot,13,Untracked,1000000219,8569,
7.85387,um,Spot,13,Tracked,1000007734,8570,
7.07802,um,Spot,13,,1000008406,8571,
6.60848,um,Spot,13,,1000007337,8572,
8.00636,um,Spot,13,,1000008407,8573,
7.95112,um,Spot,13,,1000008074,8574,
2.68014,um,Spot,13,Untracked,1000000092,8575,
4.70999,um,Spot,13,Untracked,1000000091,8576,
0,um,Spot,13,Untracked,1000008577,8577,
7.80021,um,Spot,13,,1000007742,8578,
6.13494,um,Spot,13,Untracked,1000000115,8579,
4.86998,um,Spot,13,Untracked,1000008339,8580,
4.26117,um,Spot,13,Untracked,1000000120,8581,
7.70958,um,Spot,13,Untracked,1000006811,8582,
5.11015,um,Spot,13,Untracked,1000000116,8583,
5.09195,um,Spot,13,Untracked,1000000121,8584,
5.63382,um,Spot,13,Untracked,1000000251,8585,
12.1471,um,Spot,13,Untracked,1000007118,8586,
2.81599,um,Spot,13,Untracked,1000008423,8587,
6.38974,um,Spot,13,Untracked,1000000254,8588,
2.54173,um,Spot,13,Untracked,1000007577,8589,
1.489,um,Spot,13,Untracked,1000006961,8590,
3.91636,um,Spot,13,Untracked,1000008427,8591,
4.05115,um,Spot,13,Untracked,1000000268,8592,
6.22141,um,Spot,13,Untracked,1000007223,8593,
6.12883,um,Spot,13,Untracked,1000007705,8594,
8.29411,um,Spot,13,Untracked,1000008373,8595,
5.70914,um,Spot,13,Untracked,1000000161,8596,
4.68614,um,Spot,13,Untracked,1000000166,8597,
5.56443,um,Spot,13,Untracked,1000000163,8598,
4.3472,um,Spot,13,Untracked,1000006820,8599,
6.9079,um,Spot,13,Untracked,1000000284,8600,
3.33781,um,Spot,13,Untracked,1000000164,8601,
5.80632,um,Spot,13,Untracked,1000000285,8602,
4.40883,um,Spot,13,Untracked,1000007761,8603,
8.52683,um,Spot,13,Untracked,1000007108,8604,
6.75416,um,Spot,13,Untracked,1000007405,8605,
0,um,Spot,13,Untracked,1000008606,8606,
0,um,Spot,13,Untracked,1000008607,8607,
0,um,Spot,13,Untracked,1000008608,8608,
4.23068,um,Spot,13,Untracked,1000008262,8609,
3.62376,um,Spot,13,Untracked,1000000317,8610,
11.0132,um,Spot,13,Untracked,1000008099,8611,
0,um,Spot,13,Untracked,1000008612,8612,
3.77766,um,Spot,13,Untracked,1000000325,8613,
3.93043,um,Spot,13,Untracked,1000007275,8614,
5.42586,um,Spot,13,Untracked,1000000324,8615,
4.37294,um,Spot,13,Untracked,1000008267,8616,
2.12945,um,Spot,13,Untracked,1000007104,8617,
12.2101,um,Spot,13,Untracked,1000008447,8618,
5.26403,um,Spot,13,Untracked,1000007594,8619,
5.32115,um,Spot,13,Untracked,1000000323,8620,
8.33727,um,Spot,13,Untracked,1000000379,8621,
3.07585,um,Spot,13,Tracked,1000006624,8622,
10.2652,um,Spot,13,Tracked,1000006829,8623,
5.08743,um,Spot,13,Tracked,1000006651,8624,
2.1787,um,Spot,13,Tracked,1000006831,8625,
0.469809,um,Spot,13,Tracked,1000006677,8626,
5.03733,um,Spot,13,Tracked,1000007441,8627,
14.3422,um,Spot,14,,1000008457,8628,
11.1353,um,Spot,14,,1000006705,8629,
12.4918,um,Spot,14,,1000000003,8630,
0.934548,um,Spot,14,Untracked,1000000026,8631,
4.58988,um,Spot,14,Untracked,1000000011,8632,
7.42341,um,Spot,14,Untracked,1000000012,8633,
4.92067,um,Spot,14,Untracked,1000000018,8634,
6.43862,um,Spot,14,Tracked,1000000021,8635,
7.07902,um,Spot,14,Tracked,1000000022,8636,
6.8143,um,Spot,14,Tracked,1000000133,8637,
6.2532,um,Spot,14,Tracked,1000006777,8638,
5.31722,um,Spot,14,Tracked,1000000137,8639,
5.41993,um,Spot,14,Untracked,1000008129,8640,
4.85947,um,Spot,14,Untracked,1000000024,8641,
6.35363,um,Spot,14,Untracked,1000000028,8642,
4.51352,um,Spot,14,Untracked,1000007302,8643,
3.24842,um,Spot,14,,1000000073,8644,
5.29063,um,Spot,14,Tracked,1000000041,8645,
5.07905,um,Spot,14,Tracked,1000006858,8646,
4.32678,um,Spot,14,Tracked,1000000046,8647,
4.48044,um,Spot,14,Untracked,1000000042,8648,
5.99004,um,Spot,14,Untracked,1000000044,8649,
3.55318,um,Spot,14,Tracked,1000000045,8650,
10.8578,um,Spot,14,Tracked,1000000051,8651,
4.47327,um,Spot,14,Untracked,1000000047,8652,
4.40587,um,Spot,14,Tracked,1000000052,8653,
4.1365,um,Spot,14,Tracked,1000000053,8654,
3.56216,um,Spot,14,Tracked,1000000054,8655,
8.75934,um,Spot,14,Tracked,1000000179,8656,
4.80015,um,Spot,14,Tracked,1000000178,8657,
7.33947,um,Spot,14,Tracked,1000008152,8658,
5.11656,um,Spot,14,Tracked,1000000056,8659,
4.60368,um,Spot,14,Untracked,1000000061,8660,
6.18076,um,Spot,14,Untracked,1000000068,8661,
3.9371,um,Spot,14,Untracked,1000007325,8662,
4.51025,um,Spot,14,Tracked,1000007486,8663,
10.3509,um,Spot,14,,1000000082,8664,
10.3562,um,Spot,14,,1000006881,8665,
13.1095,um,Spot,14,,1000008406,8666,
14.8439,um,Spot,14,,1000007337,8667,
5.14833,um,Spot,14,Untracked,1000000088,8668,
5.35286,um,Spot,14,Untracked,1000000089,8669,
6.83004,um,Spot,14,Untracked,1000000092,8670,
6.99075,um,Spot,14,Tracked,1000000102,8671,
8.22049,um,Spot,14,Untracked,1000000096,8672,
11.9771,um,Spot,14,,1000007742,8673,
7.97991,um,Spot,14,Untracked,1000007189,8674,
4.66575,um,Spot,14,Untracked,1000000106,8675,
6.07644,um,Spot,14,Untracked,1000000014,8676,
5.86233,um,Spot,14,Untracked,1000000111,8677,
7.59836,um,Spot,14,Untracked,1000000112,8678,
7.85197,um,Spot,14,Untracked,1000000108,8679,
5.63626,um,Spot,14,Untracked,1000007045,8680,
6.00037,um,Spot,14,Untracked,1000000107,8681,
6.42037,um,Spot,14,Untracked,1000000114,8682,
5.51854,um,Spot,14,Untracked,1000000115,8683,
7.01463,um,Spot,14,Untracked,1000000116,8684,
4.63243,um,Spot,14,Untracked,1000000020,8685,
5.81735,um,Spot,14,Tracked,1000000128,8686,
3.05038,um,Spot,14,Tracked,1000000135,8687,
5.72444,um,Spot,14,Tracked,1000000125,8688,
5.53764,um,Spot,14,Tracked,1000000126,8689,
3.60917,um,Spot,14,Untracked,1000000127,8690,
14.8937,um,Spot,14,Tracked,1000008517,8691,
7.33017,um,Spot,14,Tracked,1000000131,8692,
4.251,um,Spot,14,Tracked,1000000191,8693,
5.7109,um,Spot,14,Tracked,1000000023,8694,
5.62031,um,Spot,14,Tracked,1000000139,8695,
1.52559,um,Spot,14,Tracked,1000000140,8696,
2.40155,um,Spot,14,Tracked,1000007864,8697,
4.53212,um,Spot,14,Untracked,1000006716,8698,
4.55759,um,Spot,14,Untracked,1000000027,8699,
2.98543,um,Spot,14,Untracked,1000000031,8700,
4.89129,um,Spot,14,Untracked,1000000038,8701,
5.35865,um,Spot,14,Untracked,1000000029,8702,
5.53028,um,Spot,14,Untracked,1000008361,8703,
5.51328,um,Spot,14,Untracked,1000008360,8704,
2.33853,um,Spot,14,Untracked,1000000030,8705,
4.43451,um,Spot,14,Untracked,1000000033,8706,
1.03439,um,Spot,14,Untracked,1000007169,8707,
6.15809,um,Spot,14,Untracked,1000000037,8708,
8.36433,um,Spot,14,Untracked,1000000152,8709,
3.5229,um,Spot,14,Untracked,1000000034,8710,
4.5457,um,Spot,14,Untracked,1000007066,8711,
6.08187,um,Spot,14,Untracked,1000000156,8712,
5.42626,um,Spot,14,Untracked,1000000151,8713,
6.1733,um,Spot,14,Untracked,1000000155,8714,
4.17817,um,Spot,14,Untracked,1000000159,8715,
3.71938,um,Spot,14,Untracked,1000007703,8716,
4.44204,um,Spot,14,Untracked,1000007705,8717,
5.72498,um,Spot,14,Untracked,1000007223,8718,
4.37808,um,Spot,14,Untracked,1000000048,8719,
4.65479,um,Spot,14,,1000000172,8720,
2.06375,um,Spot,14,Tracked,1000007548,8721,
9.07436,um,Spot,14,Tracked,1000006970,8722,
4.12209,um,Spot,14,Tracked,1000007713,8723,
6.55052,um,Spot,14,Tracked,1000007894,8724,
5.86891,um,Spot,14,Tracked,1000007234,8725,
4.45694,um,Spot,14,Tracked,1000000309,8726,
6.40406,um,Spot,14,Untracked,1000000064,8727,
4.48318,um,Spot,14,Untracked,1000006735,8728,
6.08449,um,Spot,14,Untracked,1000000066,8729,
3.91848,um,Spot,14,Untracked,1000007088,8730,
3.85727,um,Spot,14,Untracked,1000000071,8731,
4.62638,um,Spot,14,Untracked,1000000072,8732,
6.19492,um,Spot,14,Untracked,1000000201,8733,
6.0461,um,Spot,14,Untracked,1000000205,8734,
4.58574,um,Spot,14,Untracked,1000008400,8735,
4.26686,um,Spot,14,Untracked,1000000212,8736,
4.35329,um,Spot,14,Tracked,1000000216,8737,
3.66874,um,Spot,14,Tracked,1000000217,8738,
4.42034,um,Spot,14,Tracked,1000007734,8739,
3.94556,um,Spot,14,Untracked,1000000219,8740,
15.6418,um,Spot,14,,1000008074,8741,
5.67345,um,Spot,14,Untracked,1000000091,8742,
8.02515,um,Spot,14,Untracked,1000008577,8743,
6.50511,um,Spot,14,Untracked,1000006811,8744,
6.40888,um,Spot,14,Untracked,1000000120,8745,
7.03994,um,Spot,14,Untracked,1000008419,8746,
6.64049,um,Spot,14,Untracked,1000000121,8747,
6.97303,um,Spot,14,Untracked,1000007118,8748,
5.10247,um,Spot,14,Untracked,1000000251,8749,
6.52791,um,Spot,14,Untracked,1000000254,8750,
8.03039,um,Spot,14,Untracked,1000006961,8751,
5.76762,um,Spot,14,Untracked,1000000268,8752,
5.5009,um,Spot,14,Untracked,1000000161,8753,
5.93526,um,Spot,14,Untracked,1000000163,8754,
7.2344,um,Spot,14,Untracked,1000000166,8755,
5.48136,um,Spot,14,Untracked,1000006820,8756,
4.98059,um,Spot,14,Untracked,1000000164,8757,
4.36078,um,Spot,14,Untracked,1000000285,8758,
6.26895,um,Spot,14,Untracked,1000007761,8759,
6.15438,um,Spot,14,Untracked,1000007108,8760,
5.06207,um,Spot,14,Untracked,1000007405,8761,
5.64734,um,Spot,14,Untracked,1000008606,8762,
7.75248,um,Spot,14,Untracked,1000008608,8763,
7.96393,um,Spot,14,Untracked,1000008607,8764,
5.69508,um,Spot,14,Untracked,1000000317,8765,
5.71903,um,Spot,14,Untracked,1000008262,8766,
6.45247,um,Spot,14,Untracked,1000008612,8767,
5.49356,um,Spot,14,Untracked,1000007275,8768,
5.44934,um,Spot,14,Untracked,1000007577,8769,
7.12661,um,Spot,14,Untracked,1000007594,8770,
5.91031,um,Spot,14,Untracked,1000000323,8771,
4.94017,um,Spot,14,Untracked,1000000379,8772,
6.68331,um,Spot,14,Tracked,1000000134,8773,
6.30775,um,Spot,14,Tracked,1000006829,8774,
3.37762,um,Spot,14,Tracked,1000006624,8775,
2.11796,um,Spot,14,Tracked,1000006651,8776,
4.74078,um,Spot,14,Tracked,1000006677,8777,
14.8324,um,Spot,14,Tracked,1000007441,8778,
