empty,,,,,,
Speed,,,,,,
 ==================== ,,,,,,
Speed,Unit,Category,Time,Set 1,TrackID,ID
21.403476,,Spot,1,Untracked,1000000004,4
23.089392,,Spot,1,Untracked,1000000005,5
22.021128,,Spot,1,Untracked,1000000006,6
25.776756,,Spot,1,Untracked,1000000008,8
15.337692,,Spot,1,Untracked,1000000010,10
11.966472,,Spot,1,Untracked,1000000011,11
10.890612,,Spot,1,Untracked,1000000016,16
6.989868,,Spot,1,Untracked,1000000017,17
30.635244,,Spot,1,Untracked,1000000020,20
10.088748,,Spot,1,Untracked,1000000022,22
18.63648,,Spot,1,Untracked,1000000026,26
22.629636,,Spot,1,Untracked,1000000030,30
22.967316,,Spot,1,Untracked,1000000031,31
17.783748,,Spot,1,Untracked,1000000034,34
15.189624,,Spot,1,Untracked,1000000035,35
18.834912,,Spot,1,Untracked,1000000059,59
25.123536,,Spot,1,Untracked,1000000065,65
17.073864,,Spot,1,Untracked,1000000066,66
19.72314,,Spot,1,Untracked,1000000067,67
19.575756,,Spot,1,Untracked,1000000073,73
12.979872,,Spot,1,Untracked,1000000076,76
31.172616,,Spot,1,Untracked,1000000078,78
18.939096,,Spot,1,Untracked,1000000079,79
17.11656,,Spot,1,Untracked,1000000080,80
12.902652,,Spot,1,Untracked,1000000081,81
21.860388,,Spot,1,Untracked,1000000082,82
20.188872,,Spot,1,Untracked,1000000084,84
17.99388,,Spot,1,Untracked,1000000085,85
21.734964,,Spot,1,Untracked,1000000086,86
6.85764,,Spot,1,Untracked,1000000088,88
4.659984,,Spot,1,Untracked,1000000089,89
11.708856,,Spot,1,Untracked,1000000090,90
8.2449,,Spot,1,Untracked,1000000097,97
5.555952,,Spot,1,Untracked,1000000098,98
12.787524,,Spot,1,Untracked,1000000101,101
5.850144,,Spot,1,Untracked,1000000102,102
12.801744,,Spot,1,Untracked,1000000105,105
9.81018,,Spot,1,Untracked,1000000106,106
12.900132,,Spot,1,Untracked,1000000108,108
7.966296,,Spot,1,Untracked,1000000109,109
5.814036,,Spot,1,Untracked,1000000110,110
7.33338,,Spot,1,Untracked,1000000111,111
5.931972,,Spot,1,Untracked,1000000115,115
5.334696,,Spot,1,Untracked,1000000116,116
7.187616,,Spot,1,Untracked,1000000117,117
6.447024,,Spot,1,Untracked,1000000118,118
3.0653892,,Spot,1,Untracked,1000000119,119
6.540264,,Spot,1,Untracked,1000000121,121
10.037556,,Spot,1,Untracked,1000000122,122
2.6191476,,Spot,1,Untracked,1000000124,124
4.614084,,Spot,1,Untracked,1000000125,125
13.409064,,Spot,1,Untracked,1000000126,126
5.519988,,Spot,1,Untracked,1000000127,127
12.628764,,Spot,1,Untracked,1000000130,130
21.52116,,Spot,1,Untracked,1000000131,131
12.83634,,Spot,1,Untracked,1000000132,132
16.031808,,Spot,1,Untracked,1000000133,133
9.639504,,Spot,1,Untracked,1000000135,135
17.463672,,Spot,1,Untracked,1000000136,136
15.310512,,Spot,1,Untracked,1000000137,137
10.332396,,Spot,1,Untracked,1000000138,138
22.7232,,Spot,1,Untracked,1000000139,139
2.9690244,,Spot,1,Untracked,1000000141,141
7.988364,,Spot,1,Untracked,1000000142,142
17.631108,,Spot,1,Untracked,1000000143,143
5.321232,,Spot,1,Untracked,1000000145,145
3.952944,,Spot,1,Untracked,1000000146,146
16.986024,,Spot,1,Untracked,1000000147,147
27.868716,,Spot,1,Untracked,1000000148,148
11.244672,,Spot,1,Untracked,1000000150,150
13.925232,,Spot,1,Untracked,1000000153,153
19.252008,,Spot,1,Untracked,1000000195,195
13.464036,,Spot,1,Untracked,1000000196,196
30.127356,,Spot,1,Untracked,1000000197,197
19.566036,,Spot,1,Untracked,1000000198,198
16.89336,,Spot,1,Untracked,1000000199,199
17.715672,,Spot,1,Untracked,1000000200,200
18.509436,,Spot,1,Untracked,1000000201,201
12.519072,,Spot,1,Untracked,1000000202,202
9.859212,,Spot,1,Untracked,1000000203,203
24.628644,,Spot,1,Untracked,1000000204,204
21.809916,,Spot,1,Untracked,1000000205,205
16.088256,,Spot,1,Untracked,1000000207,207
14.269536,,Spot,1,Untracked,1000000208,208
23.137884,,Spot,1,Untracked,1000000210,210
11.126304,,Spot,1,Untracked,1000000211,211
22.238928,,Spot,1,Untracked,1000000213,213
15.856056,,Spot,1,Untracked,1000000214,214
19.90818,,Spot,1,Untracked,1000000216,216
28.85148,,Spot,1,Untracked,1000000219,219
19.038996,,Spot,1,Untracked,1000000220,220
29.155968,,Spot,1,Untracked,1000000221,221
11.461896,,Spot,1,Untracked,1000000225,225
10.869084,,Spot,1,Untracked,1000000227,227
11.058264,,Spot,1,Untracked,1000000228,228
6.618996,,Spot,1,Untracked,1000000229,229
4.737708,,Spot,1,Untracked,1000000231,231
14.054796,,Spot,1,Untracked,1000000233,233
4.65444,,Spot,1,Untracked,1000000235,235
5.879628,,Spot,1,Untracked,1000000237,237
10.45962,,Spot,1,Untracked,1000000239,239
7.066872,,Spot,1,Untracked,1000000240,240
5.482476,,Spot,1,Untracked,1000000241,241
11.269224,,Spot,1,Untracked,1000000242,242
11.824812,,Spot,1,Untracked,1000000243,243
1.3262832,,Spot,1,Untracked,1000000244,244
18.094788,,Spot,1,Untracked,1000000246,246
13.11948,,Spot,1,Untracked,1000000247,247
15.777216,,Spot,1,Untracked,1000000248,248
13.464756,,Spot,1,Untracked,1000000249,249
4.833828,,Spot,1,Untracked,1000000251,251
27.854388,,Spot,1,Untracked,1000000252,252
4.671504,,Spot,1,Untracked,1000000253,253
2.9429532,,Spot,1,Untracked,1000000254,254
7.247052,,Spot,1,Untracked,1000000255,255
17.515728,,Spot,1,Untracked,1000000256,256
13.115844,,Spot,1,Untracked,1000000260,260
19.106712,,Spot,1,Untracked,1000000261,261
19.162656,,Spot,1,Untracked,1000000262,262
30.962736,,Spot,1,Untracked,1000000263,263
18.804456,,Spot,1,Untracked,1000000264,264
4.132296,,Spot,1,Untracked,1000000265,265
10.321056,,Spot,1,Untracked,1000000266,266
9.749808,,Spot,1,Untracked,1000000268,268
11.073636,,Spot,1,Untracked,1000000269,269
10.17576,,Spot,1,Untracked,1000000270,270
4.215528,,Spot,1,Untracked,1000000271,271
11.364228,,Spot,1,Untracked,1000000272,272
17.6454,,Spot,1,Untracked,1000000273,273
15.716196,,Spot,1,Untracked,1000000275,275
11.302272,,Spot,1,Untracked,1000000276,276
6.961788,,Spot,1,Untracked,1000000277,277
25.895016,,Spot,1,Untracked,1000000278,278
14.354496,,Spot,1,Untracked,1000000281,281
15.730632,,Spot,1,Untracked,1000000290,290
26.02458,,Spot,1,Untracked,1000000318,318
17.694828,,Spot,1,Untracked,1000000320,320
18.268128,,Spot,1,Untracked,1000000321,321
11.814552,,Spot,1,Untracked,1000000322,322
14.29218,,Spot,1,Untracked,1000000324,324
17.172216,,Spot,1,Untracked,1000000327,327
16.860672,,Spot,1,Untracked,1000000328,328
14.290092,,Spot,1,Untracked,1000000332,332
10.416348,,Spot,1,Untracked,1000000333,333
8.544708,,Spot,1,Untracked,1000000336,336
5.588928,,Spot,1,Untracked,1000000339,339
8.01216,,Spot,1,Untracked,1000000340,340
17.08488,,Spot,1,Untracked,1000000342,342
6.117084,,Spot,1,Untracked,1000000343,343
9.961812,,Spot,1,Untracked,1000000346,346
10.129212,,Spot,1,Untracked,1000000347,347
7.090236,,Spot,1,Untracked,1000000348,348
6.5583,,Spot,1,Untracked,1000000352,352
16.547112,,Spot,1,Untracked,1000000353,353
3.838752,,Spot,1,Untracked,1000000354,354
4.0401,,Spot,1,Untracked,1000000356,356
8.945028,,Spot,1,Untracked,1000000357,357
27.86238,,Spot,1,Untracked,1000000364,364
21.465828,,Spot,1,Tracked,1000003057,3057
2.974806,,Spot,1,Tracked,1000003075,3075
0.8632224,,Spot,1,Tracked,1000003093,3093
10.428516,,Spot,1,Tracked,1000003102,3102
9.64548,,Spot,1,Tracked,1000003111,3111
0,,Spot,1,Tracked,1000003129,3129
6.744492,,Spot,1,Tracked,1000003146,3146
9.81522,,Spot,1,Tracked,1000003163,3163
14.62482,,Spot,1,Tracked,1000003173,3173
5.420808,,Spot,1,Tracked,1000003192,3192
1.4074668,,Spot,1,Tracked,1000003210,3210
5.888808,,Spot,1,Tracked,1000003219,3219
6.199092,,Spot,1,Tracked,1000003228,3228
5.434452,,Spot,1,Tracked,1000003237,3237
5.038488,,Spot,1,Tracked,1000003246,3246
14.417244,,Spot,1,Tracked,1000003255,3255
4.994064,,Spot,1,Tracked,1000003264,3264
21.692664,,Spot,1,Tracked,1000003279,3279
35.74332,,Spot,1,Untracked,1000003288,3288
0,,Spot,1,Untracked,1000003297,3297
33.016356,,Spot,1,Tracked,1000003305,3305
5.424048,,Spot,1,Tracked,1000003314,3314
17.609472,,Spot,1,Tracked,1000003323,3323
1.2216348,,Spot,1,Untracked,1000003332,3332
4.74282,,Spot,1,Tracked,1000003340,3340
22.875696,,Spot,1,Untracked,1000003348,3348
0.8168868,,Spot,1,Untracked,1000003356,3356
2.8923804,,Spot,1,Untracked,1000003365,3365
48.09492,,Spot,1,Untracked,1000003374,3374
24.10866,,Spot,1,Untracked,1000003383,3383
0,,Spot,1,Untracked,1000003391,3391
30.485088,,Spot,2,Untracked,1000003392,3392
24.254892,,Spot,2,Untracked,1000003393,3393
4.2561,,Spot,2,Untracked,1000000004,3394
11.676384,,Spot,2,Untracked,1000000005,3395
8.174772,,Spot,2,Untracked,1000003396,3396
10.213524,,Spot,2,Untracked,1000000008,3397
20.226348,,Spot,2,Untracked,1000000006,3398
9.983304,,Spot,2,Untracked,1000000065,3399
11.8125,,Spot,2,Untracked,1000003400,3400
7.989876,,Spot,2,Untracked,1000000010,3401
10.872,,Spot,2,Untracked,1000003402,3402
8.89542,,Spot,2,Untracked,1000000011,3403
6.989868,,Spot,2,Untracked,1000000017,3404
13.186872,,Spot,2,Untracked,1000000020,3405
10.088748,,Spot,2,Untracked,1000000022,3406
9.190944,,Spot,2,Untracked,1000000016,3407
6.05322,,Spot,2,Untracked,1000000030,3408
7.181064,,Spot,2,Untracked,1000000031,3409
9.847836,,Spot,2,Untracked,1000000034,3410
3.655584,,Spot,2,Untracked,1000000035,3411
8.572788,,Spot,2,Untracked,1000000066,3412
19.772064,,Spot,2,Untracked,1000003413,3413
24.005088,,Spot,2,Untracked,1000000078,3414
19.575756,,Spot,2,Untracked,1000000073,3415
21.860388,,Spot,2,Untracked,1000000082,3416
16.027416,,Spot,2,Untracked,1000000067,3417
14.006844,,Spot,2,Untracked,1000000084,3418
14.718276,,Spot,2,Untracked,1000000076,3419
15.120108,,Spot,2,Untracked,1000000080,3420
17.398008,,Spot,2,Untracked,1000000081,3421
23.546448,,Spot,2,Untracked,1000003422,3422
11.452356,,Spot,2,Untracked,1000000086,3423
20.02266,,Spot,2,Untracked,1000000085,3424
19.435536,,Spot,2,Untracked,1000000079,3425
24.225552,,Spot,2,Untracked,1000003426,3426
30.127356,,Spot,2,Untracked,1000000197,3427
17.516736,,Spot,2,Untracked,1000000088,3428
17.753004,,Spot,2,Untracked,1000000090,3429
19.350792,,Spot,2,Untracked,1000000198,3430
19.252008,,Spot,2,Untracked,1000000195,3431
16.635168,,Spot,2,Untracked,1000000089,3432
8.2449,,Spot,2,Untracked,1000000097,3433
11.507616,,Spot,2,Untracked,1000000098,3434
12.801744,,Spot,2,Untracked,1000000105,3435
6.73272,,Spot,2,Untracked,1000000101,3436
8.708724,,Spot,2,Untracked,1000000106,3437
5.850144,,Spot,2,Untracked,1000000102,3438
12.900132,,Spot,2,Untracked,1000000108,3439
14.233356,,Spot,2,Untracked,1000000109,3440
8.944884,,Spot,2,Untracked,1000000110,3441
6.888528,,Spot,2,Untracked,1000000111,3442
10.739088,,Spot,2,Untracked,1000000115,3443
6.447024,,Spot,2,Untracked,1000000118,3444
14.287356,,Spot,2,Untracked,1000000117,3445
5.280624,,Spot,2,Untracked,1000000116,3446
4.206384,,Spot,2,Untracked,1000000119,3447
7.21062,,Spot,2,Untracked,1000000121,3448
9.199224,,Spot,2,Untracked,1000000124,3449
7.999668,,Spot,2,Untracked,1000000125,3450
4.721004,,Spot,2,Untracked,1000000126,3451
7.417404,,Spot,2,Untracked,1000000127,3452
13.223484,,Spot,2,Untracked,1000000225,3453
4.154256,,Spot,2,Untracked,1000003454,3454
4.494096,,Spot,2,Untracked,1000000130,3455
2.3158764,,Spot,2,Untracked,1000000026,3456
9.374904,,Spot,2,Untracked,1000000131,3457
12.195864,,Spot,2,Untracked,1000000135,3458
9.978408,,Spot,2,Untracked,1000000133,3459
10.085364,,Spot,2,Untracked,1000000138,3460
0.9374616,,Spot,2,Untracked,1000000137,3461
5.465916,,Spot,2,Untracked,1000000141,3462
3.811284,,Spot,2,Untracked,1000000136,3463
21.390876,,Spot,2,Untracked,1000000139,3464
4.841568,,Spot,2,Untracked,1000000142,3465
8.259048,,Spot,2,Untracked,1000000145,3466
12.498156,,Spot,2,Untracked,1000000148,3467
11.86092,,Spot,2,Untracked,1000000147,3468
14.73588,,Spot,2,Untracked,1000000150,3469
16.320168,,Spot,2,Untracked,1000000153,3470
7.601472,,Spot,2,Untracked,1000000059,3471
17.715672,,Spot,2,Untracked,1000000200,3472
16.89336,,Spot,2,Untracked,1000000199,3473
24.628644,,Spot,2,Untracked,1000000204,3474
20.784276,,Spot,2,Untracked,1000000201,3475
13.464036,,Spot,2,Untracked,1000000196,3476
21.809916,,Spot,2,Untracked,1000000205,3477
22.778352,,Spot,2,Untracked,1000000210,3478
15.18228,,Spot,2,Untracked,1000000207,3479
9.859212,,Spot,2,Untracked,1000000203,3480
14.269536,,Spot,2,Untracked,1000000208,3481
15.856056,,Spot,2,Untracked,1000000214,3482
22.238928,,Spot,2,Untracked,1000000213,3483
19.038996,,Spot,2,Untracked,1000000220,3484
19.90818,,Spot,2,Untracked,1000000216,3485
26.02458,,Spot,2,Untracked,1000000318,3486
6.307776,,Spot,2,Untracked,1000000122,3487
13.512852,,Spot,2,Untracked,1000000227,3488
4.737708,,Spot,2,Untracked,1000000231,3489
7.151832,,Spot,2,Untracked,1000000228,3490
4.524192,,Spot,2,Untracked,1000000229,3491
6.059412,,Spot,2,Untracked,1000000235,3492
7.066872,,Spot,2,Untracked,1000000240,3493
6.164784,,Spot,2,Untracked,1000000246,3494
9.212364,,Spot,2,Untracked,1000000233,3495
7.642404,,Spot,2,Untracked,1000000237,3496
10.125252,,Spot,2,Untracked,1000000241,3497
13.464756,,Spot,2,Untracked,1000000249,3498
6.3333,,Spot,2,Untracked,1000000239,3499
8.982504,,Spot,2,Untracked,1000000247,3500
12.163932,,Spot,2,Untracked,1000000252,3501
5.011668,,Spot,2,Untracked,1000000244,3502
8.000964,,Spot,2,Untracked,1000000242,3503
15.777216,,Spot,2,Untracked,1000000248,3504
4.833828,,Spot,2,Untracked,1000000251,3505
6.274512,,Spot,2,Untracked,1000000253,3506
9.214704,,Spot,2,Untracked,1000000219,3507
12.994236,,Spot,2,Untracked,1000000256,3508
9.41472,,Spot,2,Untracked,1000000254,3509
11.120472,,Spot,2,Untracked,1000003510,3510
12.344184,,Spot,2,Untracked,1000003511,3511
7.247052,,Spot,2,Untracked,1000000255,3512
8.544708,,Spot,2,Untracked,1000000336,3513
6.861276,,Spot,2,Untracked,1000000143,3514
9.192564,,Spot,2,Untracked,1000000265,3515
3.2503104,,Spot,2,Untracked,1000000260,3516
10.17576,,Spot,2,Untracked,1000000270,3517
17.755416,,Spot,2,Untracked,1000000271,3518
5.199264,,Spot,2,Untracked,1000000262,3519
5.522652,,Spot,2,Untracked,1000000261,3520
18.804456,,Spot,2,Untracked,1000000264,3521
3.798864,,Spot,2,Untracked,1000000269,3522
24.539724,,Spot,2,Untracked,1000000263,3523
23.14566,,Spot,2,Untracked,1000003524,3524
11.364228,,Spot,2,Untracked,1000000272,3525
3.4871148,,Spot,2,Untracked,1000000273,3526
18.946908,,Spot,2,Untracked,1000000276,3527
3.79422,,Spot,2,Untracked,1000000275,3528
12.519072,,Spot,2,Untracked,1000000202,3529
27.86238,,Spot,2,Untracked,1000000364,3530
15.730632,,Spot,2,Untracked,1000000290,3531
7.336764,,Spot,2,Untracked,1000003532,3532
14.290092,,Spot,2,Untracked,1000000332,3533
17.694828,,Spot,2,Untracked,1000000320,3534
3.3003468,,Spot,2,Untracked,1000000322,3535
14.29218,,Spot,2,Untracked,1000000324,3536
17.172216,,Spot,2,Untracked,1000000327,3537
16.860672,,Spot,2,Untracked,1000000328,3538
29.155968,,Spot,2,Untracked,1000000221,3539
30.910824,,Spot,2,Untracked,1000003540,3540
5.59836,,Spot,2,Untracked,1000000339,3541
18.268128,,Spot,2,Untracked,1000000321,3542
8.01216,,Spot,2,Untracked,1000000340,3543
7.908264,,Spot,2,Untracked,1000003544,3544
10.824876,,Spot,2,Untracked,1000000342,3545
4.347036,,Spot,2,Untracked,1000000343,3546
5.408676,,Spot,2,Untracked,1000000348,3547
8.525412,,Spot,2,Untracked,1000000281,3548
6.422652,,Spot,2,Untracked,1000000352,3549
12.0762,,Spot,2,Untracked,1000000353,3550
3.97908,,Spot,2,Untracked,1000000354,3551
1.2936996,,Spot,2,Untracked,1000000346,3552
4.3803,,Spot,2,Untracked,1000000278,3553
3.3467436,,Spot,2,Untracked,1000000347,3554
14.712408,,Spot,2,Untracked,1000000357,3555
3.4481088,,Spot,2,Tracked,1000003057,3556
6.485436,,Spot,2,Tracked,1000003075,3557
3.2959656,,Spot,2,Tracked,1000003093,3558
5.70996,,Spot,2,Tracked,1000003102,3559
5.895288,,Spot,2,Tracked,1000003111,3560
7.006248,,Spot,2,Tracked,1000003129,3561
3.294,,Spot,2,Tracked,1000003146,3562
5.040036,,Spot,2,Tracked,1000003163,3563
4.72608,,Spot,2,Tracked,1000003173,3564
2.8270188,,Spot,2,Tracked,1000003192,3565
5.886396,,Spot,2,Tracked,1000003210,3566
4.871988,,Spot,2,Tracked,1000003219,3567
0.9211536,,Spot,2,Tracked,1000003228,3568
3.4399008,,Spot,2,Tracked,1000003237,3569
4.954608,,Spot,2,Tracked,1000003246,3570
7.397496,,Spot,2,Tracked,1000003255,3571
9.573408,,Spot,2,Tracked,1000003264,3572
11.931444,,Spot,2,Tracked,1000003279,3573
10.000152,,Spot,2,Untracked,1000003288,3574
32.446692,,Spot,2,Untracked,1000003297,3575
36.79668,,Spot,2,Tracked,1000003305,3576
5.08788,,Spot,2,Tracked,1000003314,3577
12.715056,,Spot,2,Tracked,1000003323,3578
1.1035836,,Spot,2,Untracked,1000003332,3579
10.172952,,Spot,2,Tracked,1000003340,3580
27.304848,,Spot,2,Untracked,1000003348,3581
2.6356428,,Spot,2,Untracked,1000003356,3582
9.878508,,Spot,2,Untracked,1000003365,3583
16.252524,,Spot,2,Untracked,1000003374,3584
24.10866,,Spot,2,Untracked,1000003383,3585
48.70944,,Spot,2,Untracked,1000003391,3586
12.9645,,Spot,3,Untracked,1000003392,3587
9.576756,,Spot,3,Untracked,1000003393,3588
6.492744,,Spot,3,Untracked,1000000004,3589
10.492524,,Spot,3,Untracked,1000000008,3590
13.172256,,Spot,3,Untracked,1000000005,3591
2.5287156,,Spot,3,Untracked,1000003400,3592
4.698576,,Spot,3,Untracked,1000000065,3593
6.1713,,Spot,3,Untracked,1000000010,3594
11.668212,,Spot,3,Untracked,1000000066,3595
8.276364,,Spot,3,Untracked,1000000016,3596
4.747824,,Spot,3,Untracked,1000000020,3597
26.47962,,Spot,3,Untracked,1000000011,3598
9.06642,,Spot,3,Untracked,1000003599,3599
27.070992,,Spot,3,Untracked,1000003600,3600
16.703316,,Spot,3,Untracked,1000000030,3601
28.691676,,Spot,3,Untracked,1000000031,3602
10.417716,,Spot,3,Untracked,1000000059,3603
31.770828,,Spot,3,Untracked,1000003604,3604
11.253312,,Spot,3,Untracked,1000000078,3605
24.213816,,Spot,3,Untracked,1000000006,3606
14.420736,,Spot,3,Untracked,1000003413,3607
1.8055224,,Spot,3,Untracked,1000000081,3608
10.889928,,Spot,3,Untracked,1000000080,3609
9.090864,,Spot,3,Untracked,1000000076,3610
9.41256,,Spot,3,Untracked,1000000084,3611
22.234068,,Spot,3,Untracked,1000000067,3612
17.963712,,Spot,3,Untracked,1000000088,3613
11.226708,,Spot,3,Untracked,1000003422,3614
13.81104,,Spot,3,Untracked,1000003615,3615
24.225552,,Spot,3,Untracked,1000003426,3616
11.541456,,Spot,3,Untracked,1000000090,3617
13.799412,,Spot,3,Untracked,1000000079,3618
8.268732,,Spot,3,Untracked,1000003619,3619
28.26324,,Spot,3,Untracked,1000000085,3620
8.96922,,Spot,3,Untracked,1000000098,3621
7.813224,,Spot,3,Untracked,1000000101,3622
7.318692,,Spot,3,Untracked,1000003623,3623
6.05772,,Spot,3,Untracked,1000000110,3624
15.833124,,Spot,3,Untracked,1000000117,3625
6.73362,,Spot,3,Untracked,1000000111,3626
3.927708,,Spot,3,Untracked,1000000116,3627
5.72562,,Spot,3,Untracked,1000000109,3628
11.744496,,Spot,3,Untracked,1000003629,3629
1.2120696,,Spot,3,Untracked,1000000119,3630
4.333464,,Spot,3,Untracked,1000000121,3631
14.666112,,Spot,3,Untracked,1000000225,3632
5.3676,,Spot,3,Untracked,1000000026,3633
8.134056,,Spot,3,Untracked,1000000130,3634
13.865292,,Spot,3,Untracked,1000000131,3635
12.83634,,Spot,3,Untracked,1000000132,3636
8.679132,,Spot,3,Untracked,1000000136,3637
8.102772,,Spot,3,Untracked,1000000135,3638
10.939644,,Spot,3,Untracked,1000000137,3639
11.256228,,Spot,3,Untracked,1000000133,3640
5.963724,,Spot,3,Untracked,1000000141,3641
19.38078,,Spot,3,Untracked,1000000138,3642
4.918248,,Spot,3,Untracked,1000000142,3643
15.501492,,Spot,3,Untracked,1000000143,3644
3.952944,,Spot,3,Untracked,1000000146,3645
16.895268,,Spot,3,Untracked,1000000271,3646
12.937572,,Spot,3,Untracked,1000000265,3647
11.542824,,Spot,3,Untracked,1000000035,3648
21.433536,,Spot,3,Untracked,1000000034,3649
15.951636,,Spot,3,Untracked,1000000148,3650
17.269704,,Spot,3,Untracked,1000000147,3651
5.720112,,Spot,3,Untracked,1000000150,3652
6.900192,,Spot,3,Untracked,1000000153,3653
19.369836,,Spot,3,Untracked,1000003654,3654
26.729892,,Spot,3,Untracked,1000000198,3655
18.514764,,Spot,3,Untracked,1000000210,3656
13.298328,,Spot,3,Untracked,1000000201,3657
12.1851,,Spot,3,Untracked,1000000089,3658
30.234096,,Spot,3,Untracked,1000003659,3659
12.519252,,Spot,3,Untracked,1000003660,3660
12.100824,,Spot,3,Untracked,1000000207,3661
8.707608,,Spot,3,Untracked,1000000211,3662
15.310584,,Spot,3,Untracked,1000003663,3663
27.612036,,Spot,3,Untracked,1000003664,3664
21.055644,,Spot,3,Untracked,1000003665,3665
9.46314,,Spot,3,Untracked,1000000125,3666
5.434812,,Spot,3,Untracked,1000003667,3667
7.049088,,Spot,3,Untracked,1000000127,3668
4.465116,,Spot,3,Untracked,1000000124,3669
17.673516,,Spot,3,Untracked,1000003670,3670
5.21964,,Spot,3,Untracked,1000003671,3671
10.373292,,Spot,3,Untracked,1000000241,3672
11.920176,,Spot,3,Untracked,1000003673,3673
4.420872,,Spot,3,Untracked,1000000229,3674
21.919932,,Spot,3,Untracked,1000000227,3675
6.4656,,Spot,3,Untracked,1000000235,3676
3.718872,,Spot,3,Untracked,1000000246,3677
5.847012,,Spot,3,Untracked,1000000233,3678
3.3443892,,Spot,3,Untracked,1000000247,3679
18.65214,,Spot,3,Untracked,1000003680,3680
4.339764,,Spot,3,Untracked,1000000239,3681
30.010572,,Spot,3,Untracked,1000003682,3682
10.113804,,Spot,3,Untracked,1000000252,3683
6.21684,,Spot,3,Untracked,1000000242,3684
11.824812,,Spot,3,Untracked,1000000243,3685
19.421856,,Spot,3,Untracked,1000003686,3686
7.744032,,Spot,3,Untracked,1000000253,3687
13.127328,,Spot,3,Untracked,1000000254,3688
13.964904,,Spot,3,Untracked,1000003689,3689
8.72802,,Spot,3,Untracked,1000003510,3690
18.928188,,Spot,3,Untracked,1000003691,3691
11.65662,,Spot,3,Untracked,1000000262,3692
1.6912836,,Spot,3,Untracked,1000000122,3693
2.784006,,Spot,3,Untracked,1000000260,3694
16.388748,,Spot,3,Untracked,1000000261,3695
5.138208,,Spot,3,Untracked,1000000266,3696
3.5136,,Spot,3,Untracked,1000000139,3697
4.629204,,Spot,3,Untracked,1000000228,3698
14.737788,,Spot,3,Untracked,1000003524,3699
2.7018036,,Spot,3,Untracked,1000000269,3700
12.968604,,Spot,3,Untracked,1000000263,3701
13.209912,,Spot,3,Untracked,1000000275,3702
9.749808,,Spot,3,Untracked,1000000268,3703
13.136184,,Spot,3,Untracked,1000000278,3704
3.822156,,Spot,3,Untracked,1000000277,3705
2.9602764,,Spot,3,Untracked,1000000357,3706
11.632572,,Spot,3,Untracked,1000003707,3707
5.140728,,Spot,3,Untracked,1000003708,3708
9.720864,,Spot,3,Untracked,1000000333,3709
5.235552,,Spot,3,Untracked,1000000339,3710
27.525024,,Spot,3,Untracked,1000003711,3711
13.804272,,Spot,3,Untracked,1000003712,3712
7.053876,,Spot,3,Untracked,1000003544,3713
13.091832,,Spot,3,Untracked,1000000256,3714
1.319742,,Spot,3,Untracked,1000000342,3715
7.40358,,Spot,3,Untracked,1000000343,3716
7.92,,Spot,3,Untracked,1000003717,3717
14.594832,,Spot,3,Untracked,1000003540,3718
1.3581936,,Spot,3,Untracked,1000000346,3719
15.88608,,Spot,3,Untracked,1000000281,3720
0.4975056,,Spot,3,Untracked,1000000347,3721
4.362336,,Spot,3,Untracked,1000000348,3722
14.405652,,Spot,3,Untracked,1000000276,3723
7.53444,,Spot,3,Untracked,1000000352,3724
4.222548,,Spot,3,Untracked,1000000353,3725
3.481578,,Spot,3,Untracked,1000000356,3726
8.32986,,Spot,3,Untracked,1000003727,3727
21.460572,,Spot,3,Tracked,1000003057,3728
12.507048,,Spot,3,Tracked,1000003075,3729
13.760352,,Spot,3,Tracked,1000003093,3730
10.61694,,Spot,3,Tracked,1000003102,3731
4.993128,,Spot,3,Tracked,1000003111,3732
18.776016,,Spot,3,Tracked,1000003129,3733
10.221912,,Spot,3,Tracked,1000003146,3734
2.0149704,,Spot,3,Tracked,1000003163,3735
12.46878,,Spot,3,Tracked,1000003173,3736
15.152832,,Spot,3,Tracked,1000003192,3737
10.17882,,Spot,3,Tracked,1000003210,3738
12.852828,,Spot,3,Tracked,1000003219,3739
3.0786336,,Spot,3,Tracked,1000003228,3740
13.227192,,Spot,3,Tracked,1000003237,3741
19.860984,,Spot,3,Tracked,1000003246,3742
17.703972,,Spot,3,Tracked,1000003255,3743
17.095464,,Spot,3,Tracked,1000003264,3744
28.911456,,Spot,3,Tracked,1000003279,3745
19.066284,,Spot,3,Untracked,1000003288,3746
33.511068,,Spot,3,Untracked,1000003297,3747
16.249464,,Spot,3,Tracked,1000003305,3748
15.57666,,Spot,3,Tracked,1000003314,3749
10.946628,,Spot,3,Tracked,1000003323,3750
7.825176,,Spot,3,Untracked,1000003332,3751
24.270408,,Spot,3,Tracked,1000003340,3752
29.269728,,Spot,3,Untracked,1000003348,3753
4.203936,,Spot,3,Untracked,1000003356,3754
2.7402372,,Spot,3,Untracked,1000003365,3755
24.477552,,Spot,3,Untracked,1000003374,3756
43.6518,,Spot,3,Untracked,1000003391,3757
7.182648,,Spot,4,Untracked,1000003758,3758
9.666504,,Spot,4,Untracked,1000003759,3759
4.415724,,Spot,4,Untracked,1000003760,3760
5.13504,,Spot,4,Untracked,1000003392,3761
4.958892,,Spot,4,Untracked,1000003393,3762
3.705084,,Spot,4,Untracked,1000000005,3763
6.899364,,Spot,4,Untracked,1000003396,3764
15.532344,,Spot,4,Untracked,1000003400,3765
8.467632,,Spot,4,Untracked,1000000008,3766
4.49568,,Spot,4,Untracked,1000000065,3767
6.973524,,Spot,4,Untracked,1000000078,3768
10.75392,,Spot,4,Untracked,1000003402,3769
18.34794,,Spot,4,Untracked,1000000016,3770
5.959008,,Spot,4,Untracked,1000000020,3771
7.237404,,Spot,4,Untracked,1000003454,3772
27.070992,,Spot,4,Untracked,1000003600,3773
15.950808,,Spot,4,Untracked,1000003774,3774
6.6267,,Spot,4,Untracked,1000003775,3775
13.334292,,Spot,4,Untracked,1000000059,3776
7.075836,,Spot,4,Untracked,1000000010,3777
7.338924,,Spot,4,Untracked,1000003778,3778
2.4372108,,Spot,4,Untracked,1000000076,3779
3.861036,,Spot,4,Untracked,1000000084,3780
7.662312,,Spot,4,Untracked,1000000080,3781
13.06386,,Spot,4,Untracked,1000003413,3782
8.45388,,Spot,4,Untracked,1000000081,3783
4.496328,,Spot,4,Untracked,1000000086,3784
15.086016,,Spot,4,Untracked,1000003615,3785
6.141132,,Spot,4,Untracked,1000000088,3786
15.582564,,Spot,4,Untracked,1000003659,3787
3.84174,,Spot,4,Untracked,1000000090,3788
15.602328,,Spot,4,Untracked,1000003422,3789
18.464148,,Spot,4,Untracked,1000003790,3790
6.806844,,Spot,4,Untracked,1000000079,3791
3.5262432,,Spot,4,Untracked,1000000201,3792
3.3355332,,Spot,4,Untracked,1000003619,3793
10.056024,,Spot,4,Untracked,1000000098,3794
13.89672,,Spot,4,Untracked,1000000117,3795
7.318692,,Spot,4,Untracked,1000003623,3796
5.042016,,Spot,4,Untracked,1000000101,3797
4.291884,,Spot,4,Untracked,1000003798,3798
9.74394,,Spot,4,Untracked,1000000106,3799
6.418476,,Spot,4,Untracked,1000003629,3800
6.076224,,Spot,4,Untracked,1000000110,3801
11.160252,,Spot,4,Untracked,1000000125,3802
4.345092,,Spot,4,Untracked,1000000116,3803
15.685524,,Spot,4,Untracked,1000000109,3804
1.648764,,Spot,4,Untracked,1000000111,3805
11.032776,,Spot,4,Untracked,1000000126,3806
14.985108,,Spot,4,Untracked,1000000115,3807
3.7341,,Spot,4,Untracked,1000000119,3808
4.806756,,Spot,4,Untracked,1000000225,3809
10.085616,,Spot,4,Untracked,1000000124,3810
9.639468,,Spot,4,Untracked,1000003670,3811
7.136928,,Spot,4,Untracked,1000000130,3812
7.203672,,Spot,4,Untracked,1000000026,3813
11.173104,,Spot,4,Untracked,1000003814,3814
12.86856,,Spot,4,Untracked,1000000135,3815
7.278624,,Spot,4,Untracked,1000000137,3816
12.54006,,Spot,4,Untracked,1000000133,3817
7.057656,,Spot,4,Untracked,1000000141,3818
8.267616,,Spot,4,Untracked,1000000136,3819
15.84882,,Spot,4,Untracked,1000000138,3820
1.276164,,Spot,4,Untracked,1000003821,3821
6.627816,,Spot,4,Untracked,1000000265,3822
15.822252,,Spot,4,Untracked,1000000139,3823
10.392624,,Spot,4,Untracked,1000000142,3824
9.747288,,Spot,4,Untracked,1000003825,3825
22.235688,,Spot,4,Untracked,1000000066,3826
12.243276,,Spot,4,Untracked,1000000148,3827
8.70552,,Spot,4,Untracked,1000000150,3828
8.146764,,Spot,4,Untracked,1000000147,3829
18.434304,,Spot,4,Untracked,1000003604,3830
3.5616636,,Spot,4,Untracked,1000003660,3831
15.278076,,Spot,4,Untracked,1000003664,3832
10.989648,,Spot,4,Untracked,1000000207,3833
7.973496,,Spot,4,Untracked,1000000089,3834
9.88218,,Spot,4,Untracked,1000000210,3835
4.48416,,Spot,4,Untracked,1000000211,3836
9.866988,,Spot,4,Untracked,1000003837,3837
9.313128,,Spot,4,Untracked,1000000219,3838
11.126664,,Spot,4,Untracked,1000003839,3839
15.801336,,Spot,4,Untracked,1000003665,3840
18.544788,,Spot,4,Untracked,1000000333,3841
8.18406,,Spot,4,Untracked,1000000127,3842
19.369836,,Spot,4,Untracked,1000003654,3843
5.00976,,Spot,4,Untracked,1000000121,3844
6.44004,,Spot,4,Untracked,1000003667,3845
4.723704,,Spot,4,Untracked,1000000122,3846
14.736744,,Spot,4,Untracked,1000003682,3847
10.642644,,Spot,4,Untracked,1000000235,3848
2.1118176,,Spot,4,Untracked,1000000228,3849
12.315672,,Spot,4,Untracked,1000003680,3850
5.965452,,Spot,4,Untracked,1000000241,3851
12.9591,,Spot,4,Untracked,1000003673,3852
9.971424,,Spot,4,Untracked,1000000239,3853
30.27708,,Spot,4,Untracked,1000000227,3854
8.607276,,Spot,4,Untracked,1000000229,3855
8.466948,,Spot,4,Untracked,1000003856,3856
5.877576,,Spot,4,Untracked,1000000246,3857
6.650784,,Spot,4,Untracked,1000000269,3858
4.932432,,Spot,4,Untracked,1000000233,3859
7.15554,,Spot,4,Untracked,1000000244,3860
3.575358,,Spot,4,Untracked,1000000247,3861
8.701092,,Spot,4,Untracked,1000000253,3862
12.413664,,Spot,4,Untracked,1000003686,3863
6.068952,,Spot,4,Untracked,1000000237,3864
13.964904,,Spot,4,Untracked,1000003689,3865
3.5547696,,Spot,4,Untracked,1000000242,3866
18.928188,,Spot,4,Untracked,1000003691,3867
27.525024,,Spot,4,Untracked,1000003711,3868
10.481652,,Spot,4,Untracked,1000000254,3869
8.916552,,Spot,4,Untracked,1000003707,3870
5.520708,,Spot,4,Untracked,1000000262,3871
3.619692,,Spot,4,Untracked,1000003532,3872
18.437724,,Spot,4,Untracked,1000003524,3873
7.097544,,Spot,4,Untracked,1000000260,3874
7.27812,,Spot,4,Untracked,1000003875,3875
3.995748,,Spot,4,Untracked,1000000263,3876
14.624136,,Spot,4,Untracked,1000000275,3877
5.358168,,Spot,4,Untracked,1000000273,3878
11.10132,,Spot,4,Untracked,1000000281,3879
10.606464,,Spot,4,Untracked,1000000277,3880
1.186956,,Spot,4,Untracked,1000000278,3881
11.825424,,Spot,4,Untracked,1000003882,3882
10.571328,,Spot,4,Untracked,1000000145,3883
8.538912,,Spot,4,Untracked,1000003511,3884
5.410476,,Spot,4,Untracked,1000000322,3885
7.631172,,Spot,4,Untracked,1000003886,3886
5.02722,,Spot,4,Untracked,1000003887,3887
17.182404,,Spot,4,Untracked,1000003888,3888
8.516664,,Spot,4,Untracked,1000000339,3889
7.08174,,Spot,4,Untracked,1000003510,3890
0.5347404,,Spot,4,Untracked,1000003712,3891
6.300036,,Spot,4,Untracked,1000000256,3892
3.780648,,Spot,4,Untracked,1000000342,3893
4.51566,,Spot,4,Untracked,1000000343,3894
6.096564,,Spot,4,Untracked,1000003717,3895
1.7006148,,Spot,4,Untracked,1000003896,3896
1.6438356,,Spot,4,Untracked,1000003540,3897
12.893904,,Spot,4,Untracked,1000000357,3898
7.443612,,Spot,4,Untracked,1000000348,3899
4.863852,,Spot,4,Untracked,1000000276,3900
4.016844,,Spot,4,Untracked,1000000352,3901
4.968324,,Spot,4,Untracked,1000000353,3902
2.208222,,Spot,4,Untracked,1000000354,3903
4.159584,,Spot,4,Untracked,1000000346,3904
8.663112,,Spot,4,Untracked,1000003727,3905
26.892036,,Spot,4,Tracked,1000003057,3906
17.803944,,Spot,4,Tracked,1000003075,3907
9.87642,,Spot,4,Tracked,1000003093,3908
8.992836,,Spot,4,Tracked,1000003102,3909
15.497424,,Spot,4,Tracked,1000003111,3910
8.679708,,Spot,4,Tracked,1000003129,3911
8.34012,,Spot,4,Tracked,1000003146,3912
10.311804,,Spot,4,Tracked,1000003163,3913
11.129148,,Spot,4,Tracked,1000003173,3914
12.319236,,Spot,4,Tracked,1000003192,3915
6.700356,,Spot,4,Tracked,1000003210,3916
11.396916,,Spot,4,Tracked,1000003219,3917
11.559816,,Spot,4,Tracked,1000003228,3918
11.00322,,Spot,4,Tracked,1000003237,3919
14.630976,,Spot,4,Tracked,1000003246,3920
9.304452,,Spot,4,Tracked,1000003255,3921
9.441036,,Spot,4,Tracked,1000003264,3922
10.682604,,Spot,4,Tracked,1000003279,3923
14.928444,,Spot,4,Untracked,1000003288,3924
3.592998,,Spot,4,Untracked,1000003297,3925
14.309676,,Spot,4,Tracked,1000003305,3926
13.134924,,Spot,4,Tracked,1000003314,3927
17.887428,,Spot,4,Tracked,1000003323,3928
11.77092,,Spot,4,Untracked,1000003332,3929
33.970068,,Spot,4,Tracked,1000003340,3930
5.41674,,Spot,4,Untracked,1000003348,3931
8.359056,,Spot,4,Untracked,1000003356,3932
21.738492,,Spot,4,Untracked,1000003365,3933
13.371192,,Spot,4,Untracked,1000003374,3934
25.961184,,Spot,4,Untracked,1000003935,3935
11.033316,,Spot,4,Untracked,1000003391,3936
11.124144,,Spot,5,Untracked,1000003758,3937
9.666504,,Spot,5,Untracked,1000003759,3938
5.206968,,Spot,5,Untracked,1000003760,3939
3.672216,,Spot,5,Untracked,1000003392,3940
5.364972,,Spot,5,Untracked,1000003393,3941
7.30386,,Spot,5,Untracked,1000000004,3942
19.528452,,Spot,5,Untracked,1000003400,3943
4.842396,,Spot,5,Untracked,1000000005,3944
8.361684,,Spot,5,Untracked,1000003396,3945
6.38298,,Spot,5,Untracked,1000000008,3946
5.168412,,Spot,5,Untracked,1000000065,3947
4.938372,,Spot,5,Untracked,1000000078,3948
4.826304,,Spot,5,Untracked,1000003402,3949
9.775836,,Spot,5,Untracked,1000003454,3950
5.246532,,Spot,5,Untracked,1000000020,3951
9.06642,,Spot,5,Untracked,1000003599,3952
4.172436,,Spot,5,Untracked,1000000130,3953
8.158428,,Spot,5,Untracked,1000003825,3954
15.950808,,Spot,5,Untracked,1000003774,3955
5.498748,,Spot,5,Untracked,1000003775,3956
4.612572,,Spot,5,Untracked,1000000059,3957
4.850316,,Spot,5,Untracked,1000000010,3958
8.714484,,Spot,5,Untracked,1000003778,3959
7.918488,,Spot,5,Untracked,1000000084,3960
6.265008,,Spot,5,Untracked,1000000081,3961
5.311368,,Spot,5,Untracked,1000000088,3962
5.844096,,Spot,5,Untracked,1000003413,3963
4.426668,,Spot,5,Untracked,1000000080,3964
9.736344,,Spot,5,Untracked,1000000086,3965
20.688156,,Spot,5,Untracked,1000003615,3966
4.128588,,Spot,5,Untracked,1000003659,3967
14.498064,,Spot,5,Untracked,1000003790,3968
12.272868,,Spot,5,Untracked,1000000090,3969
4.880412,,Spot,5,Untracked,1000003664,3970
4.747104,,Spot,5,Untracked,1000000201,3971
1.9817856,,Spot,5,Untracked,1000003619,3972
22.101444,,Spot,5,Untracked,1000000098,3973
14.972328,,Spot,5,Untracked,1000000117,3974
4.8645,,Spot,5,Untracked,1000000101,3975
2.6717292,,Spot,5,Untracked,1000003798,3976
2.4791508,,Spot,5,Untracked,1000000110,3977
3.0761352,,Spot,5,Untracked,1000003629,3978
5.826096,,Spot,5,Untracked,1000000106,3979
2.649798,,Spot,5,Untracked,1000000116,3980
3.825396,,Spot,5,Untracked,1000000111,3981
3.2092092,,Spot,5,Untracked,1000000119,3982
4.779144,,Spot,5,Untracked,1000000225,3983
7.162416,,Spot,5,Untracked,1000000124,3984
3.5588376,,Spot,5,Untracked,1000000127,3985
2.190438,,Spot,5,Untracked,1000000121,3986
6.40692,,Spot,5,Untracked,1000003670,3987
4.889304,,Spot,5,Untracked,1000003988,3988
1.6820712,,Spot,5,Untracked,1000000026,3989
11.356488,,Spot,5,Untracked,1000000135,3990
7.910352,,Spot,5,Untracked,1000000133,3991
5.150412,,Spot,5,Untracked,1000000141,3992
4.312188,,Spot,5,Untracked,1000000136,3993
5.36652,,Spot,5,Untracked,1000000137,3994
9.048204,,Spot,5,Untracked,1000000271,3995
8.158392,,Spot,5,Untracked,1000000139,3996
4.376808,,Spot,5,Untracked,1000000265,3997
0.7991064,,Spot,5,Untracked,1000000138,3998
10.940724,,Spot,5,Untracked,1000000148,3999
1.5963804,,Spot,5,Untracked,1000000147,4000
3.134664,,Spot,5,Untracked,1000000150,4001
9.15318,,Spot,5,Untracked,1000000153,4002
5.49702,,Spot,5,Untracked,1000003604,4003
10.177488,,Spot,5,Untracked,1000003660,4004
6.707016,,Spot,5,Untracked,1000003837,4005
6.543756,,Spot,5,Untracked,1000000210,4006
15.310584,,Spot,5,Untracked,1000003663,4007
6.72606,,Spot,5,Untracked,1000000211,4008
5.218884,,Spot,5,Untracked,1000003665,4009
9.268632,,Spot,5,Untracked,1000000219,4010
7.753896,,Spot,5,Untracked,1000003839,4011
15.417864,,Spot,5,Untracked,1000000125,4012
6.876612,,Spot,5,Untracked,1000003667,4013
3.4148124,,Spot,5,Untracked,1000000122,4014
4.101732,,Spot,5,Untracked,1000003671,4015
8.069544,,Spot,5,Untracked,1000003682,4016
1.8263304,,Spot,5,Untracked,1000000241,4017
3.887388,,Spot,5,Untracked,1000000235,4018
7.115472,,Spot,5,Untracked,1000003680,4019
9.068796,,Spot,5,Untracked,1000000228,4020
7.919136,,Spot,5,Untracked,1000003673,4021
3.747816,,Spot,5,Untracked,1000000239,4022
2.6633772,,Spot,5,Untracked,1000000233,4023
2.8768356,,Spot,5,Untracked,1000000229,4024
5.693724,,Spot,5,Untracked,1000000269,4025
3.5090568,,Spot,5,Untracked,1000000246,4026
11.424636,,Spot,5,Untracked,1000003686,4027
9.77202,,Spot,5,Untracked,1000000247,4028
5.867532,,Spot,5,Untracked,1000000242,4029
2.8450656,,Spot,5,Untracked,1000000253,4030
1.4260068,,Spot,5,Untracked,1000000237,4031
5.810616,,Spot,5,Untracked,1000000254,4032
3.60576,,Spot,5,Untracked,1000003707,4033
3.811464,,Spot,5,Untracked,1000000262,4034
5.498208,,Spot,5,Untracked,1000000260,4035
13.465008,,Spot,5,Untracked,1000003524,4036
4.734252,,Spot,5,Untracked,1000000266,4037
7.27812,,Spot,5,Untracked,1000003875,4038
7.093656,,Spot,5,Untracked,1000000263,4039
7.47324,,Spot,5,Untracked,1000000275,4040
7.509384,,Spot,5,Untracked,1000000273,4041
3.5098092,,Spot,5,Untracked,1000004042,4042
7.124832,,Spot,5,Untracked,1000000278,4043
9.455148,,Spot,5,Untracked,1000000281,4044
13.754448,,Spot,5,Untracked,1000003882,4045
9.262152,,Spot,5,Untracked,1000003727,4046
4.337604,,Spot,5,Untracked,1000003532,4047
5.140728,,Spot,5,Untracked,1000003708,4048
7.631172,,Spot,5,Untracked,1000003886,4049
1.3705452,,Spot,5,Untracked,1000003511,4050
1.7195868,,Spot,5,Untracked,1000000322,4051
17.182404,,Spot,5,Untracked,1000003888,4052
1.9543248,,Spot,5,Untracked,1000003510,4053
4.813596,,Spot,5,Untracked,1000003712,4054
11.067192,,Spot,5,Untracked,1000003544,4055
1.8695592,,Spot,5,Untracked,1000000256,4056
2.4823404,,Spot,5,Untracked,1000000342,4057
3.872304,,Spot,5,Untracked,1000000343,4058
6.20316,,Spot,5,Untracked,1000003717,4059
3.5061444,,Spot,5,Untracked,1000003540,4060
1.7967564,,Spot,5,Untracked,1000000357,4061
3.750444,,Spot,5,Untracked,1000000353,4062
2.0132856,,Spot,5,Untracked,1000000276,4063
3.156336,,Spot,5,Untracked,1000000352,4064
9.563292,,Spot,5,Untracked,1000000354,4065
2.605842,,Spot,5,Untracked,1000000356,4066
2.7035928,,Spot,5,Untracked,1000000347,4067
2.4199452,,Spot,5,Tracked,1000003057,4068
10.644228,,Spot,5,Tracked,1000003075,4069
3.925944,,Spot,5,Tracked,1000003093,4070
2.739384,,Spot,5,Tracked,1000003102,4071
4.837068,,Spot,5,Tracked,1000003111,4072
11.06064,,Spot,5,Tracked,1000003129,4073
4.366296,,Spot,5,Tracked,1000003146,4074
10.655856,,Spot,5,Tracked,1000003163,4075
5.427504,,Spot,5,Tracked,1000003173,4076
6.180696,,Spot,5,Tracked,1000003192,4077
8.410212,,Spot,5,Tracked,1000003210,4078
2.5373916,,Spot,5,Tracked,1000003219,4079
7.425288,,Spot,5,Tracked,1000003228,4080
2.8518696,,Spot,5,Tracked,1000003237,4081
6.220692,,Spot,5,Tracked,1000003246,4082
5.891976,,Spot,5,Tracked,1000003255,4083
5.45184,,Spot,5,Tracked,1000003264,4084
7.471116,,Spot,5,Tracked,1000003279,4085
6.443856,,Spot,5,Untracked,1000003288,4086
3.867156,,Spot,5,Untracked,1000003297,4087
4.104,,Spot,5,Tracked,1000003305,4088
5.006592,,Spot,5,Tracked,1000003314,4089
25.369524,,Spot,5,Tracked,1000003323,4090
5.880672,,Spot,5,Untracked,1000003332,4091
21.943332,,Spot,5,Tracked,1000003340,4092
0.558918,,Spot,5,Untracked,1000003348,4093
14.761224,,Spot,5,Untracked,1000003356,4094
7.530624,,Spot,5,Untracked,1000003365,4095
3.3440832,,Spot,5,Untracked,1000003374,4096
10.566792,,Spot,5,Untracked,1000003935,4097
16.846056,,Spot,5,Untracked,1000003391,4098
17.879472,,Spot,6,Untracked,1000003758,4099
14.038416,,Spot,6,Untracked,1000003760,4100
8.306784,,Spot,6,Untracked,1000003392,4101
10.213596,,Spot,6,Untracked,1000003393,4102
6.200712,,Spot,6,Untracked,1000000004,4103
7.184664,,Spot,6,Untracked,1000000065,4104
5.225976,,Spot,6,Untracked,1000000078,4105
5.67972,,Spot,6,Untracked,1000000005,4106
8.25066,,Spot,6,Untracked,1000003402,4107
4.852548,,Spot,6,Untracked,1000003454,4108
7.0623,,Spot,6,Untracked,1000000020,4109
16.985196,,Spot,6,Untracked,1000000098,4110
7.388748,,Spot,6,Untracked,1000000008,4111
5.11848,,Spot,6,Untracked,1000000130,4112
7.891416,,Spot,6,Untracked,1000003825,4113
8.34048,,Spot,6,Untracked,1000000059,4114
9.6498,,Spot,6,Untracked,1000003775,4115
4.308228,,Spot,6,Untracked,1000004116,4116
6.8832,,Spot,6,Untracked,1000000010,4117
11.453472,,Spot,6,Untracked,1000003778,4118
5.073156,,Spot,6,Untracked,1000000076,4119
4.5171,,Spot,6,Untracked,1000004120,4120
7.202808,,Spot,6,Untracked,1000000084,4121
2.725596,,Spot,6,Untracked,1000000080,4122
5.21568,,Spot,6,Untracked,1000000088,4123
8.138412,,Spot,6,Untracked,1000000081,4124
7.932384,,Spot,6,Untracked,1000003413,4125
5.734836,,Spot,6,Untracked,1000003659,4126
10.3536,,Spot,6,Untracked,1000003615,4127
3.426588,,Spot,6,Untracked,1000003790,4128
8.012016,,Spot,6,Untracked,1000004129,4129
10.473912,,Spot,6,Untracked,1000000090,4130
17.955396,,Spot,6,Untracked,1000000117,4131
7.356384,,Spot,6,Untracked,1000003619,4132
12.091572,,Spot,6,Untracked,1000004133,4133
23.553252,,Spot,6,Untracked,1000004134,4134
8.437212,,Spot,6,Untracked,1000000101,4135
7.718796,,Spot,6,Untracked,1000003798,4136
15.600816,,Spot,6,Untracked,1000004137,4137
8.572212,,Spot,6,Untracked,1000000106,4138
4.314672,,Spot,6,Untracked,1000003629,4139
5.126508,,Spot,6,Untracked,1000000116,4140
2.8487808,,Spot,6,Untracked,1000000110,4141
3.3617736,,Spot,6,Untracked,1000000119,4142
5.641056,,Spot,6,Untracked,1000000225,4143
4.29858,,Spot,6,Untracked,1000000127,4144
6.174072,,Spot,6,Untracked,1000003670,4145
4.932936,,Spot,6,Untracked,1000000125,4146
5.18508,,Spot,6,Untracked,1000003988,4147
6.39972,,Spot,6,Untracked,1000000121,4148
8.754156,,Spot,6,Untracked,1000000026,4149
9.4023,,Spot,6,Untracked,1000003814,4150
5.085936,,Spot,6,Untracked,1000000133,4151
9.041508,,Spot,6,Untracked,1000000271,4152
4.654656,,Spot,6,Untracked,1000000141,4153
15.6096,,Spot,6,Untracked,1000000136,4154
7.9866,,Spot,6,Untracked,1000000137,4155
2.5769664,,Spot,6,Untracked,1000000139,4156
4.116852,,Spot,6,Untracked,1000000265,4157
13.74948,,Spot,6,Untracked,1000000138,4158
7.161768,,Spot,6,Untracked,1000003821,4159
11.721852,,Spot,6,Untracked,1000003532,4160
5.5485,,Spot,6,Untracked,1000000262,4161
14.133816,,Spot,6,Untracked,1000000147,4162
7.650288,,Spot,6,Untracked,1000000150,4163
9.217368,,Spot,6,Untracked,1000003604,4164
3.980592,,Spot,6,Untracked,1000000201,4165
6.924636,,Spot,6,Untracked,1000000210,4166
7.123212,,Spot,6,Untracked,1000003837,4167
4.624956,,Spot,6,Untracked,1000000211,4168
12.167136,,Spot,6,Untracked,1000003660,4169
7.320924,,Spot,6,Untracked,1000000219,4170
8.830188,,Spot,6,Untracked,1000003839,4171
9.769716,,Spot,6,Untracked,1000003665,4172
15.811704,,Spot,6,Untracked,1000003682,4173
7.568712,,Spot,6,Untracked,1000003667,4174
2.987892,,Spot,6,Untracked,1000000122,4175
3.755916,,Spot,6,Untracked,1000003671,4176
6.781392,,Spot,6,Untracked,1000000235,4177
5.889888,,Spot,6,Untracked,1000003680,4178
3.4294464,,Spot,6,Untracked,1000000241,4179
8.466948,,Spot,6,Untracked,1000003856,4180
4.16214,,Spot,6,Untracked,1000000239,4181
6.027984,,Spot,6,Untracked,1000000229,4182
9.88182,,Spot,6,Untracked,1000003686,4183
3.089916,,Spot,6,Untracked,1000000246,4184
18.735336,,Spot,6,Untracked,1000000247,4185
4.063032,,Spot,6,Untracked,1000000233,4186
2.3699628,,Spot,6,Untracked,1000000242,4187
5.476212,,Spot,6,Untracked,1000000253,4188
27.437868,,Spot,6,Untracked,1000004189,4189
2.8912104,,Spot,6,Untracked,1000000237,4190
4.629708,,Spot,6,Untracked,1000003707,4191
6.299352,,Spot,6,Untracked,1000004192,4192
2.4076872,,Spot,6,Untracked,1000003524,4193
7.060392,,Spot,6,Untracked,1000000260,4194
8.124048,,Spot,6,Untracked,1000004195,4195
19.565424,,Spot,6,Untracked,1000000263,4196
8.127576,,Spot,6,Untracked,1000000228,4197
1.5029244,,Spot,6,Untracked,1000000275,4198
5.021856,,Spot,6,Untracked,1000000273,4199
0.37602,,Spot,6,Untracked,1000000269,4200
10.593108,,Spot,6,Untracked,1000000281,4201
1.1977776,,Spot,6,Untracked,1000004042,4202
6.982668,,Spot,6,Untracked,1000000278,4203
27.354456,,Spot,6,Untracked,1000000354,4204
16.287984,,Spot,6,Untracked,1000004205,4205
8.939808,,Spot,6,Untracked,1000003727,4206
3.801888,,Spot,6,Untracked,1000003511,4207
5.02722,,Spot,6,Untracked,1000003887,4208
5.532228,,Spot,6,Untracked,1000003510,4209
5.94882,,Spot,6,Untracked,1000003712,4210
1.1683116,,Spot,6,Untracked,1000000256,4211
6.466968,,Spot,6,Untracked,1000000342,4212
20.040336,,Spot,6,Untracked,1000003544,4213
2.322558,,Spot,6,Untracked,1000003717,4214
3.663684,,Spot,6,Untracked,1000003896,4215
5.644836,,Spot,6,Untracked,1000003540,4216
5.384088,,Spot,6,Untracked,1000000357,4217
10.160136,,Spot,6,Untracked,1000003882,4218
1.2505932,,Spot,6,Untracked,1000000276,4219
11.11482,,Spot,6,Untracked,1000000352,4220
4.469976,,Spot,6,Untracked,1000000353,4221
2.5311276,,Spot,6,Untracked,1000000346,4222
5.609484,,Spot,6,Untracked,1000000356,4223
1.8858636,,Spot,6,Untracked,1000000347,4224
10.090548,,Spot,6,Tracked,1000003057,4225
5.01624,,Spot,6,Tracked,1000003075,4226
3.043764,,Spot,6,Tracked,1000003093,4227
4.932036,,Spot,6,Tracked,1000003102,4228
2.6279748,,Spot,6,Tracked,1000003111,4229
10.921212,,Spot,6,Tracked,1000003129,4230
7.287876,,Spot,6,Tracked,1000003146,4231
1.0252584,,Spot,6,Tracked,1000003163,4232
5.106168,,Spot,6,Tracked,1000003173,4233
4.929012,,Spot,6,Tracked,1000003192,4234
7.60374,,Spot,6,Tracked,1000003210,4235
7.722108,,Spot,6,Tracked,1000003219,4236
12.121848,,Spot,6,Tracked,1000003228,4237
7.275996,,Spot,6,Tracked,1000003237,4238
14.554044,,Spot,6,Tracked,1000003246,4239
6.19758,,Spot,6,Tracked,1000003255,4240
7.378344,,Spot,6,Tracked,1000003264,4241
7.554096,,Spot,6,Tracked,1000003279,4242
8.465112,,Spot,6,Untracked,1000003288,4243
5.136156,,Spot,6,Untracked,1000003297,4244
3.679092,,Spot,6,Tracked,1000003305,4245
4.870728,,Spot,6,Tracked,1000003314,4246
3.1560408,,Spot,6,Tracked,1000003323,4247
7.478424,,Spot,6,Untracked,1000003332,4248
1.5062472,,Spot,6,Tracked,1000003340,4249
5.079852,,Spot,6,Untracked,1000003348,4250
14.706288,,Spot,6,Untracked,1000003356,4251
7.748604,,Spot,6,Untracked,1000003365,4252
6.031908,,Spot,6,Untracked,1000003374,4253
7.449156,,Spot,6,Untracked,1000003935,4254
9.217332,,Spot,6,Untracked,1000003391,4255
4.276152,,Spot,7,Untracked,1000003392,4256
5.37048,,Spot,7,Untracked,1000003393,4257
4.710348,,Spot,7,Untracked,1000000004,4258
6.163956,,Spot,7,Untracked,1000000005,4259
9.538596,,Spot,7,Untracked,1000000065,4260
12.827016,,Spot,7,Untracked,1000003402,4261
10.885608,,Spot,7,Untracked,1000003454,4262
7.73082,,Spot,7,Untracked,1000000020,4263
6.691068,,Spot,7,Untracked,1000000078,4264
6.869196,,Spot,7,Untracked,1000000130,4265
18.922104,,Spot,7,Untracked,1000004266,4266
10.852956,,Spot,7,Untracked,1000000008,4267
9.480204,,Spot,7,Untracked,1000000010,4268
5.08716,,Spot,7,Untracked,1000000084,4269
5.238432,,Spot,7,Untracked,1000000076,4270
8.246772,,Spot,7,Untracked,1000000080,4271
23.673024,,Spot,7,Untracked,1000004272,4272
8.51238,,Spot,7,Untracked,1000000088,4273
10.575288,,Spot,7,Untracked,1000000081,4274
6.499404,,Spot,7,Untracked,1000003659,4275
10.096128,,Spot,7,Untracked,1000003790,4276
7.323876,,Spot,7,Untracked,1000003837,4277
14.650668,,Spot,7,Untracked,1000000098,4278
6.09048,,Spot,7,Untracked,1000003619,4279
12.091572,,Spot,7,Untracked,1000004133,4280
8.638704,,Spot,7,Untracked,1000003798,4281
15.887628,,Spot,7,Untracked,1000004134,4282
5.111064,,Spot,7,Untracked,1000000106,4283
4.799628,,Spot,7,Untracked,1000000101,4284
3.822876,,Spot,7,Untracked,1000000110,4285
7.31214,,Spot,7,Untracked,1000003629,4286
4.297932,,Spot,7,Untracked,1000000119,4287
7.494408,,Spot,7,Untracked,1000003670,4288
4.333284,,Spot,7,Untracked,1000000116,4289
2.6875728,,Spot,7,Untracked,1000000111,4290
16.57548,,Spot,7,Untracked,1000004291,4291
2.354256,,Spot,7,Untracked,1000000127,4292
12.4506,,Spot,7,Untracked,1000000125,4293
9.333504,,Spot,7,Untracked,1000000121,4294
3.79908,,Spot,7,Untracked,1000000026,4295
2.6864172,,Spot,7,Untracked,1000003814,4296
11.030616,,Spot,7,Untracked,1000000271,4297
7.506936,,Spot,7,Untracked,1000000133,4298
3.499884,,Spot,7,Untracked,1000000141,4299
10.483272,,Spot,7,Untracked,1000000139,4300
9.023688,,Spot,7,Untracked,1000000265,4301
16.20828,,Spot,7,Untracked,1000000137,4302
3.3611436,,Spot,7,Untracked,1000000136,4303
9.801288,,Spot,7,Untracked,1000003825,4304
6.379956,,Spot,7,Untracked,1000000150,4305
6.481404,,Spot,7,Untracked,1000000059,4306
9.121644,,Spot,7,Untracked,1000003532,4307
12.508308,,Spot,7,Untracked,1000000201,4308
13.1625,,Spot,7,Untracked,1000000211,4309
5.019588,,Spot,7,Untracked,1000000219,4310
6.65172,,Spot,7,Untracked,1000003839,4311
9.572328,,Spot,7,Untracked,1000003665,4312
7.235244,,Spot,7,Untracked,1000003671,4313
3.1563072,,Spot,7,Untracked,1000003988,4314
15.759288,,Spot,7,Untracked,1000003667,4315
3.262428,,Spot,7,Untracked,1000000122,4316
12.430188,,Spot,7,Untracked,1000000235,4317
9.75114,,Spot,7,Untracked,1000003680,4318
11.149344,,Spot,7,Untracked,1000000239,4319
9.07686,,Spot,7,Untracked,1000003673,4320
5.383836,,Spot,7,Untracked,1000000241,4321
6.186096,,Spot,7,Untracked,1000003686,4322
17.082648,,Spot,7,Untracked,1000004189,4323
4.062024,,Spot,7,Untracked,1000000233,4324
10.848276,,Spot,7,Untracked,1000004325,4325
4.880448,,Spot,7,Untracked,1000000229,4326
24.598188,,Spot,7,Untracked,1000004327,4327
3.73824,,Spot,7,Untracked,1000000246,4328
9.521172,,Spot,7,Untracked,1000000247,4329
16.776036,,Spot,7,Untracked,1000000253,4330
4.826124,,Spot,7,Untracked,1000000237,4331
5.8032,,Spot,7,Untracked,1000000242,4332
7.37676,,Spot,7,Untracked,1000003707,4333
2.3828544,,Spot,7,Untracked,1000004192,4334
15.331032,,Spot,7,Untracked,1000000263,4335
5.546448,,Spot,7,Untracked,1000003524,4336
4.40694,,Spot,7,Untracked,1000000262,4337
8.030664,,Spot,7,Untracked,1000000138,4338
1.1795364,,Spot,7,Untracked,1000000260,4339
5.143284,,Spot,7,Untracked,1000004195,4340
6.496704,,Spot,7,Untracked,1000000228,4341
3.653748,,Spot,7,Untracked,1000000275,4342
6.112116,,Spot,7,Untracked,1000000281,4343
13.788864,,Spot,7,Untracked,1000000273,4344
5.226228,,Spot,7,Untracked,1000004042,4345
8.361756,,Spot,7,Untracked,1000004346,4346
12.320244,,Spot,7,Untracked,1000000278,4347
23.958864,,Spot,7,Untracked,1000004348,4348
4.498452,,Spot,7,Untracked,1000000322,4349
2.1425112,,Spot,7,Untracked,1000003717,4350
2.2940064,,Spot,7,Untracked,1000000342,4351
6.977592,,Spot,7,Untracked,1000003896,4352
3.4569504,,Spot,7,Untracked,1000003510,4353
6.301188,,Spot,7,Untracked,1000003540,4354
12.08628,,Spot,7,Untracked,1000003882,4355
10.611936,,Spot,7,Untracked,1000000276,4356
9.867672,,Spot,7,Untracked,1000004357,4357
2.0504772,,Spot,7,Untracked,1000000353,4358
3.986316,,Spot,7,Untracked,1000000346,4359
9.430704,,Spot,7,Untracked,1000004205,4360
8.912412,,Spot,7,Untracked,1000000357,4361
11.619432,,Spot,7,Untracked,1000003727,4362
17.652852,,Spot,7,Tracked,1000003057,4363
14.581332,,Spot,7,Tracked,1000003075,4364
6.012288,,Spot,7,Tracked,1000003093,4365
2.2305636,,Spot,7,Tracked,1000003102,4366
2.5189524,,Spot,7,Tracked,1000003111,4367
6.27948,,Spot,7,Tracked,1000003129,4368
7.284744,,Spot,7,Tracked,1000003146,4369
5.066568,,Spot,7,Tracked,1000003163,4370
7.820676,,Spot,7,Tracked,1000003173,4371
12.760668,,Spot,7,Tracked,1000003192,4372
3.790044,,Spot,7,Tracked,1000003210,4373
5.322888,,Spot,7,Tracked,1000003219,4374
14.55552,,Spot,7,Tracked,1000003228,4375
4.853772,,Spot,7,Tracked,1000003237,4376
12.127932,,Spot,7,Tracked,1000003246,4377
7.277544,,Spot,7,Tracked,1000003255,4378
7.681032,,Spot,7,Tracked,1000003264,4379
3.072474,,Spot,7,Tracked,1000003279,4380
10.938492,,Spot,7,Untracked,1000003288,4381
2.8246716,,Spot,7,Untracked,1000003297,4382
4.497012,,Spot,7,Tracked,1000003305,4383
7.218072,,Spot,7,Tracked,1000003314,4384
9.670968,,Spot,7,Tracked,1000003323,4385
9.765972,,Spot,7,Untracked,1000003332,4386
1.9169604,,Spot,7,Tracked,1000003340,4387
9.759816,,Spot,7,Untracked,1000003348,4388
12.1113,,Spot,7,Untracked,1000003356,4389
11.266992,,Spot,7,Untracked,1000003365,4390
8.196804,,Spot,7,Untracked,1000003374,4391
6.112368,,Spot,7,Untracked,1000003935,4392
27.25614,,Spot,7,Untracked,1000003391,4393
3.206412,,Spot,8,Untracked,1000003392,4394
6.940332,,Spot,8,Untracked,1000003393,4395
11.271132,,Spot,8,Untracked,1000000004,4396
16.954092,,Spot,8,Untracked,1000000008,4397
8.443548,,Spot,8,Untracked,1000000020,4398
8.144352,,Spot,8,Untracked,1000000078,4399
17.719812,,Spot,8,Untracked,1000003454,4400
9.262908,,Spot,8,Untracked,1000000130,4401
12.90618,,Spot,8,Untracked,1000000005,4402
8.156736,,Spot,8,Untracked,1000004116,4403
22.710096,,Spot,8,Untracked,1000000065,4404
18.922104,,Spot,8,Untracked,1000004266,4405
11.203416,,Spot,8,Untracked,1000000010,4406
8.032392,,Spot,8,Untracked,1000000076,4407
6.999336,,Spot,8,Untracked,1000004120,4408
17.018424,,Spot,8,Untracked,1000000084,4409
29.2617,,Spot,8,Untracked,1000004410,4410
10.755144,,Spot,8,Untracked,1000000088,4411
18.8127,,Spot,8,Untracked,1000000080,4412
10.14678,,Spot,8,Untracked,1000000081,4413
10.974456,,Spot,8,Untracked,1000003659,4414
14.928732,,Spot,8,Untracked,1000004415,4415
9.042768,,Spot,8,Untracked,1000003615,4416
29.096064,,Spot,8,Untracked,1000004417,4417
16.716888,,Spot,8,Untracked,1000004272,4418
26.86464,,Spot,8,Untracked,1000003790,4419
8.012016,,Spot,8,Untracked,1000004129,4420
18.480312,,Spot,8,Untracked,1000000098,4421
14.047092,,Spot,8,Untracked,1000004137,4422
7.089264,,Spot,8,Untracked,1000003619,4423
12.280788,,Spot,8,Untracked,1000003798,4424
7.329852,,Spot,8,Untracked,1000000106,4425
9.837756,,Spot,8,Untracked,1000004134,4426
11.347092,,Spot,8,Untracked,1000000110,4427
9.525528,,Spot,8,Untracked,1000003629,4428
10.525068,,Spot,8,Untracked,1000000116,4429
10.006092,,Spot,8,Untracked,1000000111,4430
10.068984,,Spot,8,Untracked,1000003670,4431
11.191176,,Spot,8,Untracked,1000004291,4432
7.726464,,Spot,8,Untracked,1000000127,4433
3.5538444,,Spot,8,Untracked,1000003988,4434
5.957964,,Spot,8,Untracked,1000000122,4435
26.118108,,Spot,8,Untracked,1000004436,4436
6.297408,,Spot,8,Untracked,1000000026,4437
21.126024,,Spot,8,Untracked,1000004438,4438
8.885772,,Spot,8,Untracked,1000003814,4439
22.640148,,Spot,8,Untracked,1000000139,4440
5.142924,,Spot,8,Untracked,1000000133,4441
5.832972,,Spot,8,Untracked,1000003821,4442
6.148368,,Spot,8,Untracked,1000000141,4443
22.860792,,Spot,8,Untracked,1000004444,4444
2.7268056,,Spot,8,Untracked,1000000136,4445
22.375224,,Spot,8,Untracked,1000000271,4446
15.031008,,Spot,8,Untracked,1000000265,4447
15.653556,,Spot,8,Untracked,1000000262,4448
3.2324796,,Spot,8,Untracked,1000000138,4449
12.199896,,Spot,8,Untracked,1000003825,4450
8.070768,,Spot,8,Untracked,1000000150,4451
13.987116,,Spot,8,Untracked,1000000059,4452
21.859416,,Spot,8,Untracked,1000003837,4453
18.767376,,Spot,8,Untracked,1000000201,4454
18.731592,,Spot,8,Untracked,1000000211,4455
15.97824,,Spot,8,Untracked,1000000219,4456
18.869148,,Spot,8,Untracked,1000003839,4457
23.525784,,Spot,8,Untracked,1000003665,4458
19.91268,,Spot,8,Untracked,1000004459,4459
19.363248,,Spot,8,Untracked,1000000125,4460
15.415128,,Spot,8,Untracked,1000003680,4461
13.857588,,Spot,8,Untracked,1000003671,4462
12.036096,,Spot,8,Untracked,1000003686,4463
3.770244,,Spot,8,Untracked,1000000235,4464
12.322116,,Spot,8,Untracked,1000004189,4465
10.549692,,Spot,8,Untracked,1000000241,4466
14.885712,,Spot,8,Untracked,1000000246,4467
8.235,,Spot,8,Untracked,1000000233,4468
6.08868,,Spot,8,Untracked,1000004325,4469
13.266864,,Spot,8,Untracked,1000000229,4470
6.045768,,Spot,8,Untracked,1000000269,4471
7.368732,,Spot,8,Untracked,1000000239,4472
4.285476,,Spot,8,Untracked,1000000247,4473
10.7973,,Spot,8,Untracked,1000004327,4474
10.611432,,Spot,8,Untracked,1000000242,4475
28.293156,,Spot,8,Untracked,1000003673,4476
12.029472,,Spot,8,Untracked,1000004192,4477
2.725164,,Spot,8,Untracked,1000000253,4478
6.367608,,Spot,8,Untracked,1000000263,4479
11.707308,,Spot,8,Untracked,1000003524,4480
15.073308,,Spot,8,Untracked,1000004481,4481
29.208888,,Spot,8,Untracked,1000004482,4482
6.232464,,Spot,8,Untracked,1000000260,4483
7.1136,,Spot,8,Untracked,1000004195,4484
5.594796,,Spot,8,Untracked,1000000275,4485
7.896708,,Spot,8,Untracked,1000000228,4486
15.371856,,Spot,8,Untracked,1000000278,4487
15.78636,,Spot,8,Untracked,1000000273,4488
8.336664,,Spot,8,Untracked,1000000281,4489
12.275928,,Spot,8,Untracked,1000004346,4490
8.18694,,Spot,8,Untracked,1000000357,4491
20.620908,,Spot,8,Untracked,1000004205,4492
23.958864,,Spot,8,Untracked,1000004348,4493
11.471796,,Spot,8,Untracked,1000000322,4494
13.850172,,Spot,8,Untracked,1000004495,4495
21.727008,,Spot,8,Untracked,1000004496,4496
2.0101356,,Spot,8,Untracked,1000000256,4497
8.98254,,Spot,8,Untracked,1000000342,4498
8.2296,,Spot,8,Untracked,1000003717,4499
12.451248,,Spot,8,Untracked,1000003896,4500
5.902848,,Spot,8,Untracked,1000003510,4501
24.707376,,Spot,8,Untracked,1000004502,4502
12.536208,,Spot,8,Untracked,1000003540,4503
2.4934104,,Spot,8,Untracked,1000000276,4504
7.559172,,Spot,8,Untracked,1000000346,4505
2.5690068,,Spot,8,Untracked,1000003882,4506
13.697712,,Spot,8,Untracked,1000004357,4507
15.754824,,Spot,8,Untracked,1000004508,4508
6.220296,,Spot,8,Untracked,1000000353,4509
7.752204,,Spot,8,Untracked,1000000347,4510
20.921796,,Spot,8,Untracked,1000003727,4511
25.569468,,Spot,8,Tracked,1000003057,4512
5.598756,,Spot,8,Tracked,1000003075,4513
6.915744,,Spot,8,Tracked,1000003093,4514
15.039144,,Spot,8,Tracked,1000003102,4515
9.86724,,Spot,8,Tracked,1000003111,4516
5.632956,,Spot,8,Tracked,1000003129,4517
7.235028,,Spot,8,Tracked,1000003146,4518
1.3014396,,Spot,8,Tracked,1000003163,4519
10.708884,,Spot,8,Tracked,1000003173,4520
14.72454,,Spot,8,Tracked,1000003192,4521
8.64594,,Spot,8,Tracked,1000003210,4522
7.823808,,Spot,8,Tracked,1000003219,4523
10.3761,,Spot,8,Tracked,1000003228,4524
5.24142,,Spot,8,Tracked,1000003237,4525
14.46786,,Spot,8,Tracked,1000003246,4526
2.6408448,,Spot,8,Tracked,1000003255,4527
15.828912,,Spot,8,Tracked,1000003264,4528
5.701824,,Spot,8,Tracked,1000003279,4529
22.94082,,Spot,8,Untracked,1000003288,4530
14.525892,,Spot,8,Untracked,1000003297,4531
14.04576,,Spot,8,Tracked,1000004532,4532
17.821944,,Spot,8,Tracked,1000003314,4533
8.049132,,Spot,8,Tracked,1000003323,4534
10.98126,,Spot,8,Untracked,1000003332,4535
5.555196,,Spot,8,Tracked,1000003340,4536
10.530432,,Spot,8,Untracked,1000003348,4537
70.16868,,Spot,8,Untracked,1000003356,4538
25.330644,,Spot,8,Untracked,1000003365,4539
5.865984,,Spot,8,Untracked,1000003374,4540
13.962744,,Spot,8,Untracked,1000003935,4541
14.898384,,Spot,8,Untracked,1000003391,4542
10.707192,,Spot,9,Untracked,1000003392,4543
15.08256,,Spot,9,Untracked,1000003393,4544
28.577268,,Spot,9,Untracked,1000000004,4545
23.560632,,Spot,9,Untracked,1000000020,4546
26.482248,,Spot,9,Untracked,1000003454,4547
22.29732,,Spot,9,Untracked,1000000130,4548
18.988812,,Spot,9,Untracked,1000004120,4549
30.999528,,Spot,9,Untracked,1000004116,4550
23.812128,,Spot,9,Untracked,1000000081,4551
29.2617,,Spot,9,Untracked,1000004410,4552
29.096064,,Spot,9,Untracked,1000004417,4553
14.928732,,Spot,9,Untracked,1000004415,4554
17.766324,,Spot,9,Untracked,1000004272,4555
26.75412,,Spot,9,Untracked,1000000080,4556
11.76552,,Spot,9,Untracked,1000004137,4557
7.869456,,Spot,9,Untracked,1000000101,4558
17.52066,,Spot,9,Untracked,1000000110,4559
11.600784,,Spot,9,Untracked,1000004134,4560
16.191756,,Spot,9,Untracked,1000000111,4561
17.877852,,Spot,9,Untracked,1000000127,4562
17.330724,,Spot,9,Untracked,1000000116,4563
5.935788,,Spot,9,Untracked,1000000122,4564
6.549552,,Spot,9,Untracked,1000004291,4565
12.823704,,Spot,9,Untracked,1000000026,4566
26.118108,,Spot,9,Untracked,1000004436,4567
18.09036,,Spot,9,Untracked,1000003814,4568
21.126024,,Spot,9,Untracked,1000004438,4569
7.398036,,Spot,9,Untracked,1000000141,4570
16.430508,,Spot,9,Untracked,1000000133,4571
24.515352,,Spot,9,Untracked,1000003821,4572
22.860792,,Spot,9,Untracked,1000004444,4573
25.289856,,Spot,9,Untracked,1000000136,4574
27.457488,,Spot,9,Untracked,1000000059,4575
5.10426,,Spot,9,Untracked,1000003988,4576
21.303756,,Spot,9,Untracked,1000000241,4577
14.291172,,Spot,9,Untracked,1000000235,4578
26.65584,,Spot,9,Untracked,1000000246,4579
21.867912,,Spot,9,Untracked,1000000229,4580
17.115696,,Spot,9,Untracked,1000000233,4581
9.098604,,Spot,9,Untracked,1000000269,4582
11.627676,,Spot,9,Untracked,1000004327,4583
14.259888,,Spot,9,Untracked,1000000239,4584
14.400396,,Spot,9,Untracked,1000003707,4585
11.62296,,Spot,9,Untracked,1000004325,4586
22.808772,,Spot,9,Untracked,1000004189,4587
9.7011,,Spot,9,Untracked,1000000242,4588
23.014872,,Spot,9,Untracked,1000000219,4589
25.1595,,Spot,9,Untracked,1000000253,4590
21.693096,,Spot,9,Untracked,1000004192,4591
24.707376,,Spot,9,Untracked,1000004502,4592
20.666232,,Spot,9,Untracked,1000000271,4593
9.727344,,Spot,9,Untracked,1000000138,4594
14.865516,,Spot,9,Untracked,1000000265,4595
15.073308,,Spot,9,Untracked,1000004481,4596
19.91268,,Spot,9,Untracked,1000004459,4597
8.217468,,Spot,9,Untracked,1000004195,4598
16.141068,,Spot,9,Untracked,1000000260,4599
27.122976,,Spot,9,Untracked,1000003524,4600
10.641276,,Spot,9,Untracked,1000000228,4601
17.530056,,Spot,9,Untracked,1000000275,4602
29.208888,,Spot,9,Untracked,1000004482,4603
21.241224,,Spot,9,Untracked,1000000273,4604
27.27072,,Spot,9,Untracked,1000000278,4605
8.751312,,Spot,9,Untracked,1000003532,4606
13.850172,,Spot,9,Untracked,1000004495,4607
21.727008,,Spot,9,Untracked,1000004496,4608
19.356552,,Spot,9,Untracked,1000000342,4609
18.724608,,Spot,9,Untracked,1000004205,4610
25.875792,,Spot,9,Untracked,1000004346,4611
16.758828,,Spot,9,Untracked,1000003882,4612
23.30622,,Spot,9,Untracked,1000000276,4613
20.254428,,Spot,9,Untracked,1000004357,4614
15.754824,,Spot,9,Untracked,1000004508,4615
13.760388,,Spot,9,Untracked,1000000353,4616
18.522108,,Spot,9,Untracked,1000000346,4617
21.157416,,Spot,9,Untracked,1000000347,4618
29.064672,,Spot,9,Untracked,1000000357,4619
9.99774,,Spot,9,Tracked,1000003057,4620
16.884468,,Spot,9,Tracked,1000003093,4622
21.272976,,Spot,9,Tracked,1000003102,4623
19.830816,,Spot,9,Tracked,1000003111,4624
14.455224,,Spot,9,Tracked,1000003146,4625
9.767592,,Spot,9,Tracked,1000003163,4626
20.597436,,Spot,9,Tracked,1000003173,4627
31.500864,,Spot,9,Tracked,1000003192,4629
7.623864,,Spot,9,Tracked,1000003210,4630
15.647652,,Spot,9,Tracked,1000003219,4631
22.427244,,Spot,9,Tracked,1000003228,4632
10.22634,,Spot,9,Tracked,1000003237,4633
29.225124,,Spot,9,Tracked,1000003246,4634
34.112484,,Spot,9,Tracked,1000003264,4635
40.599,,Spot,9,Untracked,1000003288,4637
14.04576,,Spot,9,Tracked,1000004532,4638
17.90028,,Spot,9,Tracked,1000003314,4639
45.14508,,Spot,9,Tracked,1000003323,4640
136.5732,,Spot,9,Untracked,1000003356,4641
33.683256,,Spot,9,Untracked,1000003365,4642
12.486384,,Spot,9,Untracked,1000003374,4643
26.791668,,Spot,9,Untracked,1000003935,4644
39.28788,,Spot,9,Untracked,1000003391,4645
