Nr,TID,PID,x [inch],y [inch],t [sec],I [val],Len [inch],D2S [inch],D2R [inch],D2P [inch],v [inch/sec],? [deg],?? [deg]
1,1,1,2.03,4.703,0,19.3,0,0,NA,NA,NA,NA,NA
2,1,2,2.002,4.675,0,17.4,0.039,0.039,NA,0.039,NA,-135,NA
3,1,3,1.898,4.557,0,20.4,0.197,0.197,NA,0.157,NA,-131.424,3.576
4,1,4,1.863,4.439,0,22.5,0.32,0.312,NA,0.123,NA,-106.39,25.034
5,1,5,1.689,4.245,0,30.8,0.58,0.571,NA,0.261,NA,-131.76,-25.371
6,1,6,1.675,4.099,0,28.5,0.727,0.7,NA,0.146,NA,-95.44,36.32
7,1,7,1.606,4.05,0,29.4,0.812,0.778,NA,0.085,NA,-145.008,-49.568
8,1,8,1.599,4.009,0,29.8,0.854,0.817,NA,0.042,NA,-99.462,45.546
9,1,9,1.592,3.918,0,17.1,0.944,0.898,NA,0.091,NA,-94.399,5.064
10,1,10,1.557,3.814,0,30,1.054,1.007,NA,0.11,NA,-108.435,-14.036
11,1,11,1.536,3.766,0,35.4,1.107,1.059,NA,0.053,NA,-113.199,-4.764
12,1,12,1.411,3.675,0,26.7,1.261,1.199,NA,0.154,NA,-144.162,-30.964
13,1,13,1.196,3.634,0,26.7,1.481,1.356,NA,0.219,NA,-169.046,-24.884
14,1,14,1.148,3.62,0,37.4,1.531,1.397,NA,0.051,NA,-164.055,4.991
15,1,15,1.016,3.62,0,12.5,1.663,1.484,NA,0.132,NA,180,-15.945
16,2,1,4.62,4.043,0,43.2,0,0,NA,NA,NA,NA,NA
17,2,2,4.613,4.113,0,33.3,0.07,0.07,NA,0.07,NA,95.711,NA
18,2,3,4.606,4.155,0,39,0.112,0.112,NA,0.042,NA,99.462,3.752
19,2,4,4.557,4.155,0,38.7,0.161,0.127,NA,0.049,NA,180,80.538
20,2,5,4.536,4.155,0,36.2,0.181,0.139,NA,0.021,NA,180,0
21,2,6,4.516,4.155,0,30.6,0.202,0.152,NA,0.021,NA,180,0
22,2,7,4.488,4.175,0,21.7,0.237,0.187,NA,0.035,NA,143.13,-36.87
23,2,8,4.446,4.182,0,27.2,0.279,0.222,NA,0.042,NA,170.538,27.408
24,2,9,4.425,4.148,0,29.4,0.32,0.221,NA,0.04,NA,-120.964,68.499
25,2,10,4.391,4.12,0,27,0.364,0.242,NA,0.044,NA,-141.34,-20.376
26,2,11,4.342,4.078,0,35.6,0.428,0.28,NA,0.064,NA,-139.399,1.941
27,2,12,4.321,4.05,0,20.4,0.463,0.299,NA,0.035,NA,-126.87,12.529
28,2,13,4.314,4.009,0,32.2,0.505,0.308,NA,0.042,NA,-99.462,27.408
29,2,14,4.3,4.002,0,15.6,0.521,0.322,NA,0.016,NA,-153.435,-53.973
30,2,15,4.252,3.974,0,30.6,0.577,0.375,NA,0.056,NA,-150.255,3.18
31,2,16,4.196,3.953,0,27.6,0.636,0.433,NA,0.059,NA,-159.444,-9.189
32,2,17,4.141,3.995,0,35.7,0.706,0.482,NA,0.069,NA,143.13,-57.426
33,2,18,4.141,4.057,0,31.8,0.768,0.479,NA,0.062,NA,90,-53.13
34,3,1,3.634,5.314,0,31.2,0,0,NA,NA,NA,NA,NA
35,3,2,3.634,5.238,0,24.9,0.076,0.076,NA,0.076,NA,-90,NA
36,3,3,3.641,5.189,0,24.4,0.125,0.125,NA,0.049,NA,-81.87,8.13
37,3,4,3.634,5.155,0,28.8,0.161,0.16,NA,0.035,NA,-101.31,-19.44
38,3,5,3.641,5.106,0,29.3,0.21,0.208,NA,0.049,NA,-81.87,19.44
39,4,1,2.036,0.793,0,24.9,0,0,NA,NA,NA,NA,NA
40,4,2,1.967,0.793,0,30.6,0.069,0.069,NA,0.069,NA,180,NA
41,4,3,1.911,0.786,0,32.1,0.125,0.125,NA,0.056,NA,-172.875,7.125
42,4,4,1.87,0.793,0,24.9,0.168,0.167,NA,0.042,NA,170.538,-16.587
43,4,5,1.828,0.793,0,35.7,0.209,0.208,NA,0.042,NA,180,9.462
44,4,6,1.786,0.8,0,41.1,0.252,0.25,NA,0.042,NA,170.538,-9.462
45,4,7,1.724,0.8,0,42.3,0.314,0.313,NA,0.062,NA,180,9.462
46,4,8,1.661,0.8,0,40.1,0.377,0.375,NA,0.062,NA,180,0
47,4,9,1.627,0.793,0,26.1,0.412,0.41,NA,0.035,NA,-168.69,11.31
48,4,10,1.599,0.793,0,30,0.44,0.438,NA,0.028,NA,180,-11.31
49,4,11,1.55,0.773,0,40.2,0.493,0.487,NA,0.053,NA,-156.801,23.199
50,4,12,1.523,0.773,0,21,0.52,0.514,NA,0.028,NA,180,-23.199
51,4,13,1.481,0.8,0,33,0.571,0.556,NA,0.05,NA,146.31,-33.69
52,4,14,1.467,0.821,0,46.2,0.596,0.57,NA,0.025,NA,123.69,-22.62
53,4,15,1.432,0.821,0,24.6,0.63,0.605,NA,0.035,NA,180,56.31
54,4,16,1.405,0.8,0,31.3,0.665,0.632,NA,0.035,NA,-143.13,36.87
55,4,17,1.425,0.703,0,28.5,0.764,0.618,NA,0.099,NA,-77.905,65.225
56,4,18,1.405,0.648,0,24.7,0.824,0.649,NA,0.059,NA,-110.556,-32.651
57,5,1,1.543,0.363,0,44.4,0,0,NA,NA,NA,NA,NA
58,5,2,1.398,0.273,0,30.3,0.172,0.172,NA,0.172,NA,-148.241,NA
59,5,3,1.328,0.273,0,35.7,0.241,0.233,NA,0.069,NA,180,-31.759
60,5,4,1.293,0.273,0,58.8,0.276,0.266,NA,0.035,NA,180,0
61,5,5,1.266,0.273,0,57,0.303,0.292,NA,0.028,NA,180,0
62,5,6,1.245,0.266,0,57,0.325,0.314,NA,0.022,NA,-161.565,18.435
63,5,7,1.21,0.286,0,46.2,0.366,0.342,NA,0.04,NA,149.036,-49.399
64,5,8,1.196,0.3,0,50.7,0.386,0.353,NA,0.02,NA,135,-14.036
65,6,1,3.668,1.613,0,16.6,0,0,NA,NA,NA,NA,NA
66,6,2,3.648,1.634,0,36.3,0.029,0.029,NA,0.029,NA,135,NA
67,6,3,3.613,1.641,0,58.2,0.065,0.062,NA,0.035,NA,168.69,33.69
68,6,4,3.606,1.655,0,49.9,0.08,0.075,NA,0.016,NA,116.565,-52.125
69,6,5,3.578,1.682,0,56.4,0.12,0.114,NA,0.039,NA,135,18.435
70,6,6,3.509,1.717,0,33.6,0.197,0.191,NA,0.078,NA,153.435,18.435
71,6,7,3.474,1.738,0,68.9,0.238,0.231,NA,0.04,NA,149.036,-4.399
72,6,8,3.425,1.842,0,48.8,0.353,0.334,NA,0.115,NA,115.017,-34.019
73,6,9,3.425,1.877,0,65.1,0.387,0.359,NA,0.035,NA,90,-25.017
74,6,10,3.418,1.905,0,63.6,0.416,0.384,NA,0.029,NA,104.036,14.036
75,6,11,3.391,1.911,0,55.1,0.445,0.408,NA,0.029,NA,165.964,61.928
76,6,12,3.37,1.932,0,57.9,0.474,0.437,NA,0.029,NA,135,-30.964
77,6,13,3.349,1.96,0,63.9,0.509,0.472,NA,0.035,NA,126.87,-8.13
78,6,14,3.307,2.043,0,70.5,0.602,0.562,NA,0.093,NA,116.565,-10.305
79,6,15,3.3,2.085,0,44.5,0.644,0.599,NA,0.042,NA,99.462,-17.103
80,6,16,3.293,2.113,0,27,0.673,0.625,NA,0.029,NA,104.036,4.574
81,7,1,3.349,0.905,0,84.6,0,0,NA,NA,NA,NA,NA
82,7,2,3.342,0.932,0,78.9,0.029,0.029,NA,0.029,NA,104.036,NA
83,7,3,3.307,0.96,0,61.8,0.073,0.069,NA,0.044,NA,141.34,37.304
84,7,4,3.293,0.96,0,57.9,0.087,0.079,NA,0.014,NA,180,38.66
85,7,5,3.293,0.974,0,60.2,0.101,0.089,NA,0.014,NA,90,-90
86,7,6,3.286,0.974,0,63.4,0.108,0.093,NA,0.007,NA,180,90
87,7,7,3.28,1.002,0,81.8,0.136,0.119,NA,0.029,NA,104.036,-75.964
88,7,8,3.266,0.995,0,84.4,0.152,0.123,NA,0.016,NA,-153.435,102.529
89,7,9,3.259,0.988,0,80.7,0.162,0.123,NA,0.01,NA,-135,18.435
90,7,10,3.231,0.974,0,80.7,0.193,0.137,NA,0.031,NA,-153.435,-18.435
91,7,11,3.231,0.981,0,80.1,0.2,0.141,NA,0.007,NA,90,-116.565
92,7,12,3.231,0.981,0,80.7,0.2,0.141,NA,0,NA,0,-90
93,7,13,3.217,0.995,0,79.5,0.219,0.16,NA,0.02,NA,135,135
94,7,14,3.203,0.988,0,82,0.235,0.168,NA,0.016,NA,-153.435,71.565
95,7,15,3.155,0.974,0,55.8,0.286,0.206,NA,0.051,NA,-164.055,-10.62
96,7,16,3.141,0.988,0,67.8,0.305,0.224,NA,0.02,NA,135,-60.945
97,7,17,3.113,0.988,0,80.1,0.333,0.25,NA,0.028,NA,180,45
98,7,18,3.085,1.009,0,78.6,0.368,0.284,NA,0.035,NA,143.13,-36.87
99,8,1,4.418,3.057,0,25.5,0,0,NA,NA,NA,NA,NA
100,8,2,4.391,2.967,0,29.1,0.094,0.094,NA,0.094,NA,-107.103,NA
101,8,3,4.363,2.884,0,30.9,0.182,0.182,NA,0.088,NA,-108.435,-1.332
102,8,4,4.377,2.835,0,32.4,0.233,0.226,NA,0.051,NA,-74.055,34.38
103,8,5,4.377,2.786,0,24.3,0.281,0.274,NA,0.049,NA,-90,-15.945
104,8,6,4.363,2.703,0,29.7,0.366,0.358,NA,0.084,NA,-99.462,-9.462
105,8,7,4.363,2.675,0,32.4,0.394,0.386,NA,0.028,NA,-90,9.462
106,8,8,4.363,2.641,0,27.3,0.428,0.42,NA,0.035,NA,-90,0
107,8,9,4.363,2.613,0,25.8,0.456,0.448,NA,0.028,NA,-90,0
108,8,10,4.363,2.585,0,25.3,0.484,0.475,NA,0.028,NA,-90,0
109,8,11,4.356,2.571,0,18,0.5,0.49,NA,0.016,NA,-116.565,-26.565
110,8,12,4.349,2.557,0,11.7,0.515,0.505,NA,0.016,NA,-116.565,0
111,8,13,4.321,2.543,0,18.8,0.546,0.523,NA,0.031,NA,-153.435,-36.87
112,8,14,4.307,2.536,0,26.4,0.562,0.533,NA,0.016,NA,-153.435,0
113,8,15,4.28,2.53,0,13.1,0.59,0.546,NA,0.029,NA,-165.964,-12.529
114,8,16,4.252,2.53,0,18,0.618,0.553,NA,0.028,NA,180,-14.036
115,9,1,3.863,5.002,0,9.9,0,0,NA,NA,NA,NA,NA
116,9,2,3.807,4.981,0,4.5,0.059,0.059,NA,0.059,NA,-159.444,NA
117,9,3,3.745,4.953,0,13.1,0.128,0.128,NA,0.068,NA,-156.038,3.406
118,9,4,3.717,4.898,0,21.9,0.19,0.179,NA,0.062,NA,-116.565,39.472
119,9,5,3.696,4.821,0,14.6,0.269,0.246,NA,0.079,NA,-105.255,11.31
120,9,6,3.675,4.752,0,10.5,0.342,0.312,NA,0.073,NA,-106.699,-1.444
121,9,7,3.668,4.703,0,12.7,0.391,0.356,NA,0.049,NA,-98.13,8.569
122,9,8,3.661,4.661,0,29.3,0.433,0.395,NA,0.042,NA,-99.462,-1.332
123,9,9,3.641,4.648,0,27.9,0.458,0.418,NA,0.025,NA,-146.31,-46.848
124,9,10,3.641,4.634,0,26.7,0.472,0.43,NA,0.014,NA,-90,56.31
125,9,11,3.634,4.62,0,21.9,0.487,0.445,NA,0.016,NA,-116.565,-26.565
126,9,12,3.655,4.599,0,29.4,0.517,0.453,NA,0.029,NA,-45,71.565
127,9,13,3.648,4.592,0,23.7,0.527,0.463,NA,0.01,NA,-135,-90
128,9,14,3.634,4.557,0,24.6,0.564,0.5,NA,0.037,NA,-111.801,23.199
129,10,1,5.259,4.405,0,14.7,0,0,NA,NA,NA,NA,NA
130,10,2,5.203,4.398,0,21.6,0.056,0.056,NA,0.056,NA,-172.875,NA
131,10,3,5.175,4.418,0,32.2,0.091,0.084,NA,0.035,NA,143.13,-43.995
132,10,4,5.113,4.418,0,25.2,0.153,0.146,NA,0.062,NA,180,36.87
133,10,5,5.085,4.405,0,27,0.184,0.174,NA,0.031,NA,-153.435,26.565
134,10,6,5.071,4.488,0,23.1,0.269,0.205,NA,0.084,NA,99.462,-107.103
135,10,7,5.064,4.53,0,28.2,0.311,0.231,NA,0.042,NA,99.462,0
136,10,8,5.078,4.564,0,25.2,0.348,0.241,NA,0.037,NA,68.199,-31.264
137,10,9,5.036,4.613,0,18,0.412,0.305,NA,0.064,NA,130.601,62.403
138,10,10,5.009,4.634,0,23.5,0.447,0.339,NA,0.035,NA,143.13,12.529
139,10,11,4.856,4.696,0,16.8,0.612,0.497,NA,0.165,NA,157.751,14.621
140,10,12,4.717,4.877,0,23.7,0.84,0.719,NA,0.228,NA,127.569,-30.182
141,11,1,5.356,1.995,0,12,0,0,NA,NA,NA,NA,NA
142,11,2,5.321,1.988,0,21.4,0.035,0.035,NA,0.035,NA,-168.69,NA
143,11,3,5.314,1.974,0,6.4,0.051,0.047,NA,0.016,NA,-116.565,52.125
144,11,4,5.314,1.974,0,8.1,0.051,0.047,NA,0,NA,0,116.565
145,11,5,5.28,1.953,0,8.4,0.091,0.087,NA,0.04,NA,-149.036,-149.036
146,11,6,5.273,1.911,0,8.7,0.134,0.118,NA,0.042,NA,-99.462,49.574
147,11,7,5.259,1.87,0,15.9,0.178,0.158,NA,0.044,NA,-108.435,-8.973
148,11,8,5.259,1.842,0,19,0.205,0.181,NA,0.028,NA,-90,18.435
149,11,9,5.252,1.835,0,23.1,0.215,0.191,NA,0.01,NA,-135,-45
150,11,10,5.238,1.828,0,18.9,0.231,0.204,NA,0.016,NA,-153.435,-18.435
151,11,11,5.238,1.828,0,14.4,0.231,0.204,NA,0,NA,0,153.435
152,11,12,5.224,1.828,0,15.9,0.245,0.213,NA,0.014,NA,180,180
153,11,13,5.182,1.807,0,12.9,0.291,0.256,NA,0.047,NA,-153.435,26.565
154,11,14,5.155,1.842,0,39.6,0.336,0.253,NA,0.044,NA,128.66,-77.905
155,11,15,5.12,1.849,0,44.4,0.371,0.278,NA,0.035,NA,168.69,40.03
156,11,16,5.127,1.891,0,33.9,0.413,0.252,NA,0.042,NA,80.538,-88.152
157,12,1,3.182,1.495,0,37.6,0,0,NA,NA,NA,NA,NA
158,12,2,3.161,1.509,0,29.7,0.025,0.025,NA,0.025,NA,146.31,NA
159,12,3,3.155,1.523,0,25.5,0.041,0.039,NA,0.016,NA,116.565,-29.745
160,12,4,3.141,1.53,0,44.1,0.056,0.054,NA,0.016,NA,153.435,36.87
161,12,5,3.134,1.543,0,16.2,0.072,0.069,NA,0.016,NA,116.565,-36.87
162,12,6,3.113,1.585,0,45.9,0.118,0.114,NA,0.047,NA,116.565,0
163,12,7,3.064,1.592,0,61.4,0.167,0.153,NA,0.049,NA,171.87,55.305
164,12,8,3.043,1.613,0,72.6,0.197,0.182,NA,0.029,NA,135,-36.87
165,12,9,3.023,1.62,0,52.5,0.219,0.203,NA,0.022,NA,161.565,26.565
166,12,10,2.967,1.655,0,36.3,0.284,0.268,NA,0.066,NA,147.995,-13.57
167,12,11,2.96,1.675,0,81.9,0.306,0.286,NA,0.022,NA,108.435,-39.56
168,12,12,2.953,1.703,0,82.5,0.335,0.31,NA,0.029,NA,104.036,-4.399
169,12,13,2.939,1.724,0,84.9,0.36,0.334,NA,0.025,NA,123.69,19.654
170,12,14,2.946,1.724,0,81.9,0.367,0.329,NA,0.007,NA,0,-123.69
171,12,15,2.953,1.738,0,82,0.382,0.334,NA,0.016,NA,63.435,63.435
172,12,16,2.953,1.752,0,81.7,0.396,0.344,NA,0.014,NA,90,26.565
173,13,1,4.321,1.759,0,40.7,0,0,NA,NA,NA,NA,NA
174,13,2,4.314,1.78,0,32.9,0.022,0.022,NA,0.022,NA,108.435,NA
175,13,3,4.314,1.8,0,24.2,0.043,0.042,NA,0.021,NA,90,-18.435
176,13,4,4.28,1.814,0,47.8,0.08,0.069,NA,0.037,NA,158.199,68.199
177,13,5,4.259,1.828,0,57.5,0.105,0.093,NA,0.025,NA,146.31,-11.889
178,13,6,4.238,1.842,0,42.7,0.13,0.118,NA,0.025,NA,146.31,0
179,13,7,4.231,1.856,0,55.2,0.146,0.133,NA,0.016,NA,116.565,-29.745
180,13,8,4.196,1.863,0,56.1,0.181,0.163,NA,0.035,NA,168.69,52.125
181,13,9,4.175,1.87,0,64.8,0.203,0.183,NA,0.022,NA,161.565,-7.125
182,13,10,4.155,1.87,0,81.3,0.224,0.2,NA,0.021,NA,180,18.435
183,13,11,4.127,1.87,0,76.2,0.252,0.224,NA,0.028,NA,180,0
184,13,12,4.127,1.87,0,75.6,0.252,0.224,NA,0,NA,0,-180
185,13,13,4.099,1.877,0,76.8,0.28,0.252,NA,0.029,NA,165.964,165.964
186,13,14,4.099,1.877,0,76.3,0.28,0.252,NA,0,NA,0,-165.964
187,13,15,4.085,1.877,0,34.1,0.294,0.264,NA,0.014,NA,180,180
188,14,1,2.966,4.698,0,21,0,0,NA,NA,NA,NA,NA
189,14,2,2.929,4.604,0,28.5,0.101,0.101,NA,0.101,NA,-111.371,NA
190,14,3,2.872,4.411,0,22.4,0.303,0.302,NA,0.201,NA,-106.587,4.783
191,14,4,2.851,4.304,0,37.8,0.411,0.41,NA,0.109,NA,-100.886,5.702
192,14,5,2.847,4.263,0,41.1,0.453,0.451,NA,0.041,NA,-95.711,5.175
193,14,6,2.851,4.234,0,45.2,0.482,0.478,NA,0.029,NA,-81.87,13.841
194,14,7,2.851,4.198,0,53.4,0.519,0.514,NA,0.037,NA,-90,-8.13
195,14,8,2.855,4.189,0,53.1,0.528,0.521,NA,0.009,NA,-63.435,26.565
196,14,9,2.896,4.177,0,33.4,0.571,0.526,NA,0.043,NA,-16.699,46.736
197,14,10,2.839,4.161,0,35.3,0.63,0.553,NA,0.06,NA,-164.055,-147.355
198,14,11,2.847,4.156,0,39.6,0.639,0.555,NA,0.009,NA,-26.565,137.49
199,14,12,2.835,4.12,0,32.4,0.678,0.593,NA,0.039,NA,-108.435,-81.87
200,14,13,2.835,4.099,0,15.8,0.699,0.613,NA,0.021,NA,-90,18.435
201,15,1,3.697,4.505,0,9.1,0,0,NA,NA,NA,NA,NA
202,15,2,3.652,4.485,0,20.7,0.05,0.05,NA,0.05,NA,-155.556,NA
203,15,3,3.574,4.403,0,34.3,0.163,0.16,NA,0.113,NA,-133.531,22.025
204,15,4,3.533,4.407,0,16.2,0.204,0.191,NA,0.041,NA,174.289,-52.179
205,15,5,3.504,4.407,0,12.6,0.233,0.217,NA,0.029,NA,180,5.711
206,15,6,3.483,4.399,0,14.8,0.255,0.239,NA,0.022,NA,-158.199,21.801
207,15,7,3.446,4.374,0,8.6,0.299,0.283,NA,0.044,NA,-146.31,11.889
208,15,8,3.41,4.386,0,18.5,0.338,0.311,NA,0.039,NA,161.565,-52.125
209,15,9,3.377,4.386,0,26.1,0.371,0.342,NA,0.033,NA,180,18.435
210,15,10,3.36,4.378,0,13.5,0.389,0.36,NA,0.018,NA,-153.435,26.565
211,16,1,3.007,1.435,0,80.1,0,0,NA,NA,NA,NA,NA
212,16,2,2.987,1.452,0,89.2,0.026,0.026,NA,0.026,NA,141.34,NA
213,16,3,2.974,1.46,0,80.1,0.041,0.041,NA,0.015,NA,146.31,4.97
214,16,4,2.958,1.468,0,83.1,0.059,0.059,NA,0.018,NA,153.435,7.125
215,16,5,2.95,1.489,0,81.9,0.082,0.078,NA,0.022,NA,111.801,-41.634
216,16,6,2.876,1.485,0,79.3,0.156,0.14,NA,0.074,NA,-176.82,71.378
217,16,7,2.872,1.489,0,78,0.161,0.146,NA,0.006,NA,135,-48.18
218,16,8,2.864,1.476,0,79.5,0.176,0.149,NA,0.015,NA,-123.69,101.31
219,16,9,2.806,1.591,0,78.9,0.305,0.254,NA,0.128,NA,116.565,-119.745
220,16,10,2.761,1.645,0,36.7,0.375,0.323,NA,0.07,NA,130.236,13.671
221,16,11,2.58,1.706,0,24,0.565,0.506,NA,0.191,NA,161.175,30.939
222,16,12,2.548,1.731,0,14.7,0.606,0.546,NA,0.041,NA,143.13,-18.045
223,16,13,2.511,1.764,0,19.6,0.656,0.595,NA,0.049,NA,138.366,-4.764
224,16,14,2.507,1.772,0,37.2,0.665,0.603,NA,0.009,NA,116.565,-21.801
225,16,15,2.478,1.776,0,28.8,0.694,0.63,NA,0.029,NA,171.87,55.305
226,16,16,2.457,1.788,0,27.8,0.718,0.653,NA,0.024,NA,149.036,-22.834
227,16,17,2.449,1.792,0,44.1,0.727,0.663,NA,0.009,NA,153.435,4.399
228,16,18,2.445,1.797,0,22.2,0.733,0.668,NA,0.006,NA,135,-18.435
229,17,1,5.24,3.016,0,16.5,0,0,NA,NA,NA,NA,NA
230,17,2,5.211,3.024,0,17.4,0.03,0.03,NA,0.03,NA,164.055,NA
231,17,3,5.195,3.032,0,15,0.048,0.048,NA,0.018,NA,153.435,-10.62
232,17,4,5.187,3.024,0,15.3,0.06,0.054,NA,0.012,NA,-135,71.565
233,17,5,5.178,3.024,0,18.3,0.068,0.062,NA,0.008,NA,180,-45
234,17,6,5.154,3.028,0,17.4,0.093,0.087,NA,0.025,NA,170.538,-9.462
235,17,7,5.109,3.024,0,14.7,0.138,0.132,NA,0.045,NA,-174.806,14.657
236,17,8,5.08,3.016,0,8.9,0.168,0.16,NA,0.03,NA,-164.055,10.751
237,17,9,5.018,3.024,0,9.9,0.23,0.222,NA,0.062,NA,172.405,-23.54
238,17,10,5.002,3.036,0,5.1,0.251,0.239,NA,0.021,NA,143.13,-29.275
239,17,11,4.977,3.036,0,7.5,0.275,0.263,NA,0.025,NA,180,36.87
240,17,12,4.957,3.048,0,11.4,0.299,0.285,NA,0.024,NA,149.036,-30.964
241,17,13,4.949,3.061,0,11.4,0.314,0.295,NA,0.015,NA,123.69,-25.346
242,17,14,4.928,3.073,0,10.4,0.338,0.317,NA,0.024,NA,149.036,25.346
243,17,15,4.916,3.081,0,8.5,0.353,0.331,NA,0.015,NA,146.31,-2.726
244,17,16,4.903,3.093,0,9.9,0.37,0.345,NA,0.017,NA,135,-11.31
245,17,17,4.903,3.11,0,9.6,0.387,0.35,NA,0.016,NA,90,-45
246,17,18,4.899,3.147,0,16.6,0.424,0.365,NA,0.037,NA,96.34,6.34
247,17,20,4.899,3.167,0,23.7,0.444,0.373,NA,0.021,NA,90,-6.34
248,18,1,2.449,1.271,0,60.3,0,0,NA,NA,NA,NA,NA
249,18,2,2.429,1.292,0,61.8,0.029,0.029,NA,0.029,NA,135,NA
250,18,3,2.408,1.308,0,60.6,0.055,0.055,NA,0.026,NA,141.34,6.34
251,18,4,2.388,1.329,0,68.4,0.084,0.084,NA,0.029,NA,135,-6.34
252,18,5,2.383,1.341,0,68.3,0.097,0.096,NA,0.013,NA,108.435,-26.565
253,18,6,2.371,1.382,0,29.7,0.14,0.136,NA,0.043,NA,106.699,-1.736
254,18,7,2.371,1.411,0,20.4,0.169,0.16,NA,0.029,NA,90,-16.699
255,18,8,2.314,1.452,0,33.9,0.239,0.226,NA,0.071,NA,144.462,54.462
256,18,9,2.33,1.489,0,35.9,0.28,0.248,NA,0.04,NA,66.038,-78.425
257,18,10,2.318,1.497,0,46.2,0.295,0.261,NA,0.015,NA,146.31,80.272
258,18,11,2.285,1.501,0,80.1,0.328,0.282,NA,0.033,NA,172.875,26.565
259,18,12,2.264,1.534,0,33.4,0.367,0.321,NA,0.039,NA,122.005,-50.87
260,18,13,2.256,1.542,0,25.5,0.378,0.333,NA,0.012,NA,135,12.995
261,18,14,2.248,1.559,0,25.8,0.396,0.351,NA,0.018,NA,116.565,-18.435
262,18,15,2.076,1.55,0,35.4,0.569,0.466,NA,0.173,NA,-177.274,66.161
263,18,16,2.047,1.6,0,40.5,0.626,0.519,NA,0.057,NA,120.256,-62.47
264,18,17,2.018,1.6,0,66,0.655,0.542,NA,0.029,NA,180,59.744
265,18,18,1.981,1.62,0,39,0.697,0.584,NA,0.042,NA,150.945,-29.055
266,19,1,3.414,2.486,0,31.5,0,0,NA,NA,NA,NA,NA
267,19,2,3.422,2.511,0,74.4,0.026,0.026,NA,0.026,NA,71.565,NA
268,19,3,3.422,2.511,0,40.5,0.026,0.026,NA,0,NA,0,-71.565
269,19,4,3.422,2.527,0,33.6,0.042,0.042,NA,0.016,NA,90,90
270,19,5,3.43,2.568,0,23.7,0.084,0.084,NA,0.042,NA,78.69,-11.31
271,19,6,3.389,2.626,0,13.8,0.155,0.142,NA,0.071,NA,125.538,46.848
272,19,7,3.332,2.663,0,24.9,0.223,0.195,NA,0.068,NA,147.265,21.727
273,19,8,3.319,2.675,0,28.8,0.241,0.211,NA,0.017,NA,135,-12.265
274,19,9,3.254,2.683,0,26.9,0.307,0.254,NA,0.066,NA,172.875,37.875
275,19,10,3.196,2.708,0,30,0.369,0.311,NA,0.063,NA,156.801,-16.074
276,19,11,3.13,2.704,0,34.8,0.435,0.357,NA,0.066,NA,-176.424,26.775
277,19,12,3.081,2.736,0,21.6,0.494,0.416,NA,0.059,NA,146.31,-37.266
278,19,13,3.073,2.749,0,35.4,0.509,0.43,NA,0.015,NA,123.69,-22.62
279,19,14,3.048,2.757,0,44,0.535,0.455,NA,0.026,NA,161.565,37.875
280,19,15,3.028,2.765,0,18.2,0.557,0.476,NA,0.022,NA,158.199,-3.366
281,19,16,2.999,2.786,0,10.5,0.592,0.511,NA,0.035,NA,144.462,-13.736
282,19,17,2.974,2.777,0,20.4,0.618,0.527,NA,0.026,NA,-161.565,53.973
283,19,18,2.958,2.786,0,15.3,0.637,0.545,NA,0.018,NA,153.435,-45
284,20,1,2.535,0.668,0,10.5,0,0,NA,NA,NA,NA,NA
285,20,2,2.519,0.688,0,9.6,0.026,0.026,NA,0.026,NA,128.66,NA
286,20,3,2.49,0.693,0,18.8,0.055,0.051,NA,0.029,NA,171.87,43.21
287,20,4,2.47,0.705,0,14.1,0.079,0.075,NA,0.024,NA,149.036,-22.834
288,20,5,2.466,0.713,0,15,0.088,0.083,NA,0.009,NA,116.565,-32.471
289,20,6,2.453,0.725,0,15.6,0.106,0.1,NA,0.017,NA,135,18.435
290,20,7,2.441,0.725,0,9,0.118,0.111,NA,0.012,NA,180,45
291,20,8,2.429,0.729,0,10.8,0.131,0.123,NA,0.013,NA,161.565,-18.435
292,20,9,2.424,0.734,0,20.1,0.137,0.129,NA,0.006,NA,135,-26.565
293,20,10,2.388,0.738,0,32.4,0.174,0.163,NA,0.037,NA,173.66,38.66
294,20,11,2.363,0.746,0,46.6,0.2,0.189,NA,0.026,NA,161.565,-12.095
295,20,12,2.293,0.758,0,40.8,0.271,0.258,NA,0.071,NA,169.992,8.427
296,20,13,2.273,0.766,0,56.4,0.293,0.281,NA,0.022,NA,158.199,-11.793
297,20,14,2.232,0.779,0,54.3,0.336,0.323,NA,0.043,NA,163.301,5.102
298,20,15,2.199,0.803,0,43.2,0.377,0.363,NA,0.041,NA,143.13,-20.171
299,20,16,2.182,0.824,0,50.2,0.403,0.386,NA,0.026,NA,128.66,-14.47
300,20,17,2.162,0.844,0,39.3,0.432,0.413,NA,0.029,NA,135,6.34
301,20,18,2.162,0.873,0,31.2,0.461,0.426,NA,0.029,NA,90,-45
302,21,1,2.946,3.278,0,42.3,0,0,NA,NA,NA,NA,NA
303,21,2,2.925,3.295,0,33.2,0.026,0.026,NA,0.026,NA,141.34,NA
304,21,3,2.921,3.299,0,27.7,0.032,0.032,NA,0.006,NA,135,-6.34
305,21,4,2.896,3.311,0,21.3,0.06,0.059,NA,0.028,NA,153.435,18.435
306,21,5,2.896,3.315,0,25.1,0.064,0.062,NA,0.004,NA,90,-63.435
307,21,6,2.88,3.332,0,43.1,0.087,0.085,NA,0.023,NA,135,45
308,21,7,2.86,3.332,0,49.5,0.107,0.101,NA,0.021,NA,180,45
309,21,8,2.814,3.405,0,25.2,0.194,0.183,NA,0.087,NA,121.43,-58.57
310,21,9,2.81,3.414,0,25,0.203,0.192,NA,0.009,NA,116.565,-4.865
311,21,10,2.806,3.414,0,29.7,0.207,0.194,NA,0.004,NA,180,63.435
312,21,11,2.794,3.418,0,28.8,0.22,0.206,NA,0.013,NA,161.565,-18.435
313,21,12,2.782,3.434,0,40.1,0.241,0.226,NA,0.021,NA,126.87,-34.695
314,21,13,2.736,3.455,0,15.2,0.29,0.274,NA,0.05,NA,155.556,28.686
315,21,14,2.667,3.459,0,25.3,0.36,0.332,NA,0.07,NA,176.634,21.077
316,21,15,2.58,3.479,0,25.1,0.449,0.417,NA,0.089,NA,166.608,-10.026
317,21,16,2.523,3.533,0,30.5,0.527,0.493,NA,0.078,NA,137.121,-29.486
318,21,17,2.449,3.512,0,39.9,0.604,0.549,NA,0.077,NA,-164.476,58.403
319,21,18,2.404,3.52,0,36.2,0.65,0.593,NA,0.046,NA,169.695,-25.829
320,21,20,2.31,3.483,0,41.9,0.751,0.668,NA,0.101,NA,-158.629,31.675
321,22,1,3.487,1.534,0,39.3,0,0,NA,NA,NA,NA,NA
322,22,2,3.446,1.538,0,20.7,0.041,0.041,NA,0.041,NA,174.289,NA
323,22,3,3.426,1.554,0,32.4,0.068,0.065,NA,0.026,NA,141.34,-32.949
324,22,4,3.315,1.69,0,24.6,0.243,0.232,NA,0.175,NA,129.289,-12.051
325,22,5,3.258,1.784,0,33.6,0.353,0.34,NA,0.111,NA,121.329,-7.961
326,22,6,3.249,1.866,0,46.7,0.436,0.409,NA,0.082,NA,95.711,-25.618
327,22,7,3.048,2.01,0,41.4,0.683,0.648,NA,0.247,NA,144.462,48.752
328,22,8,3.024,2.035,0,48.9,0.717,0.682,NA,0.035,NA,135,-9.462
329,22,9,2.946,2.035,0,44.1,0.795,0.738,NA,0.078,NA,180,45
330,22,10,2.925,2.006,0,42.3,0.831,0.734,NA,0.035,NA,-125.538,54.462
331,22,11,2.909,1.936,0,45.3,0.902,0.705,NA,0.072,NA,-103.241,22.297
332,23,1,2.113,0.528,0,34.5,0,0,NA,NA,NA,NA,NA
333,23,2,2.104,0.516,0,32.1,0.015,0.015,NA,0.015,NA,-123.69,NA
334,23,3,2.088,0.491,0,26.5,0.044,0.044,NA,0.03,NA,-123.69,0
335,23,4,2.051,0.475,0,17.4,0.085,0.081,NA,0.04,NA,-156.038,-32.347
336,23,5,2.035,0.475,0,33.1,0.101,0.094,NA,0.016,NA,180,-23.962
337,23,6,2.01,0.463,0,19.7,0.129,0.122,NA,0.028,NA,-153.435,26.565
338,23,7,1.985,0.463,0,38.7,0.153,0.143,NA,0.025,NA,180,-26.565
339,23,8,1.973,0.463,0,32.9,0.166,0.154,NA,0.012,NA,180,0
340,23,9,1.953,0.45,0,30.8,0.19,0.178,NA,0.024,NA,-149.036,30.964
341,23,10,1.932,0.438,0,33.6,0.214,0.202,NA,0.024,NA,-149.036,0
342,23,11,1.92,0.418,0,25.5,0.237,0.222,NA,0.024,NA,-120.964,28.072
343,23,12,1.928,0.401,0,37.7,0.256,0.224,NA,0.018,NA,-63.435,57.529
344,23,13,1.916,0.385,0,25.7,0.276,0.244,NA,0.021,NA,-126.87,-63.435
345,23,14,1.895,0.36,0,23.2,0.308,0.275,NA,0.032,NA,-129.806,-2.936
346,23,15,1.883,0.34,0,15,0.332,0.297,NA,0.024,NA,-120.964,8.842
347,23,16,1.883,0.36,0,13.6,0.353,0.285,NA,0.021,NA,90,-149.036
348,23,17,1.895,0.348,0,14.4,0.37,0.283,NA,0.017,NA,-45,-135
349,23,18,1.879,0.331,0,11.5,0.394,0.306,NA,0.023,NA,-135,-90
350,24,1,3.418,3.5,0,30.2,0,0,NA,NA,NA,NA,NA
351,24,2,3.418,3.508,0,23.7,0.008,0.008,NA,0.008,NA,90,NA
352,24,3,3.414,3.508,0,37.4,0.012,0.009,NA,0.004,NA,180,90
353,24,4,3.401,3.512,0,46.5,0.025,0.021,NA,0.013,NA,161.565,-18.435
354,24,5,3.397,3.52,0,35.7,0.034,0.029,NA,0.009,NA,116.565,-45
355,24,6,3.385,3.533,0,43.9,0.052,0.046,NA,0.017,NA,135,18.435
356,24,7,3.327,3.537,0,33.5,0.109,0.098,NA,0.058,NA,175.914,40.914
357,24,8,3.286,3.561,0,25.7,0.157,0.145,NA,0.048,NA,149.036,-26.878
358,24,9,3.254,3.57,0,33.9,0.191,0.178,NA,0.034,NA,165.964,16.928
359,24,10,3.233,3.586,0,37.5,0.217,0.204,NA,0.026,NA,141.34,-24.624
360,24,11,3.213,3.611,0,42.8,0.25,0.233,NA,0.032,NA,129.806,-11.535
361,24,12,3.208,3.639,0,50.4,0.279,0.252,NA,0.029,NA,98.13,-31.675
362,24,13,3.2,3.672,0,15.9,0.312,0.278,NA,0.034,NA,104.036,5.906
363,24,14,3.204,3.689,0,28.5,0.329,0.285,NA,0.017,NA,75.964,-28.072
364,24,15,3.192,3.709,0,28.2,0.353,0.308,NA,0.024,NA,120.964,45
365,24,16,3.192,3.709,0,24.3,0.353,0.308,NA,0,NA,0,-120.964
366,24,17,3.18,3.705,0,26.3,0.366,0.314,NA,0.013,NA,-161.565,-161.565
367,24,18,3.176,3.705,0,28.5,0.37,0.317,NA,0.004,NA,180,-18.435
368,25,1,1.862,1.275,0,40.8,0,0,NA,NA,NA,NA,NA
369,25,2,1.842,1.267,0,40.5,0.022,0.022,NA,0.022,NA,-158.199,NA
370,25,3,1.809,1.259,0,38.4,0.056,0.056,NA,0.034,NA,-165.964,-7.765
371,25,4,1.797,1.251,0,18.3,0.071,0.07,NA,0.015,NA,-146.31,19.654
372,25,5,1.78,1.238,0,19.6,0.091,0.09,NA,0.021,NA,-143.13,3.18
373,25,6,1.751,1.206,0,34,0.135,0.131,NA,0.044,NA,-131.186,11.944
374,25,7,1.702,1.201,0,33.1,0.184,0.176,NA,0.049,NA,-175.236,-44.05
375,25,8,1.678,1.181,0,24.3,0.216,0.207,NA,0.032,NA,-140.194,35.042
376,25,9,1.636,1.156,0,33.2,0.264,0.255,NA,0.048,NA,-149.036,-8.842
377,25,10,1.575,1.144,0,22,0.327,0.316,NA,0.063,NA,-168.69,-19.654
378,25,11,1.542,1.14,0,25.3,0.36,0.348,NA,0.033,NA,-172.875,-4.185
379,25,12,1.501,1.128,0,19.5,0.403,0.39,NA,0.043,NA,-163.301,9.574
380,25,13,1.456,1.123,0,11.7,0.448,0.434,NA,0.045,NA,-174.806,-11.505
381,25,14,1.439,1.107,0,15.6,0.472,0.455,NA,0.023,NA,-135,39.806
382,25,15,1.423,1.095,0,11.7,0.492,0.475,NA,0.021,NA,-143.13,-8.13
383,25,16,1.415,1.087,0,18.2,0.504,0.486,NA,0.012,NA,-135,8.13
384,25,17,1.403,1.07,0,12.7,0.524,0.503,NA,0.021,NA,-126.87,8.13
385,25,18,1.378,1.07,0,10.2,0.549,0.526,NA,0.025,NA,180,-53.13
386,26,1,4.747,1.6,0,16.5,0,0,NA,NA,NA,NA,NA
387,26,2,4.739,1.6,0,21.9,0.008,0.008,NA,0.008,NA,180,NA
388,26,3,4.731,1.583,0,22.2,0.027,0.023,NA,0.018,NA,-116.565,63.435
389,26,4,4.727,1.583,0,23.7,0.031,0.026,NA,0.004,NA,180,-63.435
390,26,5,4.715,1.579,0,26.4,0.044,0.039,NA,0.013,NA,-161.565,18.435
391,26,6,4.706,1.575,0,26.7,0.053,0.048,NA,0.009,NA,-153.435,8.13
392,26,7,4.711,1.567,0,28.8,0.062,0.049,NA,0.009,NA,-63.435,90
393,26,8,4.715,1.55,0,25.8,0.079,0.059,NA,0.017,NA,-75.964,-12.529
394,26,9,4.715,1.55,0,29.1,0.079,0.059,NA,0,NA,0,75.964
395,26,10,4.698,1.546,0,29.8,0.096,0.073,NA,0.017,NA,-165.964,-165.964
396,26,11,4.69,1.546,0,26.7,0.104,0.078,NA,0.008,NA,180,-14.036
397,26,12,4.682,1.538,0,30.9,0.116,0.09,NA,0.012,NA,-135,45
398,26,13,4.657,1.517,0,21,0.148,0.122,NA,0.032,NA,-140.194,-5.194
399,26,14,4.641,1.472,0,21.3,0.196,0.166,NA,0.048,NA,-109.983,30.211
400,26,15,4.62,1.464,0,23.8,0.218,0.186,NA,0.022,NA,-158.199,-48.215
401,26,16,4.6,1.452,0,26.4,0.242,0.209,NA,0.024,NA,-149.036,9.162
402,26,17,4.583,1.439,0,29.7,0.262,0.229,NA,0.021,NA,-143.13,5.906
403,26,18,4.579,1.419,0,28.2,0.283,0.247,NA,0.021,NA,-101.31,41.82
404,26,19,4.571,1.394,0,21.3,0.309,0.271,NA,0.026,NA,-108.435,-7.125
405,27,1,2.281,2.449,0,13.5,0,0,NA,NA,NA,NA,NA
406,27,2,2.26,2.441,0,10.9,0.022,0.022,NA,0.022,NA,-158.199,NA
407,27,3,2.244,2.429,0,8.1,0.043,0.042,NA,0.021,NA,-143.13,15.068
408,27,4,2.24,2.408,0,12.6,0.064,0.058,NA,0.021,NA,-101.31,41.82
409,27,5,2.248,2.4,0,13.2,0.075,0.059,NA,0.012,NA,-45,56.31
410,27,6,2.244,2.371,0,26.4,0.104,0.086,NA,0.029,NA,-98.13,-53.13
411,27,7,2.236,2.359,0,23.7,0.119,0.101,NA,0.015,NA,-123.69,-25.56
412,27,8,2.232,2.351,0,19.5,0.128,0.11,NA,0.009,NA,-116.565,7.125
413,27,9,2.211,2.347,0,12.3,0.149,0.124,NA,0.021,NA,-168.69,-52.125
414,27,10,2.182,2.338,0,14.8,0.179,0.148,NA,0.03,NA,-164.055,4.635
415,27,11,2.158,2.334,0,18.5,0.204,0.168,NA,0.025,NA,-170.538,-6.483
416,27,12,2.15,2.31,0,29.4,0.23,0.192,NA,0.026,NA,-108.435,62.103
417,27,13,2.121,2.293,0,51.6,0.263,0.223,NA,0.033,NA,-150.255,-41.82
418,27,14,2.113,2.248,0,37.1,0.309,0.262,NA,0.046,NA,-100.305,49.95
419,27,15,2.092,2.215,0,50,0.348,0.301,NA,0.039,NA,-122.005,-21.701
420,27,16,2.039,2.219,0,45.7,0.401,0.334,NA,0.054,NA,175.601,-62.393
421,27,17,1.977,2.264,0,31.2,0.477,0.355,NA,0.076,NA,143.746,-31.855
422,27,18,1.916,2.289,0,36.3,0.544,0.399,NA,0.066,NA,158.199,14.452
423,27,19,1.719,2.338,0,18.6,0.747,0.573,NA,0.203,NA,165.964,7.765
424,28,1,4.103,0.836,0,22.8,0,0,NA,NA,NA,NA,NA
425,28,2,4.074,0.84,0,28.8,0.029,0.029,NA,0.029,NA,171.87,NA
426,28,3,4.066,0.836,0,33.9,0.038,0.037,NA,0.009,NA,-153.435,34.695
427,28,4,4.021,0.84,0,20.4,0.084,0.082,NA,0.045,NA,174.806,-31.759
428,28,5,3.914,0.848,0,20.4,0.191,0.189,NA,0.107,NA,175.601,0.796
429,28,6,3.914,0.885,0,12,0.227,0.195,NA,0.037,NA,90,-85.601
430,28,7,3.902,0.906,0,8.3,0.251,0.213,NA,0.024,NA,120.964,30.964
431,28,8,3.894,0.857,0,21,0.301,0.21,NA,0.05,NA,-99.462,139.574
432,28,9,3.865,0.857,0,32.1,0.33,0.239,NA,0.029,NA,180,-80.538
433,28,10,3.845,0.861,0,37.5,0.351,0.26,NA,0.021,NA,168.69,-11.31
434,28,11,3.82,0.861,0,28.1,0.376,0.284,NA,0.025,NA,180,11.31
435,28,12,3.82,0.869,0,29.2,0.384,0.285,NA,0.008,NA,90,-90
436,29,1,4.042,4.624,0,11.4,0,0,NA,NA,NA,NA,NA
437,29,2,4.062,4.649,0,8.4,0.032,0.032,NA,0.032,NA,50.194,NA
438,29,3,4.058,4.645,0,12.3,0.038,0.026,NA,0.006,NA,-135,174.806
439,29,4,4.066,4.665,0,11.4,0.06,0.048,NA,0.022,NA,68.199,-156.801
440,29,5,4.07,4.67,0,10.2,0.066,0.054,NA,0.006,NA,45,-23.199
441,29,6,4.074,4.682,0,11.4,0.079,0.066,NA,0.013,NA,71.565,26.565
442,29,7,4.074,4.682,0,13.2,0.079,0.066,NA,0,NA,0,-71.565
443,29,8,4.074,4.682,0,12.3,0.079,0.066,NA,0,NA,0,0
444,29,9,4.078,4.686,0,21.5,0.085,0.072,NA,0.006,NA,45,45
445,29,10,4.091,4.698,0,8.1,0.102,0.089,NA,0.017,NA,45,0
446,29,11,4.091,4.698,0,11.2,0.102,0.089,NA,0,NA,0,-45
447,29,12,4.095,4.698,0,9.2,0.106,0.091,NA,0.004,NA,0,0
448,29,13,4.103,4.706,0,7.2,0.118,0.103,NA,0.012,NA,45,45
449,29,14,4.115,4.727,0,8.7,0.142,0.126,NA,0.024,NA,59.036,14.036
450,29,15,4.136,4.739,0,9,0.166,0.149,NA,0.024,NA,30.964,-28.072
451,29,16,4.14,4.752,0,9.8,0.179,0.161,NA,0.013,NA,71.565,40.601
452,29,17,4.148,4.76,0,10.5,0.19,0.172,NA,0.012,NA,45,-26.565
453,29,18,4.173,4.776,0,11.1,0.22,0.201,NA,0.03,NA,33.69,-11.31
454,30,1,2.375,4.083,0,24.9,0,0,NA,NA,NA,NA,NA
455,30,2,2.4,4.083,0,20.4,0.025,0.025,NA,0.025,NA,0,NA
456,30,3,2.412,4.087,0,16.2,0.038,0.037,NA,0.013,NA,18.435,18.435
457,30,4,2.412,4.087,0,20.4,0.038,0.037,NA,0,NA,0,-18.435
458,30,5,2.429,4.091,0,18.9,0.055,0.054,NA,0.017,NA,14.036,14.036
459,30,6,2.437,4.091,0,18.2,0.063,0.062,NA,0.008,NA,0,-14.036
460,30,7,2.445,4.099,0,14.7,0.074,0.072,NA,0.012,NA,45,45
461,30,8,2.457,4.099,0,22.7,0.087,0.084,NA,0.012,NA,0,-45
462,30,9,2.47,4.091,0,14.1,0.101,0.095,NA,0.015,NA,-33.69,-33.69
463,30,10,2.482,4.099,0,16.8,0.116,0.108,NA,0.015,NA,33.69,67.38
464,30,11,2.482,4.099,0,14.4,0.116,0.108,NA,0,NA,0,-33.69
465,30,12,2.507,4.103,0,16.1,0.141,0.133,NA,0.025,NA,9.462,9.462
466,30,13,2.511,4.103,0,10.8,0.145,0.137,NA,0.004,NA,0,-9.462
467,30,14,2.519,4.111,0,23.6,0.157,0.146,NA,0.012,NA,45,45
468,30,15,2.544,4.111,0,7.1,0.182,0.171,NA,0.025,NA,0,-45
469,30,16,2.56,4.12,0,17.8,0.2,0.188,NA,0.018,NA,26.565,26.565
470,30,17,2.56,4.124,0,14.4,0.204,0.189,NA,0.004,NA,90,63.435
471,30,18,2.568,4.128,0,20.4,0.213,0.198,NA,0.009,NA,26.565,-63.435
472,31,1,4.321,0.877,0,66.1,0,0,NA,NA,NA,NA,NA
473,31,2,4.317,0.877,0,35.7,0.004,0.004,NA,0.004,NA,180,NA
474,31,3,4.3,0.865,0,37.8,0.025,0.024,NA,0.021,NA,-143.13,36.87
475,31,4,4.292,0.861,0,39.9,0.034,0.033,NA,0.009,NA,-153.435,-10.305
476,31,5,4.288,0.857,0,49,0.04,0.039,NA,0.006,NA,-135,18.435
477,31,6,4.284,0.853,0,50.7,0.045,0.044,NA,0.006,NA,-135,0
478,31,7,4.28,0.853,0,50.1,0.05,0.048,NA,0.004,NA,180,-45
479,31,8,4.276,0.853,0,57.8,0.054,0.051,NA,0.004,NA,180,0
480,31,9,4.267,0.848,0,48.9,0.063,0.061,NA,0.009,NA,-153.435,26.565
481,31,10,4.255,0.844,0,48.6,0.076,0.073,NA,0.013,NA,-161.565,-8.13
482,31,11,4.247,0.84,0,53.4,0.085,0.083,NA,0.009,NA,-153.435,8.13
483,31,12,4.234,0.84,0,37.2,0.097,0.094,NA,0.012,NA,180,-26.565
484,31,13,4.23,0.853,0,41.4,0.11,0.094,NA,0.013,NA,108.435,-71.565
485,31,14,4.23,0.853,0,67,0.11,0.094,NA,0,NA,0,-108.435
486,31,15,4.234,0.857,0,30,0.116,0.089,NA,0.006,NA,45,45
487,31,16,4.234,0.865,0,38.1,0.124,0.087,NA,0.008,NA,90,45
488,31,17,4.234,0.861,0,36.9,0.128,0.088,NA,0.004,NA,-90,-180
489,31,18,4.23,0.861,0,36,0.132,0.092,NA,0.004,NA,180,-90
490,31,19,4.222,0.861,0,20.9,0.141,0.1,NA,0.008,NA,180,0
491,32,1,3.738,2.363,0,41.1,0,0,NA,NA,NA,NA,NA
492,32,2,3.717,2.355,0,29.7,0.022,0.022,NA,0.022,NA,-158.199,NA
493,32,3,3.705,2.347,0,22.4,0.037,0.037,NA,0.015,NA,-146.31,11.889
494,32,4,3.68,2.347,0,27.9,0.062,0.06,NA,0.025,NA,180,-33.69
495,32,5,3.668,2.347,0,65.7,0.074,0.072,NA,0.012,NA,180,0
496,32,6,3.652,2.338,0,61.1,0.092,0.09,NA,0.018,NA,-153.435,26.565
497,32,7,3.643,2.334,0,51.1,0.101,0.099,NA,0.009,NA,-153.435,0
498,32,8,3.635,2.322,0,56.3,0.116,0.111,NA,0.015,NA,-123.69,29.745
499,32,9,3.635,2.314,0,68.4,0.124,0.114,NA,0.008,NA,-90,33.69
500,32,10,3.631,2.31,0,59.1,0.13,0.119,NA,0.006,NA,-135,-45
501,32,11,3.627,2.305,0,65.4,0.136,0.125,NA,0.006,NA,-135,0
502,32,12,3.623,2.297,0,67.8,0.145,0.132,NA,0.009,NA,-116.565,18.435
503,32,13,3.619,2.293,0,74.7,0.151,0.138,NA,0.006,NA,-135,-18.435
504,32,14,3.602,2.297,0,59.4,0.168,0.151,NA,0.017,NA,165.964,-59.036
505,32,15,3.582,2.301,0,65.9,0.189,0.168,NA,0.021,NA,168.69,2.726
506,32,16,3.582,2.297,0,66.9,0.193,0.169,NA,0.004,NA,-90,101.31
507,32,17,3.574,2.301,0,72,0.202,0.175,NA,0.009,NA,153.435,-116.565
508,32,18,3.57,2.305,0,60.3,0.208,0.178,NA,0.006,NA,135,-18.435
509,32,19,3.561,2.31,0,56,0.217,0.184,NA,0.009,NA,153.435,18.435
510,33,1,4.604,4.628,0,21.3,0,0,NA,NA,NA,NA,NA
511,33,2,4.612,4.653,0,14.7,0.026,0.026,NA,0.026,NA,71.565,NA
512,33,3,4.624,4.661,0,18.6,0.041,0.039,NA,0.015,NA,33.69,-37.875
513,33,4,4.633,4.665,0,22,0.05,0.047,NA,0.009,NA,26.565,-7.125
514,33,5,4.661,4.674,0,19.8,0.08,0.073,NA,0.03,NA,15.945,-10.62
515,33,6,4.661,4.674,0,15.9,0.08,0.073,NA,0,NA,0,-15.945
516,33,7,4.674,4.674,0,19.5,0.092,0.083,NA,0.012,NA,0,0
517,33,8,4.674,4.674,0,17.2,0.092,0.083,NA,0,NA,0,0
518,33,9,4.674,4.674,0,21.3,0.092,0.083,NA,0,NA,0,0
519,33,10,4.682,4.674,0,24.3,0.1,0.09,NA,0.008,NA,0,0
520,33,11,4.682,4.665,0,27.5,0.109,0.086,NA,0.008,NA,-90,-90
521,33,12,4.694,4.665,0,10.5,0.121,0.098,NA,0.012,NA,0,90
522,33,13,4.694,4.665,0,9.6,0.121,0.098,NA,0,NA,0,0
523,33,14,4.694,4.665,0,16.6,0.121,0.098,NA,0,NA,0,0
524,33,15,4.694,4.665,0,14.9,0.121,0.098,NA,0,NA,0,0
525,33,16,4.694,4.665,0,11.7,0.121,0.098,NA,0,NA,0,0
526,33,17,4.698,4.665,0,16.5,0.125,0.101,NA,0.004,NA,0,0
527,33,18,4.698,4.67,0,20.1,0.129,0.103,NA,0.004,NA,90,90
528,33,19,4.698,4.67,0,18.6,0.129,0.103,NA,0,NA,0,-90
529,34,1,5.187,3.947,0,16.5,0,0,NA,NA,NA,NA,NA
530,34,2,5.187,3.976,0,12.2,0.029,0.029,NA,0.029,NA,90,NA
531,34,3,5.195,3.98,0,12.9,0.038,0.034,NA,0.009,NA,26.565,-63.435
532,34,4,5.199,3.984,0,6.9,0.044,0.039,NA,0.006,NA,45,18.435
533,34,5,5.207,3.992,0,12.8,0.055,0.05,NA,0.012,NA,45,0
534,34,6,5.215,4.001,0,9.6,0.067,0.061,NA,0.012,NA,45,0
535,34,7,5.215,4.013,0,9.9,0.079,0.072,NA,0.012,NA,90,45
536,34,8,5.224,4.021,0,10.8,0.091,0.083,NA,0.012,NA,45,-45
537,34,9,5.232,4.029,0,9.3,0.102,0.094,NA,0.012,NA,45,0
538,34,10,5.24,4.037,0,12.6,0.114,0.105,NA,0.012,NA,45,0
539,34,11,5.24,4.037,0,11.4,0.114,0.105,NA,0,NA,0,-45
540,34,12,5.24,4.046,0,12.1,0.122,0.112,NA,0.008,NA,90,90
541,34,13,5.244,4.05,0,15.2,0.128,0.118,NA,0.006,NA,45,-45
542,34,14,5.244,4.062,0,9,0.14,0.128,NA,0.012,NA,90,45
543,34,15,5.244,4.066,0,9.9,0.144,0.132,NA,0.004,NA,90,0
544,34,16,5.256,4.083,0,11.1,0.165,0.152,NA,0.021,NA,53.13,-36.87
545,34,17,5.256,4.083,0,8.7,0.165,0.152,NA,0,NA,0,-53.13
546,34,18,5.265,4.083,0,9.5,0.173,0.156,NA,0.008,NA,0,0
547,34,19,5.269,4.087,0,7.2,0.179,0.162,NA,0.006,NA,45,45
548,35,1,3.487,2.338,0,24.3,0,0,NA,NA,NA,NA,NA
549,35,2,3.496,2.342,0,19,0.009,0.009,NA,0.009,NA,26.565,NA
550,35,3,3.496,2.342,0,18.6,0.009,0.009,NA,0,NA,0,-26.565
551,35,4,3.5,2.347,0,23.7,0.015,0.015,NA,0.006,NA,45,45
552,35,5,3.504,2.351,0,23.4,0.021,0.021,NA,0.006,NA,45,0
553,35,6,3.508,2.351,0,32.7,0.025,0.024,NA,0.004,NA,0,-45
554,35,7,3.508,2.351,0,32.1,0.025,0.024,NA,0,NA,0,0
555,35,8,3.508,2.351,0,28.1,0.025,0.024,NA,0,NA,0,0
556,35,9,3.516,2.355,0,30.6,0.034,0.033,NA,0.009,NA,26.565,26.565
557,35,10,3.52,2.359,0,27.6,0.04,0.039,NA,0.006,NA,45,18.435
558,35,11,3.52,2.359,0,38.1,0.04,0.039,NA,0,NA,0,-45
559,35,12,3.52,2.359,0,27.6,0.04,0.039,NA,0,NA,0,0
560,35,13,3.52,2.359,0,19.6,0.04,0.039,NA,0,NA,0,0
561,35,14,3.52,2.359,0,26.1,0.04,0.039,NA,0,NA,0,0
562,35,15,3.52,2.359,0,23.8,0.04,0.039,NA,0,NA,0,0
563,35,16,3.52,2.359,0,18.3,0.04,0.039,NA,0,NA,0,0
564,35,17,3.52,2.359,0,29.1,0.04,0.039,NA,0,NA,0,0
565,35,18,3.52,2.359,0,31.8,0.04,0.039,NA,0,NA,0,0
566,35,20,3.537,2.379,0,20.7,0.066,0.064,NA,0.026,NA,51.34,51.34
567,36,1,2.634,0.45,0,4.2,0,0,NA,NA,NA,NA,NA
568,36,2,2.621,0.45,0,7.3,0.012,0.012,NA,0.012,NA,180,NA
569,36,3,2.613,0.45,0,6.1,0.021,0.021,NA,0.008,NA,180,0
570,36,4,2.597,0.45,0,11.5,0.037,0.037,NA,0.016,NA,180,0
571,36,5,2.585,0.446,0,10.5,0.05,0.049,NA,0.013,NA,-161.565,18.435
572,36,6,2.58,0.442,0,8.4,0.056,0.054,NA,0.006,NA,-135,26.565
573,36,7,2.572,0.434,0,17.6,0.067,0.064,NA,0.012,NA,-135,0
574,36,8,2.568,0.434,0,12,0.071,0.068,NA,0.004,NA,180,-45
575,36,9,2.56,0.43,0,16.8,0.081,0.077,NA,0.009,NA,-153.435,26.565
576,36,10,2.556,0.426,0,18.3,0.086,0.082,NA,0.006,NA,-135,18.435
577,36,11,2.544,0.422,0,17.4,0.099,0.095,NA,0.013,NA,-161.565,-26.565
578,36,12,2.544,0.422,0,26.1,0.099,0.095,NA,0,NA,0,161.565
579,36,13,2.535,0.422,0,24,0.108,0.103,NA,0.008,NA,180,180
580,36,14,2.535,0.43,0,20,0.116,0.101,NA,0.008,NA,90,-90
581,36,15,2.527,0.438,0,27.9,0.127,0.107,NA,0.012,NA,135,45
582,36,16,2.527,0.446,0,24.4,0.136,0.107,NA,0.008,NA,90,-45
583,36,17,2.527,0.446,0,19.5,0.136,0.107,NA,0,NA,0,-90
584,36,18,2.527,0.446,0,29,0.136,0.107,NA,0,NA,0,0
585,37,1,2.683,0.376,0,21.2,0,0,NA,NA,NA,NA,NA
586,37,2,2.675,0.364,0,25.5,0.015,0.015,NA,0.015,NA,-123.69,NA
587,37,3,2.667,0.352,0,22.5,0.03,0.03,NA,0.015,NA,-123.69,0
588,37,4,2.658,0.352,0,19.5,0.038,0.035,NA,0.008,NA,180,-56.31
589,37,5,2.638,0.348,0,14.5,0.059,0.054,NA,0.021,NA,-168.69,11.31
590,37,6,2.617,0.34,0,13.5,0.081,0.075,NA,0.022,NA,-158.199,10.491
591,37,7,2.601,0.331,0,17.4,0.099,0.094,NA,0.018,NA,-153.435,4.764
592,37,8,2.589,0.323,0,10.2,0.114,0.108,NA,0.015,NA,-146.31,7.125
593,37,9,2.576,0.311,0,13.2,0.131,0.125,NA,0.017,NA,-135,11.31
594,37,10,2.564,0.294,0,26.1,0.152,0.145,NA,0.021,NA,-126.87,8.13
595,37,11,2.548,0.27,0,21.9,0.182,0.172,NA,0.03,NA,-123.69,3.18
596,37,12,2.544,0.27,0,28.8,0.186,0.176,NA,0.004,NA,180,-56.31
597,37,13,2.544,0.27,0,28.2,0.186,0.176,NA,0,NA,0,-180
598,37,14,2.527,0.262,0,27.6,0.204,0.194,NA,0.018,NA,-153.435,-153.435
599,37,15,2.523,0.262,0,34.9,0.208,0.197,NA,0.004,NA,180,-26.565
600,37,16,2.519,0.253,0,46.4,0.217,0.205,NA,0.009,NA,-116.565,63.435
601,37,17,2.515,0.249,0,31.8,0.223,0.211,NA,0.006,NA,-135,-18.435
602,37,18,2.519,0.237,0,30.9,0.236,0.215,NA,0.013,NA,-71.565,63.435
603,38,1,3.13,2.375,0,36.3,0,0,NA,NA,NA,NA,NA
604,38,2,3.114,2.383,0,46.2,0.018,0.018,NA,0.018,NA,153.435,NA
605,38,3,3.106,2.388,0,50.9,0.028,0.028,NA,0.009,NA,153.435,0
606,38,4,3.093,2.392,0,46.8,0.041,0.04,NA,0.013,NA,161.565,8.13
607,38,5,3.077,2.4,0,40.9,0.059,0.059,NA,0.018,NA,153.435,-8.13
608,38,6,3.057,2.42,0,70.2,0.088,0.087,NA,0.029,NA,135,-18.435
609,38,7,3.036,2.429,0,92.7,0.11,0.108,NA,0.022,NA,158.199,23.199
610,38,8,3.016,2.441,0,33,0.134,0.132,NA,0.024,NA,149.036,-9.162
611,38,9,2.999,2.453,0,64.2,0.154,0.153,NA,0.021,NA,143.13,-5.906
612,38,10,2.999,2.461,0,62.4,0.163,0.157,NA,0.008,NA,90,-53.13
613,38,11,2.991,2.466,0,71.4,0.172,0.166,NA,0.009,NA,153.435,63.435
614,38,12,2.991,2.478,0,48.8,0.184,0.173,NA,0.012,NA,90,-63.435
615,38,13,2.987,2.482,0,53.1,0.19,0.179,NA,0.006,NA,135,45
616,38,14,2.979,2.482,0,60.4,0.198,0.186,NA,0.008,NA,180,45
617,38,15,2.974,2.482,0,47.9,0.202,0.189,NA,0.004,NA,180,0
618,38,16,2.954,2.482,0,46.8,0.223,0.206,NA,0.021,NA,180,0
619,38,17,2.921,2.482,0,81.8,0.256,0.235,NA,0.033,NA,180,0
620,38,18,2.888,2.49,0,24.2,0.289,0.268,NA,0.034,NA,165.964,-14.036
621,39,1,4.723,4.333,0,8.7,0,0,NA,NA,NA,NA,NA
622,39,2,4.727,4.333,0,6.6,0.004,0.004,NA,0.004,NA,0,NA
623,39,3,4.735,4.333,0,3.9,0.012,0.012,NA,0.008,NA,0,0
624,39,4,4.743,4.333,0,4.2,0.021,0.021,NA,0.008,NA,0,0
625,39,5,4.756,4.333,0,8.2,0.033,0.033,NA,0.012,NA,0,0
626,39,6,4.756,4.333,0,8.3,0.033,0.033,NA,0,NA,0,0
627,39,7,4.768,4.337,0,6.8,0.046,0.045,NA,0.013,NA,18.435,18.435
628,39,8,4.772,4.341,0,15.9,0.052,0.05,NA,0.006,NA,45,26.565
629,39,9,4.776,4.345,0,14,0.057,0.055,NA,0.006,NA,45,0
630,39,10,4.78,4.345,0,17.7,0.062,0.059,NA,0.004,NA,0,-45
631,39,11,4.789,4.345,0,16.2,0.07,0.067,NA,0.008,NA,0,0
632,39,12,4.789,4.345,0,21.6,0.07,0.067,NA,0,NA,0,0
633,39,13,4.801,4.349,0,15.9,0.083,0.08,NA,0.013,NA,18.435,18.435
634,39,14,4.801,4.349,0,16.2,0.083,0.08,NA,0,NA,0,-18.435
635,39,15,4.805,4.353,0,23,0.089,0.085,NA,0.006,NA,45,45
636,39,16,4.821,4.37,0,19.5,0.112,0.105,NA,0.023,NA,45,0
637,39,17,4.83,4.37,0,21.6,0.12,0.113,NA,0.008,NA,0,-45
638,39,18,4.838,4.382,0,17.4,0.135,0.125,NA,0.015,NA,56.31,56.31
639,39,19,4.867,4.403,0,26,0.17,0.16,NA,0.035,NA,35.538,-20.772
640,40,1,0.758,3.319,0,7.2,0,0,NA,NA,NA,NA,NA
641,40,2,0.77,3.311,0,7.6,0.015,0.015,NA,0.015,NA,-33.69,NA
642,40,3,0.77,3.299,0,6.9,0.027,0.024,NA,0.012,NA,-90,-56.31
643,40,4,0.77,3.299,0,9.1,0.027,0.024,NA,0,NA,0,90
644,40,5,0.775,3.282,0,8.4,0.044,0.04,NA,0.017,NA,-75.964,-75.964
645,40,6,0.783,3.278,0,13.6,0.053,0.048,NA,0.009,NA,-26.565,49.399
646,40,7,0.799,3.274,0,9.3,0.07,0.061,NA,0.017,NA,-14.036,12.529
647,40,8,0.799,3.266,0,12.9,0.078,0.067,NA,0.008,NA,-90,-75.964
648,40,9,0.807,3.254,0,13.5,0.093,0.082,NA,0.015,NA,-56.31,33.69
649,40,10,0.812,3.254,0,10.8,0.097,0.085,NA,0.004,NA,0,56.31
650,40,11,0.816,3.249,0,15.9,0.103,0.09,NA,0.006,NA,-45,-45
651,40,12,0.828,3.237,0,12.2,0.12,0.108,NA,0.017,NA,-45,0
652,40,13,0.828,3.237,0,13.5,0.12,0.108,NA,0,NA,0,45
653,40,14,0.832,3.233,0,19.6,0.126,0.114,NA,0.006,NA,-45,-45
654,40,15,0.836,3.229,0,11.4,0.132,0.119,NA,0.006,NA,-45,0
655,40,16,0.844,3.221,0,11.5,0.144,0.131,NA,0.012,NA,-45,0
656,40,17,0.844,3.213,0,13.8,0.152,0.137,NA,0.008,NA,-90,-45
657,40,18,0.848,3.204,0,11.4,0.161,0.146,NA,0.009,NA,-63.435,26.565
658,40,21,0.873,3.163,0,12.3,0.209,0.194,NA,0.048,NA,-59.036,4.399
659,41,1,4.169,4.875,0,8.7,0,0,NA,NA,NA,NA,NA
660,41,2,4.189,4.887,0,6.2,0.024,0.024,NA,0.024,NA,30.964,NA
661,41,3,4.198,4.887,0,7.5,0.032,0.031,NA,0.008,NA,0,-30.964
662,41,4,4.202,4.891,0,12,0.038,0.037,NA,0.006,NA,45,45
663,41,5,4.214,4.895,0,10.5,0.051,0.05,NA,0.013,NA,18.435,-26.565
664,41,6,4.23,4.903,0,16.2,0.069,0.068,NA,0.018,NA,26.565,8.13
665,41,7,4.234,4.908,0,12.3,0.075,0.073,NA,0.006,NA,45,18.435
666,41,8,4.255,4.916,0,13.8,0.097,0.095,NA,0.022,NA,21.801,-23.199
667,41,9,4.263,4.916,0,16.1,0.105,0.103,NA,0.008,NA,0,-21.801
668,41,10,4.271,4.92,0,12.3,0.115,0.112,NA,0.009,NA,26.565,26.565
669,41,11,4.288,4.928,0,20.1,0.133,0.13,NA,0.018,NA,26.565,0
670,41,12,4.296,4.928,0,10.8,0.141,0.138,NA,0.008,NA,0,-26.565
671,41,13,4.296,4.932,0,13.8,0.145,0.14,NA,0.004,NA,90,90
672,41,14,4.317,4.94,0,12.9,0.167,0.162,NA,0.022,NA,21.801,-68.199
673,41,15,4.321,4.944,0,12,0.173,0.167,NA,0.006,NA,45,23.199
674,41,16,4.333,4.949,0,10.8,0.186,0.18,NA,0.013,NA,18.435,-26.565
675,41,17,4.337,4.949,0,17.4,0.19,0.184,NA,0.004,NA,0,-18.435
676,41,18,4.349,4.957,0,17.7,0.205,0.198,NA,0.015,NA,33.69,33.69
677,41,19,4.378,4.969,0,10.9,0.236,0.23,NA,0.031,NA,23.199,-10.491
678,42,1,4.546,5.166,0,7.8,0,0,NA,NA,NA,NA,NA
679,42,2,4.53,5.158,0,10.7,0.018,0.018,NA,0.018,NA,-153.435,NA
680,42,3,4.526,5.158,0,6.9,0.022,0.022,NA,0.004,NA,180,-26.565
681,42,4,4.518,5.146,0,6.6,0.037,0.035,NA,0.015,NA,-123.69,56.31
682,42,5,4.514,5.137,0,9.9,0.046,0.044,NA,0.009,NA,-116.565,7.125
683,42,6,4.514,5.125,0,10,0.059,0.053,NA,0.012,NA,-90,26.565
684,42,7,4.514,5.117,0,6.3,0.067,0.059,NA,0.008,NA,-90,0
685,42,8,4.514,5.117,0,7.2,0.067,0.059,NA,0,NA,0,90
686,42,9,4.505,5.113,0,8.3,0.076,0.067,NA,0.009,NA,-153.435,-153.435
687,42,10,4.505,5.113,0,6,0.076,0.067,NA,0,NA,0,153.435
688,42,11,4.497,5.1,0,13.1,0.091,0.082,NA,0.015,NA,-123.69,-123.69
689,42,12,4.497,5.1,0,8.3,0.091,0.082,NA,0,NA,0,123.69
690,42,13,4.497,5.1,0,6.6,0.091,0.082,NA,0,NA,0,0
691,42,14,4.493,5.1,0,10.2,0.095,0.085,NA,0.004,NA,180,180
692,42,15,4.493,5.1,0,9.3,0.095,0.085,NA,0,NA,0,-180
693,42,16,4.493,5.1,0,7.2,0.095,0.085,NA,0,NA,0,0
694,42,17,4.481,5.092,0,8.4,0.11,0.099,NA,0.015,NA,-146.31,-146.31
695,42,18,4.481,5.092,0,6.6,0.11,0.099,NA,0,NA,0,146.31
696,42,19,4.468,5.084,0,3.9,0.125,0.113,NA,0.015,NA,-146.31,-146.31
697,43,1,2.97,1.082,0,41.8,0,0,NA,NA,NA,NA,NA
698,43,2,2.958,1.095,0,38,0.017,0.017,NA,0.017,NA,135,NA
699,43,3,2.958,1.095,0,52.7,0.017,0.017,NA,0,NA,0,-135
700,43,4,2.933,1.107,0,33.2,0.045,0.044,NA,0.028,NA,153.435,153.435
701,43,5,2.938,1.115,0,29.7,0.054,0.046,NA,0.009,NA,63.435,-90
702,43,6,2.938,1.115,0,40.9,0.054,0.046,NA,0,NA,0,-63.435
703,43,7,2.938,1.115,0,46.2,0.054,0.046,NA,0,NA,0,0
704,43,8,2.933,1.128,0,46.8,0.067,0.058,NA,0.013,NA,108.435,108.435
705,43,9,2.921,1.128,0,40.9,0.079,0.067,NA,0.012,NA,180,71.565
706,43,10,2.917,1.132,0,47.7,0.085,0.073,NA,0.006,NA,135,-45
707,43,11,2.921,1.144,0,60.8,0.098,0.079,NA,0.013,NA,71.565,-63.435
708,43,12,2.921,1.148,0,53.9,0.102,0.082,NA,0.004,NA,90,18.435
709,43,13,2.921,1.148,0,45.9,0.102,0.082,NA,0,NA,0,-90
710,43,14,2.921,1.148,0,33.3,0.102,0.082,NA,0,NA,0,0
711,43,15,2.917,1.169,0,60.5,0.123,0.101,NA,0.021,NA,101.31,101.31
712,43,16,2.905,1.185,0,42.8,0.144,0.122,NA,0.021,NA,126.87,25.56
713,43,17,2.905,1.193,0,38.1,0.152,0.129,NA,0.008,NA,90,-36.87
714,43,18,2.901,1.222,0,39.8,0.181,0.156,NA,0.029,NA,98.13,8.13
715,44,1,3.41,5.338,0,7.5,0,0,NA,NA,NA,NA,NA
716,44,2,3.405,5.306,0,9.3,0.033,0.033,NA,0.033,NA,-97.125,NA
717,44,3,3.414,5.277,0,6.6,0.063,0.062,NA,0.03,NA,-74.055,23.07
718,44,4,3.414,5.256,0,5.7,0.083,0.082,NA,0.021,NA,-90,-15.945
719,44,5,3.414,5.244,0,8.4,0.096,0.094,NA,0.012,NA,-90,0
720,44,6,3.414,5.219,0,8.5,0.12,0.119,NA,0.025,NA,-90,0
721,44,7,3.414,5.211,0,8.1,0.129,0.127,NA,0.008,NA,-90,0
722,44,8,3.405,5.195,0,6.3,0.147,0.144,NA,0.018,NA,-116.565,-26.565
723,44,9,3.401,5.187,0,7.6,0.156,0.152,NA,0.009,NA,-116.565,0
724,44,10,3.401,5.187,0,9.3,0.156,0.152,NA,0,NA,0,116.565
725,44,11,3.385,5.17,0,6.3,0.179,0.17,NA,0.023,NA,-135,-135
726,44,12,3.385,5.158,0,12.9,0.192,0.182,NA,0.012,NA,-90,45
727,44,13,3.385,5.158,0,11.1,0.192,0.182,NA,0,NA,0,90
728,44,14,3.364,5.141,0,13.5,0.218,0.202,NA,0.026,NA,-141.34,-141.34
729,44,15,3.364,5.141,0,14.8,0.218,0.202,NA,0,NA,0,141.34
730,44,16,3.352,5.129,0,13.8,0.235,0.217,NA,0.017,NA,-135,-135
731,44,17,3.352,5.129,0,11.4,0.235,0.217,NA,0,NA,0,135
732,44,18,3.348,5.117,0,15.4,0.248,0.23,NA,0.013,NA,-108.435,-108.435
733,45,1,3.02,5.24,0,14.2,0,0,NA,NA,NA,NA,NA
734,45,2,3.032,5.236,0,10.2,0.013,0.013,NA,0.013,NA,-18.435,NA
735,45,3,3.032,5.236,0,7.1,0.013,0.013,NA,0,NA,0,18.435
736,45,4,3.048,5.236,0,14.1,0.029,0.029,NA,0.016,NA,0,0
737,45,5,3.065,5.232,0,8.1,0.046,0.046,NA,0.017,NA,-14.036,-14.036
738,45,6,3.077,5.232,0,11.7,0.059,0.058,NA,0.012,NA,0,14.036
739,45,7,3.093,5.219,0,13.5,0.079,0.077,NA,0.021,NA,-36.87,-36.87
740,45,8,3.093,5.219,0,16.4,0.079,0.077,NA,0,NA,0,36.87
741,45,9,3.106,5.211,0,23.5,0.094,0.091,NA,0.015,NA,-33.69,-33.69
742,45,10,3.106,5.211,0,17.2,0.094,0.091,NA,0,NA,0,33.69
743,45,11,3.11,5.199,0,16.2,0.107,0.099,NA,0.013,NA,-71.565,-71.565
744,45,12,3.11,5.199,0,17.8,0.107,0.099,NA,0,NA,0,71.565
745,45,13,3.11,5.199,0,16,0.107,0.099,NA,0,NA,0,0
746,45,14,3.118,5.203,0,16,0.116,0.105,NA,0.009,NA,26.565,26.565
747,45,15,3.13,5.203,0,17.8,0.128,0.117,NA,0.012,NA,0,-26.565
748,45,16,3.13,5.203,0,16.3,0.128,0.117,NA,0,NA,0,0
749,45,17,3.143,5.199,0,16.3,0.141,0.13,NA,0.013,NA,-18.435,-18.435
750,45,18,3.151,5.199,0,14.4,0.15,0.138,NA,0.008,NA,0,18.435
751,45,19,3.163,5.199,0,11.2,0.162,0.149,NA,0.012,NA,0,0
752,46,1,2.305,4.854,0,10.9,0,0,NA,NA,NA,NA,NA
753,46,2,2.305,4.85,0,13.5,0.004,0.004,NA,0.004,NA,-90,NA
754,46,3,2.305,4.85,0,13.1,0.004,0.004,NA,0,NA,0,90
755,46,4,2.318,4.834,0,12,0.025,0.024,NA,0.021,NA,-53.13,-53.13
756,46,5,2.318,4.834,0,12.6,0.025,0.024,NA,0,NA,0,53.13
757,46,6,2.326,4.821,0,17.1,0.039,0.039,NA,0.015,NA,-56.31,-56.31
758,46,7,2.326,4.821,0,20,0.039,0.039,NA,0,NA,0,56.31
759,46,8,2.326,4.821,0,19.4,0.039,0.039,NA,0,NA,0,0
760,46,9,2.326,4.821,0,13.2,0.039,0.039,NA,0,NA,0,0
761,46,10,2.326,4.817,0,13.8,0.044,0.042,NA,0.004,NA,-90,-90
762,46,11,2.326,4.817,0,16.8,0.044,0.042,NA,0,NA,0,90
763,46,12,2.326,4.817,0,15.3,0.044,0.042,NA,0,NA,0,0
764,46,13,2.326,4.817,0,13.2,0.044,0.042,NA,0,NA,0,0
765,46,14,2.326,4.809,0,14.4,0.052,0.05,NA,0.008,NA,-90,-90
766,46,15,2.322,4.805,0,12.4,0.058,0.052,NA,0.006,NA,-135,-45
767,46,16,2.322,4.793,0,15.3,0.07,0.064,NA,0.012,NA,-90,45
768,46,17,2.334,4.772,0,12.9,0.094,0.087,NA,0.024,NA,-59.036,30.964
769,46,18,2.334,4.764,0,10.2,0.102,0.095,NA,0.008,NA,-90,-30.964
770,47,1,2.654,4.957,0,10.8,0,0,NA,NA,NA,NA,NA
771,47,2,2.642,4.949,0,12.3,0.015,0.015,NA,0.015,NA,-146.31,NA
772,47,3,2.63,4.944,0,12.2,0.028,0.028,NA,0.013,NA,-161.565,-15.255
773,47,4,2.626,4.932,0,17,0.041,0.038,NA,0.013,NA,-108.435,53.13
774,47,5,2.626,4.924,0,12.7,0.049,0.044,NA,0.008,NA,-90,18.435
775,47,6,2.63,4.92,0,8.1,0.055,0.044,NA,0.006,NA,-45,45
776,47,7,2.63,4.912,0,13,0.063,0.051,NA,0.008,NA,-90,-45
777,47,8,2.63,4.903,0,16.8,0.071,0.059,NA,0.008,NA,-90,0
778,47,9,2.63,4.903,0,30.3,0.071,0.059,NA,0,NA,0,90
779,47,10,2.621,4.903,0,15,0.079,0.063,NA,0.008,NA,180,180
780,47,11,2.621,4.895,0,19.2,0.088,0.07,NA,0.008,NA,-90,90
781,47,12,2.621,4.895,0,37.2,0.088,0.07,NA,0,NA,0,90
782,47,13,2.613,4.891,0,18,0.097,0.077,NA,0.009,NA,-153.435,-153.435
783,47,14,2.609,4.891,0,16.9,0.101,0.08,NA,0.004,NA,180,-26.565
784,47,15,2.621,4.883,0,19.4,0.116,0.081,NA,0.015,NA,-33.69,146.31
785,47,16,2.617,4.867,0,12.9,0.133,0.098,NA,0.017,NA,-104.036,-70.346
786,47,17,2.593,4.867,0,9.3,0.157,0.109,NA,0.025,NA,180,-75.964
787,47,18,2.589,4.858,0,12,0.166,0.118,NA,0.009,NA,-116.565,63.435
788,47,21,2.568,4.797,0,28,0.231,0.182,NA,0.065,NA,-108.435,8.13
789,48,1,3.332,1.103,0,28.5,0,0,NA,NA,NA,NA,NA
790,48,2,3.311,1.107,0,21.8,0.021,0.021,NA,0.021,NA,168.69,NA
791,48,3,3.311,1.107,0,36.5,0.021,0.021,NA,0,NA,0,-168.69
792,48,4,3.303,1.119,0,26.8,0.036,0.033,NA,0.015,NA,123.69,123.69
793,48,5,3.303,1.128,0,24.3,0.044,0.038,NA,0.008,NA,90,-33.69
794,48,6,3.286,1.136,0,25.5,0.062,0.056,NA,0.018,NA,153.435,63.435
795,48,7,3.274,1.14,0,32.2,0.075,0.068,NA,0.013,NA,161.565,8.13
796,48,8,3.266,1.144,0,28.2,0.084,0.077,NA,0.009,NA,153.435,-8.13
797,48,9,3.249,1.144,0,29.1,0.101,0.092,NA,0.016,NA,180,26.565
798,48,10,3.249,1.144,0,30.6,0.101,0.092,NA,0,NA,0,-180
799,48,11,3.249,1.152,0,32.1,0.109,0.096,NA,0.008,NA,90,90
800,48,12,3.237,1.16,0,28.2,0.124,0.111,NA,0.015,NA,146.31,56.31
801,48,13,3.237,1.16,0,26.1,0.124,0.111,NA,0,NA,0,-146.31
802,48,14,3.237,1.169,0,34.2,0.132,0.115,NA,0.008,NA,90,90
803,48,15,3.237,1.173,0,31.6,0.136,0.117,NA,0.004,NA,90,0
804,48,16,3.233,1.185,0,27.5,0.149,0.128,NA,0.013,NA,108.435,18.435
805,48,17,3.229,1.193,0,24.3,0.158,0.137,NA,0.009,NA,116.565,8.13
806,48,18,3.229,1.201,0,20.7,0.167,0.142,NA,0.008,NA,90,-26.565
807,48,19,3.225,1.21,0,14.4,0.176,0.151,NA,0.009,NA,116.565,26.565
808,49,1,3.467,0.372,0,14,0,0,NA,NA,NA,NA,NA
809,49,2,3.451,0.364,0,12.2,0.018,0.018,NA,0.018,NA,-153.435,NA
810,49,3,3.438,0.364,0,10.2,0.031,0.03,NA,0.012,NA,180,-26.565
811,49,4,3.422,0.364,0,11.4,0.047,0.046,NA,0.016,NA,180,0
812,49,5,3.401,0.36,0,19.4,0.068,0.067,NA,0.021,NA,-168.69,11.31
813,49,6,3.389,0.352,0,14.1,0.083,0.081,NA,0.015,NA,-146.31,22.38
814,49,7,3.373,0.344,0,15.1,0.101,0.099,NA,0.018,NA,-153.435,-7.125
815,49,8,3.373,0.344,0,22.8,0.101,0.099,NA,0,NA,0,153.435
816,49,9,3.364,0.34,0,12.1,0.11,0.108,NA,0.009,NA,-153.435,-153.435
817,49,10,3.356,0.331,0,12.9,0.122,0.118,NA,0.012,NA,-135,18.435
818,49,11,3.348,0.327,0,12.6,0.131,0.127,NA,0.009,NA,-153.435,-18.435
819,49,12,3.332,0.323,0,14.5,0.148,0.144,NA,0.017,NA,-165.964,-12.529
820,49,13,3.332,0.323,0,12.3,0.148,0.144,NA,0,NA,0,165.964
821,49,14,3.332,0.323,0,16.4,0.148,0.144,NA,0,NA,0,0
822,49,15,3.332,0.323,0,10.8,0.148,0.144,NA,0,NA,0,0
823,49,16,3.332,0.323,0,11.7,0.148,0.144,NA,0,NA,0,0
824,49,17,3.315,0.311,0,15.3,0.169,0.164,NA,0.021,NA,-143.13,-143.13
825,49,18,3.315,0.311,0,9.9,0.169,0.164,NA,0,NA,0,143.13
826,49,19,3.315,0.311,0,8.2,0.169,0.164,NA,0,NA,0,0
827,50,1,5.129,4.764,0,11.6,0,0,NA,NA,NA,NA,NA
828,50,2,5.141,4.764,0,6.9,0.012,0.012,NA,0.012,NA,0,NA
829,50,3,5.15,4.764,0,3.9,0.021,0.021,NA,0.008,NA,0,0
830,50,4,5.15,4.768,0,5.1,0.025,0.021,NA,0.004,NA,90,90
831,50,5,5.166,4.776,0,8.4,0.043,0.039,NA,0.018,NA,26.565,-63.435
832,50,6,5.178,4.776,0,6.9,0.055,0.051,NA,0.012,NA,0,-26.565
833,50,7,5.195,4.776,0,13.2,0.072,0.067,NA,0.016,NA,0,0
834,50,8,5.211,4.776,0,16.6,0.088,0.083,NA,0.016,NA,0,0
835,50,9,5.219,4.78,0,15.3,0.097,0.092,NA,0.009,NA,26.565,26.565
836,50,10,5.228,4.78,0,15.7,0.106,0.1,NA,0.008,NA,0,-26.565
837,50,11,5.236,4.78,0,11.7,0.114,0.108,NA,0.008,NA,0,0
838,50,12,5.244,4.78,0,15.3,0.122,0.116,NA,0.008,NA,0,0
839,50,13,5.252,4.793,0,12.3,0.137,0.126,NA,0.015,NA,56.31,56.31
840,50,14,5.256,4.797,0,9,0.143,0.131,NA,0.006,NA,45,-11.31
841,50,15,5.261,4.805,0,8.6,0.152,0.138,NA,0.009,NA,63.435,18.435
842,50,16,5.261,4.805,0,13.3,0.152,0.138,NA,0,NA,0,-63.435
843,50,17,5.277,4.817,0,10.2,0.172,0.157,NA,0.021,NA,36.87,36.87
844,50,18,5.293,4.817,0,9,0.189,0.173,NA,0.016,NA,0,-36.87
845,51,1,3.368,0.647,0,34,0,0,NA,NA,NA,NA,NA
846,51,2,3.352,0.647,0,16.4,0.016,0.016,NA,0.016,NA,180,NA
847,51,3,3.319,0.639,0,23.3,0.05,0.05,NA,0.034,NA,-165.964,14.036
848,51,4,3.315,0.639,0,36.3,0.054,0.054,NA,0.004,NA,180,-14.036
849,51,5,3.311,0.639,0,40.5,0.058,0.058,NA,0.004,NA,180,0
850,51,6,3.295,0.639,0,37.8,0.075,0.074,NA,0.016,NA,180,0
851,51,7,3.29,0.639,0,36.5,0.079,0.078,NA,0.004,NA,180,0
852,51,8,3.286,0.643,0,37.9,0.085,0.082,NA,0.006,NA,135,-45
853,51,9,3.282,0.643,0,36.2,0.089,0.086,NA,0.004,NA,180,45
854,51,10,3.262,0.635,0,33.9,0.111,0.107,NA,0.022,NA,-158.199,21.801
855,51,11,3.258,0.631,0,52.2,0.117,0.112,NA,0.006,NA,-135,23.199
856,51,12,3.254,0.627,0,30.8,0.123,0.117,NA,0.006,NA,-135,0
857,51,13,3.254,0.627,0,27,0.123,0.117,NA,0,NA,0,135
858,51,14,3.245,0.627,0,36.3,0.131,0.125,NA,0.008,NA,180,180
859,51,15,3.237,0.623,0,36.9,0.14,0.134,NA,0.009,NA,-153.435,26.565
860,51,16,3.229,0.619,0,21,0.149,0.142,NA,0.009,NA,-153.435,0
861,51,17,3.241,0.602,0,25.8,0.17,0.135,NA,0.021,NA,-53.13,100.305
862,51,18,3.237,0.594,0,21.8,0.179,0.142,NA,0.009,NA,-116.565,-63.435
863,52,1,4.349,1.378,0,22.7,0,0,NA,NA,NA,NA,NA
864,52,2,4.341,1.382,0,22.8,0.009,0.009,NA,0.009,NA,153.435,NA
865,52,3,4.325,1.39,0,46.8,0.028,0.028,NA,0.018,NA,153.435,0
866,52,4,4.325,1.39,0,73.5,0.028,0.028,NA,0,NA,0,-153.435
867,52,5,4.325,1.394,0,43.5,0.032,0.03,NA,0.004,NA,90,90
868,52,6,4.325,1.394,0,42.3,0.032,0.03,NA,0,NA,0,-90
869,52,7,4.325,1.394,0,45.3,0.032,0.03,NA,0,NA,0,0
870,52,8,4.321,1.39,0,52.2,0.037,0.031,NA,0.006,NA,-135,-135
871,52,9,4.321,1.39,0,43.2,0.037,0.031,NA,0,NA,0,135
872,52,10,4.308,1.39,0,46.2,0.05,0.043,NA,0.012,NA,180,180
873,52,11,4.308,1.39,0,44.1,0.05,0.043,NA,0,NA,0,-180
874,52,12,4.296,1.398,0,47.1,0.065,0.057,NA,0.015,NA,146.31,146.31
875,52,13,4.292,1.407,0,47.4,0.074,0.064,NA,0.009,NA,116.565,-29.745
876,52,14,4.292,1.411,0,39.9,0.078,0.066,NA,0.004,NA,90,-26.565
877,52,15,4.292,1.415,0,41.1,0.082,0.068,NA,0.004,NA,90,0
878,52,16,4.288,1.419,0,39.9,0.088,0.074,NA,0.006,NA,135,45
879,52,17,4.288,1.423,0,33.6,0.092,0.076,NA,0.004,NA,90,-45
880,52,18,4.288,1.427,0,44.4,0.096,0.079,NA,0.004,NA,90,0
881,52,19,4.284,1.439,0,44.4,0.109,0.09,NA,0.013,NA,108.435,18.435
882,53,1,2.092,1.854,0,10.2,0,0,NA,NA,NA,NA,NA
883,53,2,2.076,1.846,0,7.8,0.018,0.018,NA,0.018,NA,-153.435,NA
884,53,3,2.072,1.846,0,14.3,0.022,0.022,NA,0.004,NA,180,-26.565
885,53,4,2.059,1.842,0,13.2,0.035,0.035,NA,0.013,NA,-161.565,18.435
886,53,5,2.047,1.838,0,16.2,0.048,0.048,NA,0.013,NA,-161.565,0
887,53,6,2.035,1.829,0,22,0.063,0.063,NA,0.015,NA,-146.31,15.255
888,53,7,2.022,1.813,0,23.1,0.084,0.081,NA,0.021,NA,-126.87,19.44
889,53,8,2.018,1.809,0,29.9,0.09,0.087,NA,0.006,NA,-135,-8.13
890,53,9,2.006,1.801,0,30.8,0.104,0.101,NA,0.015,NA,-146.31,-11.31
891,53,10,1.989,1.788,0,35.3,0.125,0.122,NA,0.021,NA,-143.13,3.18
892,53,11,1.985,1.78,0,29.7,0.134,0.13,NA,0.009,NA,-116.565,26.565
893,53,12,1.977,1.784,0,5.5,0.143,0.134,NA,0.009,NA,153.435,-90
894,53,13,1.953,1.78,0,34.5,0.168,0.158,NA,0.025,NA,-170.538,36.027
895,53,14,1.953,1.78,0,18.6,0.168,0.158,NA,0,NA,0,170.538
896,53,15,1.953,1.78,0,16.3,0.168,0.158,NA,0,NA,0,0
897,53,16,1.94,1.78,0,55.9,0.18,0.169,NA,0.012,NA,180,180
898,53,17,1.928,1.78,0,54,0.193,0.18,NA,0.012,NA,180,0
899,53,18,1.916,1.784,0,53.7,0.206,0.19,NA,0.013,NA,161.565,-18.435
900,53,20,1.875,1.821,0,41.1,0.261,0.22,NA,0.055,NA,138.013,-23.552
901,54,1,4.509,2.084,0,37.1,0,0,NA,NA,NA,NA,NA
902,54,2,4.509,2.055,0,30.3,0.029,0.029,NA,0.029,NA,-90,NA
903,54,3,4.481,2.035,0,24.6,0.064,0.057,NA,0.035,NA,-144.462,-54.462
904,54,4,4.456,2.03,0,22.5,0.089,0.075,NA,0.025,NA,-170.538,-26.075
905,54,5,4.436,2.035,0,20.2,0.11,0.089,NA,0.021,NA,168.69,-20.772
906,54,6,4.436,2.035,0,21,0.11,0.089,NA,0,NA,0,-168.69
907,54,7,4.419,2.047,0,27.9,0.13,0.098,NA,0.021,NA,143.13,143.13
908,54,8,4.415,2.051,0,18.2,0.136,0.1,NA,0.006,NA,135,-8.13
909,54,9,4.403,2.063,0,24.9,0.154,0.109,NA,0.017,NA,135,0
910,54,10,4.403,2.067,0,25.2,0.158,0.108,NA,0.004,NA,90,-45
911,54,11,4.39,2.067,0,25.4,0.17,0.12,NA,0.012,NA,180,90
912,54,12,4.386,2.067,0,18,0.174,0.124,NA,0.004,NA,180,0
913,54,13,4.374,2.092,0,21,0.202,0.136,NA,0.028,NA,116.565,-63.435
914,54,14,4.362,2.104,0,20.4,0.219,0.149,NA,0.017,NA,135,18.435
915,54,15,4.353,2.108,0,19.8,0.228,0.158,NA,0.009,NA,153.435,18.435
916,54,16,4.325,2.129,0,10.5,0.264,0.19,NA,0.035,NA,144.462,-8.973
917,54,17,4.321,2.133,0,12.3,0.269,0.195,NA,0.006,NA,135,-9.462
918,54,18,4.317,2.145,0,22.8,0.282,0.202,NA,0.013,NA,108.435,-26.565
919,54,20,4.292,2.211,0,18.6,0.353,0.252,NA,0.07,NA,110.556,2.121
920,55,1,3.693,1.427,0,62.7,0,0,NA,NA,NA,NA,NA
921,55,2,3.684,1.444,0,78.9,0.018,0.018,NA,0.018,NA,116.565,NA
922,55,3,3.684,1.444,0,65.1,0.018,0.018,NA,0,NA,0,-116.565
923,55,4,3.684,1.46,0,62.1,0.035,0.034,NA,0.016,NA,90,90
924,55,5,3.68,1.464,0,58.2,0.041,0.039,NA,0.006,NA,135,45
925,55,6,3.672,1.472,0,54.3,0.052,0.05,NA,0.012,NA,135,0
926,55,7,3.672,1.472,0,59.1,0.052,0.05,NA,0,NA,0,-135
927,55,8,3.672,1.481,0,53.4,0.06,0.057,NA,0.008,NA,90,90
928,55,9,3.664,1.493,0,45.6,0.075,0.072,NA,0.015,NA,123.69,33.69
929,55,10,3.664,1.505,0,39,0.088,0.083,NA,0.012,NA,90,-33.69
930,55,11,3.664,1.505,0,36.9,0.088,0.083,NA,0,NA,0,-90
931,55,12,3.664,1.509,0,45.9,0.092,0.087,NA,0.004,NA,90,90
932,55,13,3.664,1.517,0,47.4,0.1,0.095,NA,0.008,NA,90,0
933,55,14,3.664,1.522,0,39.9,0.104,0.099,NA,0.004,NA,90,0
934,55,15,3.664,1.522,0,35.4,0.104,0.099,NA,0,NA,0,-90
935,55,16,3.66,1.522,0,42,0.108,0.1,NA,0.004,NA,180,180
936,55,17,3.66,1.53,0,41.4,0.116,0.108,NA,0.008,NA,90,-90
937,55,18,3.668,1.538,0,44.4,0.128,0.114,NA,0.012,NA,45,-45
938,55,20,3.68,1.559,0,48.9,0.152,0.132,NA,0.024,NA,59.036,14.036
939,56,1,4.875,3.742,0,24,0,0,NA,NA,NA,NA,NA
940,56,2,4.85,3.775,0,25.5,0.041,0.041,NA,0.041,NA,126.87,NA
941,56,3,4.83,3.795,0,31.1,0.07,0.07,NA,0.029,NA,135,8.13
942,56,4,4.821,3.812,0,21.6,0.088,0.088,NA,0.018,NA,116.565,-18.435
943,56,5,4.813,3.824,0,15.6,0.103,0.103,NA,0.015,NA,123.69,7.125
944,56,6,4.809,3.828,0,16.5,0.109,0.108,NA,0.006,NA,135,11.31
945,56,7,4.797,3.836,0,17.4,0.124,0.122,NA,0.015,NA,146.31,11.31
946,56,8,4.789,3.857,0,28.7,0.146,0.144,NA,0.022,NA,111.801,-34.509
947,56,9,4.764,3.861,0,23.7,0.171,0.163,NA,0.025,NA,170.538,58.736
948,56,10,4.756,3.873,0,24,0.186,0.177,NA,0.015,NA,123.69,-46.848
949,56,11,4.743,3.886,0,21.6,0.203,0.195,NA,0.017,NA,135,11.31
950,56,12,4.731,3.89,0,22.8,0.216,0.206,NA,0.013,NA,161.565,26.565
951,56,13,4.694,3.898,0,24.9,0.254,0.239,NA,0.038,NA,167.471,5.906
952,56,14,4.694,3.906,0,5.4,0.262,0.244,NA,0.008,NA,90,-77.471
953,56,15,4.686,3.91,0,33,0.271,0.253,NA,0.009,NA,153.435,63.435
954,56,16,4.686,3.914,0,36.4,0.275,0.256,NA,0.004,NA,90,-63.435
955,56,17,4.686,3.927,0,38.2,0.288,0.264,NA,0.012,NA,90,0
956,56,18,4.694,3.947,0,45.6,0.31,0.273,NA,0.022,NA,68.199,-21.801
957,57,1,0.807,2.72,0,10.6,0,0,NA,NA,NA,NA,NA
958,57,2,0.812,2.724,0,6.9,0.006,0.006,NA,0.006,NA,45,NA
959,57,3,0.812,2.724,0,8.8,0.006,0.006,NA,0,NA,0,-45
960,57,4,0.824,2.749,0,14.5,0.033,0.033,NA,0.028,NA,63.435,63.435
961,57,5,0.824,2.749,0,15,0.033,0.033,NA,0,NA,0,-63.435
962,57,6,0.84,2.765,0,12,0.057,0.056,NA,0.023,NA,45,45
963,57,7,0.848,2.782,0,14.1,0.075,0.074,NA,0.018,NA,63.435,18.435
964,57,8,0.848,2.782,0,15.6,0.075,0.074,NA,0,NA,0,-63.435
965,57,9,0.857,2.786,0,16,0.084,0.082,NA,0.009,NA,26.565,26.565
966,57,10,0.857,2.786,0,12.3,0.084,0.082,NA,0,NA,0,-26.565
967,57,11,0.857,2.786,0,20.1,0.084,0.082,NA,0,NA,0,0
968,57,12,0.857,2.802,0,14.1,0.101,0.096,NA,0.016,NA,90,90
969,57,13,0.861,2.814,0,20.4,0.113,0.108,NA,0.013,NA,71.565,-18.435
970,57,14,0.861,2.819,0,22.6,0.118,0.112,NA,0.004,NA,90,18.435
971,57,15,0.861,2.835,0,15.9,0.134,0.127,NA,0.016,NA,90,0
972,57,16,0.865,2.839,0,16.8,0.14,0.132,NA,0.006,NA,45,-45
973,57,17,0.865,2.851,0,22.8,0.152,0.143,NA,0.012,NA,90,45
974,57,18,0.865,2.855,0,19.2,0.156,0.147,NA,0.004,NA,90,0
975,57,19,0.861,2.864,0,12.9,0.165,0.153,NA,0.009,NA,116.565,26.565
976,58,1,3.122,2.03,0,18.9,0,0,NA,NA,NA,NA,NA
977,58,2,3.114,2.059,0,38.5,0.03,0.03,NA,0.03,NA,105.945,NA
978,58,3,3.089,2.067,0,51.6,0.056,0.049,NA,0.026,NA,161.565,55.62
979,58,4,3.093,2.092,0,47.8,0.081,0.068,NA,0.025,NA,80.538,-81.027
980,58,5,3.089,2.137,0,34.2,0.126,0.112,NA,0.045,NA,95.194,14.657
981,58,6,3.052,2.162,0,81,0.171,0.149,NA,0.044,NA,146.31,51.116
982,58,7,3.048,2.17,0,51.8,0.18,0.158,NA,0.009,NA,116.565,-29.745
983,58,10,3.02,2.215,0,38.7,0.233,0.211,NA,0.054,NA,122.471,5.906
984,59,1,4.682,1.054,0,26.4,0,0,NA,NA,NA,NA,NA
985,59,2,4.665,1.045,0,19.7,0.018,0.018,NA,0.018,NA,-153.435,NA
986,59,3,4.665,1.045,0,18.9,0.018,0.018,NA,0,NA,0,153.435
987,59,4,4.665,1.045,0,21.9,0.018,0.018,NA,0,NA,0,0
988,59,5,4.657,1.041,0,24.7,0.028,0.028,NA,0.009,NA,-153.435,-153.435
989,59,6,4.645,1.045,0,21.3,0.041,0.038,NA,0.013,NA,161.565,-45
990,59,7,4.645,1.045,0,14.7,0.041,0.038,NA,0,NA,0,-161.565
991,59,8,4.637,1.045,0,21,0.049,0.046,NA,0.008,NA,180,180
992,59,9,4.624,1.041,0,19.2,0.062,0.059,NA,0.013,NA,-161.565,18.435
993,59,10,4.604,1.041,0,22.5,0.082,0.079,NA,0.021,NA,180,-18.435
994,59,11,4.6,1.037,0,21.3,0.088,0.084,NA,0.006,NA,-135,45
995,59,12,4.592,1.033,0,22.5,0.097,0.093,NA,0.009,NA,-153.435,-18.435
996,59,13,4.575,1.054,0,20.4,0.123,0.107,NA,0.026,NA,128.66,-77.905
997,59,14,4.571,1.062,0,25.9,0.133,0.111,NA,0.009,NA,116.565,-12.095
998,59,15,4.563,1.078,0,30.1,0.151,0.122,NA,0.018,NA,116.565,0
999,59,16,4.563,1.078,0,25.2,0.151,0.122,NA,0,NA,0,-116.565
1000,59,17,4.538,1.05,0,14.1,0.189,0.144,NA,0.038,NA,-130.601,-130.601
1001,59,18,4.53,1.009,0,19.8,0.231,0.158,NA,0.042,NA,-101.31,29.291
1002,59,20,4.468,0.967,0,26.4,0.305,0.23,NA,0.074,NA,-146.31,-45
1003,60,1,1.066,0.939,0,21,0,0,NA,NA,NA,NA,NA
1004,60,2,1.041,0.939,0,20.1,0.025,0.025,NA,0.025,NA,180,NA
1005,60,3,1.017,0.947,0,23.1,0.051,0.05,NA,0.026,NA,161.565,-18.435
1006,60,4,0.992,0.955,0,18.9,0.077,0.076,NA,0.026,NA,161.565,0
1007,60,5,0.967,0.955,0,20.4,0.101,0.1,NA,0.025,NA,180,18.435
1008,60,6,0.939,0.955,0,18.9,0.13,0.128,NA,0.029,NA,180,0
1009,60,7,0.939,0.955,0,30,0.13,0.128,NA,0,NA,0,-180
1010,60,8,0.922,0.959,0,29.4,0.147,0.145,NA,0.017,NA,165.964,165.964
1011,60,9,0.922,0.959,0,20.5,0.147,0.145,NA,0,NA,0,-165.964
1012,60,10,0.914,0.959,0,19.5,0.155,0.153,NA,0.008,NA,180,180
1013,60,11,0.902,0.959,0,22.4,0.167,0.165,NA,0.012,NA,180,0
1014,60,12,0.898,0.959,0,18,0.171,0.17,NA,0.004,NA,180,0
1015,60,13,0.885,0.955,0,16.2,0.184,0.181,NA,0.013,NA,-161.565,18.435
1016,60,14,0.877,0.955,0,21.1,0.193,0.19,NA,0.008,NA,180,-18.435
1017,60,15,0.865,0.955,0,22.7,0.205,0.202,NA,0.012,NA,180,0
1018,60,16,0.853,0.943,0,15.9,0.222,0.213,NA,0.017,NA,-135,45
1019,60,17,0.836,0.935,0,19.3,0.241,0.23,NA,0.018,NA,-153.435,-18.435
1020,60,18,0.812,0.922,0,31.6,0.268,0.255,NA,0.028,NA,-153.435,0
1021,61,1,2.474,0.935,0,31.5,0,0,NA,NA,NA,NA,NA
1022,61,2,2.466,0.947,0,23.1,0.015,0.015,NA,0.015,NA,123.69,NA
1023,61,3,2.449,0.959,0,26.1,0.035,0.035,NA,0.021,NA,143.13,19.44
1024,61,4,2.433,0.972,0,27.6,0.056,0.055,NA,0.021,NA,143.13,0
1025,61,5,2.433,0.98,0,26.9,0.064,0.061,NA,0.008,NA,90,-53.13
1026,61,6,2.429,0.988,0,32.5,0.073,0.07,NA,0.009,NA,116.565,26.565
1027,61,7,2.42,1,0,36.9,0.088,0.085,NA,0.015,NA,123.69,7.125
1028,61,8,2.42,1,0,33,0.088,0.085,NA,0,NA,0,-123.69
1029,61,9,2.42,1,0,30.6,0.088,0.085,NA,0,NA,0,0
1030,61,10,2.412,1.009,0,31.1,0.1,0.096,NA,0.012,NA,135,135
1031,61,11,2.396,1.017,0,39.9,0.118,0.113,NA,0.018,NA,153.435,18.435
1032,61,12,2.388,1.025,0,30.6,0.13,0.125,NA,0.012,NA,135,-18.435
1033,61,13,2.379,1.037,0,44.1,0.144,0.139,NA,0.015,NA,123.69,-11.31
1034,61,14,2.375,1.05,0,37.8,0.157,0.151,NA,0.013,NA,108.435,-15.255
1035,61,15,2.375,1.054,0,37.3,0.161,0.154,NA,0.004,NA,90,-18.435
1036,61,16,2.375,1.07,0,40.7,0.178,0.167,NA,0.016,NA,90,0
1037,61,17,2.375,1.078,0,31.8,0.186,0.174,NA,0.008,NA,90,0
1038,61,18,2.363,1.082,0,38.1,0.199,0.185,NA,0.013,NA,161.565,71.565
1039,61,19,2.355,1.099,0,36.6,0.217,0.203,NA,0.018,NA,116.565,-45
1040,62,1,5.088,4.538,0,18.9,0,0,NA,NA,NA,NA,NA
1041,62,2,5.113,4.55,0,18.3,0.028,0.028,NA,0.028,NA,26.565,NA
1042,62,3,5.121,4.55,0,16.8,0.036,0.035,NA,0.008,NA,0,-26.565
1043,62,4,5.137,4.559,0,15,0.054,0.053,NA,0.018,NA,26.565,26.565
1044,62,5,5.146,4.559,0,16.8,0.062,0.061,NA,0.008,NA,0,-26.565
1045,62,6,5.158,4.555,0,16.1,0.075,0.072,NA,0.013,NA,-18.435,-18.435
1046,62,7,5.17,4.563,0,17.1,0.09,0.086,NA,0.015,NA,33.69,52.125
1047,62,8,5.183,4.567,0,15.3,0.103,0.099,NA,0.013,NA,18.435,-15.255
1048,62,9,5.187,4.571,0,15,0.109,0.104,NA,0.006,NA,45,26.565
1049,62,10,5.199,4.579,0,14.1,0.124,0.118,NA,0.015,NA,33.69,-11.31
1050,62,11,5.211,4.567,0,18,0.141,0.126,NA,0.017,NA,-45,-78.69
1051,62,12,5.219,4.567,0,18.6,0.149,0.134,NA,0.008,NA,0,45
1052,62,13,5.232,4.567,0,10.5,0.162,0.146,NA,0.012,NA,0,0
1053,62,14,5.244,4.575,0,13.8,0.176,0.16,NA,0.015,NA,33.69,33.69
1054,62,15,5.248,4.579,0,14.4,0.182,0.165,NA,0.006,NA,45,11.31
1055,62,16,5.256,4.583,0,11.7,0.191,0.174,NA,0.009,NA,26.565,-18.435
1056,62,17,5.261,4.587,0,11.4,0.197,0.179,NA,0.006,NA,45,18.435
1057,62,18,5.269,4.596,0,13.2,0.209,0.19,NA,0.012,NA,45,0
1058,62,20,5.281,4.645,0,8.7,0.26,0.22,NA,0.051,NA,75.964,30.964
1059,63,1,5.244,2.81,0,16.6,0,0,NA,NA,NA,NA,NA
1060,63,2,5.248,2.814,0,19.4,0.006,0.006,NA,0.006,NA,45,NA
1061,63,3,5.261,2.819,0,21,0.019,0.018,NA,0.013,NA,18.435,-26.565
1062,63,4,5.261,2.819,0,22.2,0.019,0.018,NA,0,NA,0,-18.435
1063,63,5,5.265,2.819,0,28.2,0.023,0.022,NA,0.004,NA,0,0
1064,63,6,5.265,2.819,0,24,0.023,0.022,NA,0,NA,0,0
1065,63,7,5.277,2.806,0,22.8,0.04,0.033,NA,0.017,NA,-45,-45
1066,63,8,5.281,2.806,0,23.1,0.044,0.037,NA,0.004,NA,0,45
1067,63,9,5.281,2.806,0,28,0.044,0.037,NA,0,NA,0,0
1068,63,10,5.289,2.81,0,26.7,0.054,0.045,NA,0.009,NA,26.565,26.565
1069,63,11,5.293,2.814,0,22.5,0.059,0.049,NA,0.006,NA,45,18.435
1070,63,12,5.297,2.814,0,22.8,0.063,0.054,NA,0.004,NA,0,-45
1071,63,13,5.306,2.819,0,23.4,0.073,0.062,NA,0.009,NA,26.565,26.565
1072,63,14,5.306,2.835,0,21.6,0.089,0.066,NA,0.016,NA,90,63.435
1073,63,15,5.306,2.851,0,19.2,0.106,0.074,NA,0.016,NA,90,0
1074,63,16,5.306,2.868,0,18.4,0.122,0.084,NA,0.016,NA,90,0
1075,63,17,5.314,2.872,0,21.9,0.131,0.093,NA,0.009,NA,26.565,-63.435
1076,63,18,5.322,2.876,0,0,0.14,0.102,NA,0.009,NA,26.565,0
1077,64,1,5.293,2.679,0,19.8,0,0,NA,NA,NA,NA,NA
1078,64,2,5.269,2.679,0,24.6,0.025,0.025,NA,0.025,NA,180,NA
1079,64,3,5.261,2.691,0,21.9,0.039,0.035,NA,0.015,NA,123.69,-56.31
1080,64,4,5.256,2.695,0,31.2,0.045,0.04,NA,0.006,NA,135,11.31
1081,64,5,5.252,2.704,0,22.5,0.054,0.048,NA,0.009,NA,116.565,-18.435
1082,64,6,5.248,2.72,0,20.7,0.071,0.061,NA,0.017,NA,104.036,-12.529
1083,64,7,5.252,2.736,0,38.1,0.088,0.071,NA,0.017,NA,75.964,-28.072
1084,64,8,5.252,2.736,0,34.5,0.088,0.071,NA,0,NA,0,-75.964
1085,64,9,5.203,2.741,0,17.7,0.138,0.109,NA,0.049,NA,175.236,175.236
1086,64,10,5.203,2.724,0,21.9,0.154,0.101,NA,0.016,NA,-90,94.764
1087,64,11,5.199,2.724,0,23.2,0.158,0.105,NA,0.004,NA,180,-90
1088,64,13,5.15,2.749,0,24.8,0.213,0.16,NA,0.055,NA,153.435,-26.565
1089,65,1,3.241,0.586,0,29.1,0,0,NA,NA,NA,NA,NA
1090,65,2,3.217,0.606,0,34.3,0.032,0.032,NA,0.032,NA,140.194,NA
1091,65,3,3.18,0.619,0,34.2,0.071,0.07,NA,0.039,NA,161.565,21.371
1092,65,4,3.167,0.631,0,42.6,0.088,0.087,NA,0.017,NA,135,-26.565
1093,65,5,3.151,0.651,0,44.4,0.115,0.112,NA,0.026,NA,128.66,-6.34
1094,65,6,3.139,0.651,0,40.8,0.127,0.122,NA,0.012,NA,180,51.34
1095,65,7,3.135,0.651,0,32.4,0.131,0.125,NA,0.004,NA,180,0
1096,65,8,3.114,0.66,0,36.9,0.153,0.147,NA,0.022,NA,158.199,-21.801
1097,65,9,3.081,0.664,0,35.7,0.186,0.178,NA,0.033,NA,172.875,14.676
1098,65,10,3.073,0.676,0,33.6,0.201,0.191,NA,0.015,NA,123.69,-49.185
1099,65,11,3.077,0.668,0,31.7,0.21,0.184,NA,0.009,NA,-63.435,172.875
1100,65,12,3.069,0.668,0,30,0.218,0.191,NA,0.008,NA,180,-116.565
1101,65,13,3.057,0.664,0,38.1,0.231,0.2,NA,0.013,NA,-161.565,18.435
1102,65,14,3.044,0.66,0,37,0.244,0.21,NA,0.013,NA,-161.565,0
1103,65,15,3.04,0.656,0,39.3,0.25,0.213,NA,0.006,NA,-135,26.565
1104,65,16,3.024,0.643,0,46.2,0.271,0.225,NA,0.021,NA,-143.13,-8.13
1105,65,17,3.007,0.623,0,29.4,0.297,0.237,NA,0.026,NA,-128.66,14.47
1106,65,18,3.003,0.602,0,35.7,0.318,0.239,NA,0.021,NA,-101.31,27.35
1107,65,20,2.995,0.561,0,43,0.36,0.247,NA,0.042,NA,-101.31,0
1108,66,1,4.058,2.58,0,45.9,0,0,NA,NA,NA,NA,NA
1109,66,2,4.066,2.597,0,16.8,0.018,0.018,NA,0.018,NA,63.435,NA
1110,66,3,4.054,2.605,0,19.1,0.033,0.025,NA,0.015,NA,146.31,82.875
1111,66,4,4.054,2.617,0,12.5,0.045,0.037,NA,0.012,NA,90,-56.31
1112,66,5,4.062,2.617,0,14.7,0.054,0.037,NA,0.008,NA,0,-90
1113,66,6,4.062,2.626,0,19.6,0.062,0.045,NA,0.008,NA,90,90
1114,66,7,4.062,2.626,0,23.2,0.062,0.045,NA,0,NA,0,-90
1115,66,8,4.062,2.63,0,21,0.066,0.049,NA,0.004,NA,90,90
1116,66,9,4.05,2.63,0,17.4,0.078,0.05,NA,0.012,NA,180,90
1117,66,10,4.042,2.646,0,20.4,0.097,0.068,NA,0.018,NA,116.565,-63.435
1118,66,11,4.042,2.646,0,26.1,0.097,0.068,NA,0,NA,0,-116.565
1119,66,12,4.029,2.658,0,25.7,0.114,0.083,NA,0.017,NA,135,135
1120,66,13,4.025,2.663,0,21.9,0.12,0.088,NA,0.006,NA,135,0
1121,66,14,4.021,2.667,0,22,0.126,0.094,NA,0.006,NA,135,0
1122,66,15,4.021,2.667,0,25.9,0.126,0.094,NA,0,NA,0,-135
1123,66,16,4.001,2.675,0,25.2,0.148,0.111,NA,0.022,NA,158.199,158.199
1124,66,17,3.996,2.679,0,23.1,0.154,0.116,NA,0.006,NA,135,-23.199
1125,66,18,4.013,2.679,0,31.8,0.17,0.108,NA,0.016,NA,0,-135
1126,67,1,3.586,2.79,0,46.3,0,0,NA,NA,NA,NA,NA
1127,67,2,3.586,2.81,0,38,0.021,0.021,NA,0.021,NA,90,NA
1128,67,3,3.578,2.814,0,42.3,0.03,0.026,NA,0.009,NA,153.435,63.435
1129,67,4,3.574,2.819,0,43.8,0.036,0.031,NA,0.006,NA,135,-18.435
1130,67,5,3.574,2.831,0,54.8,0.048,0.043,NA,0.012,NA,90,-45
1131,67,6,3.574,2.839,0,52.2,0.056,0.051,NA,0.008,NA,90,0
1132,67,7,3.57,2.843,0,45,0.062,0.056,NA,0.006,NA,135,45
1133,67,8,3.561,2.864,0,36.8,0.084,0.078,NA,0.022,NA,111.801,-23.199
1134,67,9,3.557,2.868,0,35.5,0.09,0.083,NA,0.006,NA,135,23.199
1135,67,10,3.553,2.876,0,49.8,0.099,0.092,NA,0.009,NA,116.565,-18.435
1136,67,11,3.553,2.876,0,56.7,0.099,0.092,NA,0,NA,0,-116.565
1137,67,12,3.545,2.892,0,44.4,0.117,0.111,NA,0.018,NA,116.565,116.565
1138,67,13,3.545,2.892,0,41.8,0.117,0.111,NA,0,NA,0,-116.565
1139,67,14,3.545,2.905,0,48.8,0.13,0.122,NA,0.012,NA,90,90
1140,67,15,3.541,2.921,0,30.9,0.147,0.139,NA,0.017,NA,104.036,14.036
1141,67,16,3.541,2.929,0,25.2,0.155,0.147,NA,0.008,NA,90,-14.036
1142,67,17,3.537,2.95,0,47.5,0.176,0.167,NA,0.021,NA,101.31,11.31
1143,67,18,3.537,2.958,0,44.7,0.184,0.175,NA,0.008,NA,90,-11.31
1144,67,19,3.541,2.979,0,52.3,0.205,0.194,NA,0.021,NA,78.69,-11.31
1145,68,1,2.704,2.076,0,23.1,0,0,NA,NA,NA,NA,NA
1146,68,2,2.667,2.1,0,24.3,0.044,0.044,NA,0.044,NA,146.31,NA
1147,68,3,2.65,2.113,0,21.6,0.065,0.065,NA,0.021,NA,143.13,-3.18
1148,68,4,2.646,2.125,0,28.2,0.078,0.076,NA,0.013,NA,108.435,-34.695
1149,68,5,2.642,2.133,0,27.3,0.087,0.084,NA,0.009,NA,116.565,8.13
1150,68,6,2.642,2.133,0,30,0.087,0.084,NA,0,NA,0,-116.565
1151,68,7,2.642,2.133,0,33.3,0.087,0.084,NA,0,NA,0,0
1152,68,8,2.634,2.145,0,54.4,0.102,0.099,NA,0.015,NA,123.69,123.69
1153,68,9,2.638,2.145,0,37,0.106,0.096,NA,0.004,NA,0,-123.69
1154,68,10,2.638,2.162,0,39.6,0.122,0.108,NA,0.016,NA,90,90
1155,68,11,2.638,2.162,0,33.6,0.122,0.108,NA,0,NA,0,-90
1156,68,12,2.638,2.162,0,44.8,0.122,0.108,NA,0,NA,0,0
1157,68,13,2.634,2.174,0,34.3,0.135,0.121,NA,0.013,NA,108.435,108.435
1158,68,14,2.626,2.174,0,37.8,0.144,0.126,NA,0.008,NA,180,71.565
1159,68,15,2.626,2.182,0,34.8,0.152,0.132,NA,0.008,NA,90,-90
1160,68,16,2.626,2.182,0,32.4,0.152,0.132,NA,0,NA,0,-90
1161,68,17,2.626,2.191,0,35.1,0.16,0.139,NA,0.008,NA,90,90
1162,68,18,2.634,2.203,0,37.5,0.175,0.145,NA,0.015,NA,56.31,-33.69
1163,69,1,2.728,2.347,0,75,0,0,NA,NA,NA,NA,NA
1164,69,2,2.72,2.371,0,68.4,0.026,0.026,NA,0.026,NA,108.435,NA
1165,69,3,2.72,2.379,0,64.2,0.034,0.034,NA,0.008,NA,90,-18.435
1166,69,4,2.728,2.408,0,52.2,0.064,0.062,NA,0.03,NA,74.055,-15.945
1167,69,5,2.728,2.416,0,55.2,0.072,0.07,NA,0.008,NA,90,15.945
1168,69,6,2.724,2.429,0,69,0.085,0.082,NA,0.013,NA,108.435,18.435
1169,69,7,2.72,2.437,0,74.4,0.094,0.091,NA,0.009,NA,116.565,8.13
1170,69,8,2.712,2.457,0,75.3,0.117,0.112,NA,0.022,NA,111.801,-4.764
1171,69,9,2.712,2.47,0,78.9,0.129,0.124,NA,0.012,NA,90,-21.801
1172,69,10,2.712,2.478,0,79.5,0.137,0.132,NA,0.008,NA,90,0
1173,69,11,2.712,2.478,0,79.5,0.137,0.132,NA,0,NA,0,-90
1174,69,12,2.695,2.494,0,63.3,0.16,0.151,NA,0.023,NA,135,135
1175,69,13,2.679,2.515,0,38.4,0.187,0.175,NA,0.026,NA,128.66,-6.34
1176,69,14,2.687,2.527,0,57.3,0.201,0.185,NA,0.015,NA,56.31,-72.35
1177,69,15,2.691,2.527,0,68.5,0.205,0.184,NA,0.004,NA,0,-56.31
1178,69,16,2.687,2.544,0,67.8,0.222,0.201,NA,0.017,NA,104.036,104.036
1179,69,17,2.675,2.544,0,62.4,0.235,0.204,NA,0.012,NA,180,75.964
1180,69,18,2.654,2.56,0,50.5,0.261,0.226,NA,0.026,NA,141.34,-38.66
1181,70,1,3.804,1.078,0,18.9,0,0,NA,NA,NA,NA,NA
1182,70,2,3.779,1.099,0,19.7,0.032,0.032,NA,0.032,NA,140.194,NA
1183,70,3,3.771,1.099,0,14.4,0.04,0.039,NA,0.008,NA,180,39.806
1184,70,4,3.771,1.107,0,34,0.048,0.044,NA,0.008,NA,90,-90
1185,70,5,3.762,1.119,0,30,0.063,0.058,NA,0.015,NA,123.69,33.69
1186,70,6,3.758,1.136,0,44.3,0.08,0.073,NA,0.017,NA,104.036,-19.654
1187,70,7,3.758,1.136,0,44.7,0.08,0.073,NA,0,NA,0,-104.036
1188,70,8,3.754,1.144,0,43.6,0.089,0.082,NA,0.009,NA,116.565,116.565
1189,70,9,3.754,1.144,0,43.5,0.089,0.082,NA,0,NA,0,-116.565
1190,70,10,3.75,1.152,0,47.5,0.099,0.091,NA,0.009,NA,116.565,116.565
1191,70,12,3.758,1.169,0,38.7,0.117,0.101,NA,0.018,NA,63.435,-53.13
1192,71,1,4.07,2.962,0,9.3,0,0,NA,NA,NA,NA,NA
1193,71,2,4.054,2.966,0,7.5,0.017,0.017,NA,0.017,NA,165.964,NA
1194,71,3,4.025,2.966,0,9.7,0.046,0.045,NA,0.029,NA,180,14.036
1195,71,4,4.025,2.966,0,10.2,0.046,0.045,NA,0,NA,0,-180
1196,71,5,4.021,2.966,0,11.5,0.05,0.049,NA,0.004,NA,180,180
1197,71,6,4.009,2.97,0,13.8,0.063,0.062,NA,0.013,NA,161.565,-18.435
1198,71,7,4.005,2.97,0,15,0.067,0.066,NA,0.004,NA,180,18.435
1199,71,8,3.992,2.97,0,16.5,0.079,0.078,NA,0.012,NA,180,0
1200,71,9,3.992,2.97,0,14.8,0.079,0.078,NA,0,NA,0,-180
1201,71,10,3.98,2.974,0,22.9,0.092,0.091,NA,0.013,NA,161.565,161.565
1202,71,11,3.972,2.979,0,32.7,0.101,0.1,NA,0.009,NA,153.435,-8.13
1203,71,12,3.955,2.983,0,15.6,0.118,0.117,NA,0.017,NA,165.964,12.529
1204,71,13,3.939,2.987,0,21.9,0.135,0.134,NA,0.017,NA,165.964,0
1205,71,14,3.918,2.991,0,41.4,0.156,0.155,NA,0.021,NA,168.69,2.726
1206,71,15,3.906,2.987,0,28.8,0.169,0.166,NA,0.013,NA,-161.565,29.745
1207,71,16,3.894,2.987,0,30.4,0.181,0.178,NA,0.012,NA,180,-18.435
1208,71,17,3.881,2.987,0,33.9,0.194,0.19,NA,0.012,NA,180,0
1209,71,18,3.881,2.987,0,26.1,0.194,0.19,NA,0,NA,0,-180
1210,72,1,3.881,3.43,0,15.9,0,0,NA,NA,NA,NA,NA
1211,72,2,3.881,3.414,0,30.9,0.016,0.016,NA,0.016,NA,-90,NA
1212,72,3,3.886,3.405,0,19.8,0.026,0.025,NA,0.009,NA,-63.435,26.565
1213,72,4,3.886,3.405,0,20.1,0.026,0.025,NA,0,NA,0,63.435
1214,72,5,3.886,3.389,0,19.8,0.042,0.041,NA,0.016,NA,-90,-90
1215,72,6,3.894,3.389,0,30.3,0.05,0.043,NA,0.008,NA,0,90
1216,72,7,3.898,3.373,0,21.3,0.067,0.06,NA,0.017,NA,-75.964,-75.964
1217,72,8,3.898,3.368,0,17.7,0.071,0.064,NA,0.004,NA,-90,-14.036
1218,72,9,3.898,3.368,0,23.4,0.071,0.064,NA,0,NA,0,90
1219,72,10,3.898,3.364,0,21,0.075,0.068,NA,0.004,NA,-90,-90
1220,72,11,3.898,3.364,0,27.9,0.075,0.068,NA,0,NA,0,90
1221,72,12,3.898,3.356,0,18.3,0.084,0.076,NA,0.008,NA,-90,-90
1222,72,13,3.898,3.356,0,23.2,0.084,0.076,NA,0,NA,0,90
1223,72,14,3.898,3.356,0,21.1,0.084,0.076,NA,0,NA,0,0
1224,72,15,3.902,3.348,0,17.2,0.093,0.085,NA,0.009,NA,-63.435,-63.435
1225,72,16,3.902,3.348,0,22.2,0.093,0.085,NA,0,NA,0,63.435
1226,72,17,3.906,3.34,0,17.1,0.102,0.094,NA,0.009,NA,-63.435,-63.435
1227,72,18,3.906,3.34,0,25.6,0.102,0.094,NA,0,NA,0,63.435
1228,73,1,2.868,5.203,0,13.8,0,0,NA,NA,NA,NA,NA
1229,73,2,2.864,5.195,0,12.6,0.009,0.009,NA,0.009,NA,-116.565,NA
1230,73,3,2.864,5.183,0,14.1,0.021,0.021,NA,0.012,NA,-90,26.565
1231,73,4,2.864,5.183,0,18.2,0.021,0.021,NA,0,NA,0,90
1232,73,5,2.864,5.166,0,17.1,0.038,0.037,NA,0.016,NA,-90,-90
1233,73,6,2.864,5.15,0,15.3,0.054,0.054,NA,0.016,NA,-90,0
1234,73,7,2.864,5.141,0,15.6,0.063,0.062,NA,0.008,NA,-90,0
1235,73,8,2.864,5.129,0,15.6,0.075,0.074,NA,0.012,NA,-90,0
1236,73,9,2.864,5.117,0,15,0.087,0.086,NA,0.012,NA,-90,0
1237,73,10,2.864,5.117,0,15,0.087,0.086,NA,0,NA,0,90
1238,73,11,2.864,5.109,0,16.7,0.095,0.094,NA,0.008,NA,-90,-90
1239,73,12,2.868,5.105,0,18.5,0.101,0.099,NA,0.006,NA,-45,45
1240,73,13,2.86,5.105,0,11.3,0.109,0.099,NA,0.008,NA,180,-135
1241,73,14,2.855,5.096,0,18.8,0.119,0.107,NA,0.009,NA,-116.565,63.435
1242,73,15,2.851,5.096,0,17.8,0.123,0.108,NA,0.004,NA,180,-63.435
1243,73,16,2.843,5.088,0,15.3,0.134,0.118,NA,0.012,NA,-135,45
1244,73,17,2.843,5.072,0,20.3,0.151,0.134,NA,0.016,NA,-90,45
1245,73,18,2.843,5.055,0,10.8,0.167,0.15,NA,0.016,NA,-90,0
1246,74,1,1.821,1.661,0,19.9,0,0,NA,NA,NA,NA,NA
1247,74,2,1.825,1.682,0,14.4,0.021,0.021,NA,0.021,NA,78.69,NA
1248,74,3,1.833,1.706,0,17.1,0.047,0.047,NA,0.026,NA,71.565,-7.125
1249,74,4,1.825,1.714,0,15.9,0.058,0.054,NA,0.012,NA,135,63.435
1250,74,5,1.821,1.723,0,13.2,0.068,0.062,NA,0.009,NA,116.565,-18.435
1251,74,6,1.821,1.723,0,15.3,0.068,0.062,NA,0,NA,0,-116.565
1252,74,7,1.817,1.739,0,14.7,0.085,0.078,NA,0.017,NA,104.036,104.036
1253,74,8,1.817,1.756,0,18.9,0.101,0.094,NA,0.016,NA,90,-14.036
1254,74,9,1.817,1.756,0,19.8,0.101,0.094,NA,0,NA,0,-90
1255,74,10,1.817,1.76,0,17.4,0.105,0.099,NA,0.004,NA,90,90
1256,74,11,1.817,1.76,0,15.3,0.105,0.099,NA,0,NA,0,-90
1257,74,12,1.817,1.768,0,18.9,0.113,0.107,NA,0.008,NA,90,90
1258,74,13,1.821,1.772,0,16.8,0.119,0.111,NA,0.006,NA,45,-45
1259,74,14,1.821,1.78,0,22.5,0.127,0.119,NA,0.008,NA,90,45
1260,74,15,1.809,1.797,0,16.7,0.148,0.136,NA,0.021,NA,126.87,36.87
1261,74,16,1.809,1.797,0,23.4,0.148,0.136,NA,0,NA,0,-126.87
1262,74,17,1.817,1.805,0,14.7,0.159,0.144,NA,0.012,NA,45,45
1263,74,18,1.817,1.805,0,18.3,0.159,0.144,NA,0,NA,0,-45
1264,74,19,1.817,1.805,0,14.4,0.159,0.144,NA,0,NA,0,0
1265,75,1,4.973,0.188,0,14.7,0,0,NA,NA,NA,NA,NA
1266,75,2,4.973,0.208,0,11.4,0.021,0.021,NA,0.021,NA,90,NA
1267,75,3,4.973,0.208,0,9.6,0.021,0.021,NA,0,NA,0,-90
1268,75,4,4.973,0.221,0,12.9,0.033,0.033,NA,0.012,NA,90,90
1269,75,5,4.981,0.225,0,10.9,0.042,0.038,NA,0.009,NA,26.565,-63.435
1270,75,6,4.981,0.253,0,10.8,0.071,0.066,NA,0.029,NA,90,63.435
1271,75,7,4.981,0.274,0,15,0.091,0.087,NA,0.021,NA,90,0
1272,75,8,4.981,0.29,0,8.1,0.108,0.103,NA,0.016,NA,90,0
1273,75,9,4.981,0.348,0,8.1,0.165,0.16,NA,0.057,NA,90,0
1274,75,10,4.977,0.372,0,21.1,0.19,0.185,NA,0.025,NA,99.462,9.462
1275,75,11,4.969,0.389,0,22.5,0.208,0.201,NA,0.018,NA,116.565,17.103
1276,75,12,4.969,0.43,0,18.9,0.249,0.242,NA,0.041,NA,90,-26.565
1277,75,13,4.965,0.45,0,19.2,0.27,0.263,NA,0.021,NA,101.31,11.31
1278,75,14,4.957,0.463,0,16.2,0.285,0.275,NA,0.015,NA,123.69,22.38
1279,75,15,4.949,0.471,0,11.4,0.297,0.284,NA,0.012,NA,135,11.31
1280,75,16,4.871,0.475,0,9.9,0.375,0.305,NA,0.078,NA,176.987,41.987
1281,75,17,4.801,0.397,0,16.5,0.48,0.271,NA,0.105,NA,-131.82,51.193
1282,75,18,4.797,0.376,0,16.5,0.5,0.258,NA,0.021,NA,-101.31,30.51
1283,75,20,4.747,0.344,0,21.1,0.56,0.274,NA,0.059,NA,-146.31,-45
1284,76,1,3.393,3.853,0,15.3,0,0,NA,NA,NA,NA,NA
1285,76,2,3.393,3.881,0,11.4,0.029,0.029,NA,0.029,NA,90,NA
1286,76,3,3.393,3.881,0,18,0.029,0.029,NA,0,NA,0,-90
1287,76,4,3.393,3.89,0,19.5,0.037,0.037,NA,0.008,NA,90,90
1288,76,5,3.401,3.89,0,31.3,0.045,0.038,NA,0.008,NA,0,-90
1289,76,6,3.405,3.89,0,27.6,0.049,0.039,NA,0.004,NA,0,0
1290,76,7,3.405,3.89,0,22.5,0.049,0.039,NA,0,NA,0,0
1291,76,8,3.41,3.898,0,22.5,0.058,0.048,NA,0.009,NA,63.435,63.435
1292,76,9,3.41,3.906,0,20.4,0.067,0.056,NA,0.008,NA,90,26.565
1293,76,10,3.41,3.906,0,15.9,0.067,0.056,NA,0,NA,0,-90
1294,76,11,3.41,3.91,0,22.8,0.071,0.06,NA,0.004,NA,90,90
1295,76,12,3.405,3.927,0,23.1,0.088,0.075,NA,0.017,NA,104.036,14.036
1296,76,13,3.405,3.927,0,23.3,0.088,0.075,NA,0,NA,0,-104.036
1297,76,14,3.405,3.943,0,29.1,0.104,0.091,NA,0.016,NA,90,90
1298,76,15,3.405,3.943,0,16.4,0.104,0.091,NA,0,NA,0,-90
1299,76,16,3.405,3.943,0,23.7,0.104,0.091,NA,0,NA,0,0
1300,76,17,3.41,3.943,0,24,0.108,0.092,NA,0.004,NA,0,0
1301,76,18,3.41,3.943,0,14.4,0.108,0.092,NA,0,NA,0,0
1302,77,1,2.203,1.288,0,69.3,0,0,NA,NA,NA,NA,NA
1303,77,2,2.191,1.271,0,55.1,0.021,0.021,NA,0.021,NA,-126.87,NA
1304,77,3,2.191,1.271,0,52.2,0.021,0.021,NA,0,NA,0,126.87
1305,77,4,2.17,1.255,0,49.1,0.047,0.046,NA,0.026,NA,-141.34,-141.34
1306,77,5,2.166,1.255,0,58.2,0.051,0.049,NA,0.004,NA,180,-38.66
1307,77,6,2.133,1.238,0,47.5,0.088,0.085,NA,0.037,NA,-153.435,26.565
1308,77,7,2.125,1.23,0,39.9,0.099,0.097,NA,0.012,NA,-135,18.435
1309,77,8,2.125,1.23,0,42.2,0.099,0.097,NA,0,NA,0,135
1310,77,9,2.125,1.23,0,38.4,0.099,0.097,NA,0,NA,0,0
1311,77,10,2.113,1.214,0,40.8,0.12,0.117,NA,0.021,NA,-126.87,-126.87
1312,77,11,2.108,1.201,0,28.2,0.133,0.128,NA,0.013,NA,-108.435,18.435
1313,77,12,2.104,1.181,0,30.6,0.154,0.145,NA,0.021,NA,-101.31,7.125
1314,77,13,2.104,1.181,0,28.2,0.154,0.145,NA,0,NA,0,101.31
1315,77,14,2.096,1.164,0,33.6,0.172,0.163,NA,0.018,NA,-116.565,-116.565
1316,77,15,2.08,1.148,0,28.9,0.195,0.186,NA,0.023,NA,-135,-18.435
1317,77,16,2.08,1.148,0,31.2,0.195,0.186,NA,0,NA,0,135
1318,77,17,2.055,1.115,0,20.7,0.236,0.227,NA,0.041,NA,-126.87,-126.87
1319,77,18,2.055,1.115,0,18.9,0.236,0.227,NA,0,NA,0,126.87
1320,77,20,2.039,1.058,0,19.8,0.296,0.282,NA,0.06,NA,-105.945,-105.945
1321,78,1,5.371,0.623,0,18.3,0,0,NA,NA,NA,NA,NA
1322,78,2,5.355,0.656,0,22.8,0.037,0.037,NA,0.037,NA,116.565,NA
1323,78,3,5.347,0.676,0,33.3,0.059,0.059,NA,0.022,NA,111.801,-4.764
1324,78,4,5.347,0.693,0,33.9,0.075,0.074,NA,0.016,NA,90,-21.801
1325,78,5,5.347,0.693,0,26.9,0.075,0.074,NA,0,NA,0,-90
1326,78,6,5.338,0.709,0,26.1,0.094,0.092,NA,0.018,NA,116.565,116.565
1327,78,7,5.326,0.725,0,22.8,0.114,0.112,NA,0.021,NA,126.87,10.305
1328,78,8,5.326,0.729,0,31.6,0.118,0.116,NA,0.004,NA,90,-36.87
1329,78,9,5.322,0.738,0,27.9,0.127,0.125,NA,0.009,NA,116.565,26.565
1330,78,10,5.314,0.75,0,31.8,0.142,0.14,NA,0.015,NA,123.69,7.125
1331,78,11,5.314,0.75,0,29.9,0.142,0.14,NA,0,NA,0,-123.69
1332,78,12,5.31,0.758,0,25.8,0.151,0.149,NA,0.009,NA,116.565,116.565
1333,78,13,5.306,0.791,0,13.8,0.184,0.181,NA,0.033,NA,97.125,-19.44
1334,78,14,5.285,0.812,0,26.4,0.213,0.208,NA,0.029,NA,135,37.875
1335,78,15,5.248,0.812,0,18.9,0.25,0.225,NA,0.037,NA,180,45
1336,78,16,5.252,0.812,0,22.8,0.255,0.223,NA,0.004,NA,0,-180
1337,78,17,5.215,0.779,0,20.7,0.304,0.221,NA,0.049,NA,-138.366,-138.366
1338,78,18,5.203,0.762,0,22.8,0.324,0.219,NA,0.021,NA,-126.87,11.497
1339,79,1,3.147,0.118,0,17.1,0,0,NA,NA,NA,NA,NA
1340,79,2,3.135,0.11,0,18,0.015,0.015,NA,0.015,NA,-146.31,NA
1341,79,3,3.126,0.11,0,16.5,0.023,0.022,NA,0.008,NA,180,-33.69
1342,79,4,3.114,0.102,0,15,0.038,0.037,NA,0.015,NA,-146.31,33.69
1343,79,5,3.106,0.102,0,16.8,0.046,0.044,NA,0.008,NA,180,-33.69
1344,79,6,3.098,0.102,0,14.9,0.054,0.052,NA,0.008,NA,180,0
1345,79,7,3.089,0.097,0,19.2,0.063,0.061,NA,0.009,NA,-153.435,26.565
1346,79,8,3.085,0.089,0,31.5,0.073,0.068,NA,0.009,NA,-116.565,36.87
1347,79,9,3.081,0.081,0,16.5,0.082,0.075,NA,0.009,NA,-116.565,0
1348,79,10,3.077,0.077,0,15.9,0.088,0.081,NA,0.006,NA,-135,-18.435
1349,79,11,3.073,0.077,0,13.5,0.092,0.085,NA,0.004,NA,180,-45
1350,79,12,3.073,0.077,0,26.2,0.092,0.085,NA,0,NA,0,-180
1351,79,13,3.069,0.077,0,22.2,0.096,0.088,NA,0.004,NA,180,180
1352,79,14,3.052,0.077,0,24.2,0.112,0.103,NA,0.016,NA,180,0
1353,79,15,3.024,0.077,0,22.2,0.141,0.13,NA,0.029,NA,180,0
1354,79,16,3.011,0.097,0,21.6,0.165,0.137,NA,0.024,NA,120.964,-59.036
1355,79,17,2.966,0.081,0,11.4,0.213,0.184,NA,0.048,NA,-160.017,79.019
1356,79,18,2.938,0.073,0,12.3,0.243,0.214,NA,0.03,NA,-164.055,-4.038
1357,80,1,5.363,3.557,0,17.4,0,0,NA,NA,NA,NA,NA
1358,80,2,5.351,3.578,0,13.2,0.024,0.024,NA,0.024,NA,120.964,NA
1359,80,3,5.351,3.578,0,13.8,0.024,0.024,NA,0,NA,0,-120.964
1360,80,4,5.347,3.594,0,20.4,0.041,0.04,NA,0.017,NA,104.036,104.036
1361,80,5,5.343,3.598,0,12.9,0.047,0.046,NA,0.006,NA,135,30.964
1362,80,6,5.343,3.598,0,15.6,0.047,0.046,NA,0,NA,0,-135
1363,80,7,5.343,3.611,0,15,0.059,0.057,NA,0.012,NA,90,90
1364,80,8,5.343,3.611,0,18.1,0.059,0.057,NA,0,NA,0,-90
1365,80,9,5.338,3.619,0,12.3,0.068,0.066,NA,0.009,NA,116.565,116.565
1366,80,10,5.338,3.619,0,8.1,0.068,0.066,NA,0,NA,0,-116.565
1367,80,11,5.326,3.623,0,22.5,0.081,0.075,NA,0.013,NA,161.565,161.565
1368,80,12,5.31,3.635,0,12.3,0.102,0.094,NA,0.021,NA,143.13,-18.435
1369,80,13,5.31,3.643,0,10,0.11,0.101,NA,0.008,NA,90,-53.13
1370,80,14,5.31,3.643,0,12.2,0.11,0.101,NA,0,NA,0,-90
1371,80,15,5.306,3.652,0,6.6,0.119,0.111,NA,0.009,NA,116.565,116.565
1372,80,16,5.306,3.652,0,6.6,0.119,0.111,NA,0,NA,0,-116.565
1373,80,17,5.306,3.66,0,12.3,0.127,0.118,NA,0.008,NA,90,90
1374,80,18,5.306,3.66,0,8.4,0.127,0.118,NA,0,NA,0,-90
1375,81,1,4.243,3.541,0,42.3,0,0,NA,NA,NA,NA,NA
1376,81,2,4.218,3.545,0,43.2,0.025,0.025,NA,0.025,NA,170.538,NA
1377,81,3,4.214,3.545,0,44.1,0.029,0.029,NA,0.004,NA,180,9.462
1378,81,4,4.202,3.549,0,52.4,0.042,0.042,NA,0.013,NA,161.565,-18.435
1379,81,5,4.189,3.549,0,44.1,0.054,0.054,NA,0.012,NA,180,18.435
1380,81,6,4.189,3.549,0,57.6,0.054,0.054,NA,0,NA,0,-180
1381,81,7,4.177,3.553,0,40.8,0.067,0.067,NA,0.013,NA,161.565,161.565
1382,81,8,4.169,3.553,0,40.5,0.076,0.075,NA,0.008,NA,180,18.435
1383,81,9,4.165,3.553,0,43.8,0.08,0.079,NA,0.004,NA,180,0
1384,81,10,4.074,3.565,0,38.2,0.171,0.17,NA,0.091,NA,172.235,-7.765
1385,81,11,4.058,3.565,0,45,0.187,0.186,NA,0.016,NA,180,7.765
1386,81,12,4.037,3.561,0,40.1,0.208,0.206,NA,0.021,NA,-168.69,11.31
1387,81,13,4.029,3.574,0,33.9,0.223,0.216,NA,0.015,NA,123.69,-67.62
1388,81,14,4.017,3.57,0,43.1,0.236,0.228,NA,0.013,NA,-161.565,74.745
1389,81,15,4.001,3.553,0,32.4,0.259,0.242,NA,0.023,NA,-135,26.565
1390,81,16,3.992,3.545,0,43.4,0.271,0.25,NA,0.012,NA,-135,0
1391,81,17,3.988,3.533,0,52.8,0.284,0.255,NA,0.013,NA,-108.435,26.565
1392,81,18,3.988,3.516,0,56.7,0.3,0.256,NA,0.016,NA,-90,18.435
1393,81,19,3.939,3.508,0,49.9,0.35,0.305,NA,0.05,NA,-170.538,-80.538
1394,82,1,3.767,1.928,0,30,0,0,NA,NA,NA,NA,NA
1395,82,2,3.767,1.928,0,58.2,0,0,NA,0,NA,0,NA
1396,82,3,3.75,1.928,0,48.3,0.016,0.016,NA,0.016,NA,180,180
1397,82,4,3.75,1.92,0,52.2,0.025,0.018,NA,0.008,NA,-90,90
1398,82,5,3.75,1.916,0,41.4,0.029,0.021,NA,0.004,NA,-90,0
1399,82,6,3.75,1.911,0,33.3,0.033,0.023,NA,0.004,NA,-90,0
1400,82,7,3.75,1.903,0,45.6,0.041,0.03,NA,0.008,NA,-90,0
1401,82,8,3.75,1.895,0,37.2,0.049,0.037,NA,0.008,NA,-90,0
1402,82,9,3.75,1.891,0,38.4,0.053,0.04,NA,0.004,NA,-90,0
1403,82,10,3.75,1.891,0,49.2,0.053,0.04,NA,0,NA,0,90
1404,82,11,3.75,1.883,0,28.5,0.062,0.048,NA,0.008,NA,-90,-90
1405,82,12,3.738,1.875,0,54.6,0.076,0.061,NA,0.015,NA,-146.31,-56.31
1406,82,13,3.738,1.875,0,45.3,0.076,0.061,NA,0,NA,0,146.31
1407,82,14,3.738,1.875,0,30,0.076,0.061,NA,0,NA,0,0
1408,82,15,3.738,1.875,0,47.7,0.076,0.061,NA,0,NA,0,0
1409,82,16,3.738,1.858,0,37.8,0.093,0.075,NA,0.016,NA,-90,-90
1410,82,17,3.746,1.866,0,30,0.104,0.065,NA,0.012,NA,45,135
1411,82,18,3.746,1.858,0,33,0.113,0.073,NA,0.008,NA,-90,-135
1412,83,1,1.916,1,0,44.1,0,0,NA,NA,NA,NA,NA
1413,83,2,1.899,1,0,21.5,0.016,0.016,NA,0.016,NA,180,NA
1414,83,3,1.85,0.996,0,53.4,0.066,0.066,NA,0.049,NA,-175.236,4.764
1415,83,4,1.85,0.996,0,54.3,0.066,0.066,NA,0,NA,0,175.236
1416,83,5,1.85,0.996,0,61.5,0.066,0.066,NA,0,NA,0,0
1417,83,6,1.846,0.988,0,63,0.075,0.071,NA,0.009,NA,-116.565,-116.565
1418,83,7,1.838,0.988,0,39.6,0.083,0.079,NA,0.008,NA,180,-63.435
1419,83,8,1.838,0.988,0,47.2,0.083,0.079,NA,0,NA,0,-180
1420,83,9,1.813,0.976,0,46.1,0.111,0.106,NA,0.028,NA,-153.435,-153.435
1421,83,10,1.813,0.976,0,41.7,0.111,0.106,NA,0,NA,0,153.435
1422,83,11,1.805,0.972,0,35.6,0.12,0.114,NA,0.009,NA,-153.435,-153.435
1423,83,12,1.797,0.972,0,52.5,0.128,0.122,NA,0.008,NA,180,-26.565
1424,83,13,1.797,0.972,0,43.6,0.128,0.122,NA,0,NA,0,-180
1425,83,14,1.788,0.976,0,58.1,0.137,0.13,NA,0.009,NA,153.435,153.435
1426,83,15,1.78,0.976,0,58.2,0.146,0.138,NA,0.008,NA,180,26.565
1427,83,16,1.772,0.976,0,54.3,0.154,0.146,NA,0.008,NA,180,0
1428,83,17,1.756,0.967,0,59.4,0.172,0.163,NA,0.018,NA,-153.435,26.565
1429,83,18,1.735,0.963,0,37.5,0.193,0.184,NA,0.021,NA,-168.69,-15.255
1430,84,1,3.5,1.439,0,62.4,0,0,NA,NA,NA,NA,NA
1431,84,2,3.504,1.427,0,65.1,0.013,0.013,NA,0.013,NA,-71.565,NA
1432,84,3,3.508,1.415,0,67.2,0.026,0.026,NA,0.013,NA,-71.565,0
1433,84,4,3.512,1.411,0,72,0.032,0.031,NA,0.006,NA,-45,26.565
1434,84,5,3.516,1.394,0,60.9,0.049,0.048,NA,0.017,NA,-75.964,-30.964
1435,84,6,3.52,1.394,0,57.3,0.053,0.05,NA,0.004,NA,0,75.964
1436,84,7,3.533,1.378,0,54,0.073,0.07,NA,0.021,NA,-53.13,-53.13
1437,84,8,3.533,1.378,0,65.1,0.073,0.07,NA,0,NA,0,53.13
1438,84,9,3.533,1.366,0,44.8,0.086,0.081,NA,0.012,NA,-90,-90
1439,84,10,3.533,1.361,0,49.5,0.09,0.085,NA,0.004,NA,-90,0
1440,84,11,3.533,1.357,0,35.4,0.094,0.088,NA,0.004,NA,-90,0
1441,84,12,3.529,1.353,0,30.7,0.1,0.091,NA,0.006,NA,-135,-45
1442,84,13,3.529,1.345,0,24.3,0.108,0.099,NA,0.008,NA,-90,45
1443,84,14,3.529,1.341,0,25.5,0.112,0.103,NA,0.004,NA,-90,0
1444,84,15,3.529,1.333,0,29.9,0.12,0.111,NA,0.008,NA,-90,0
1445,84,16,3.529,1.329,0,39.9,0.124,0.114,NA,0.004,NA,-90,0
1446,84,17,3.533,1.312,0,45.1,0.141,0.131,NA,0.017,NA,-75.964,14.036
1447,84,18,3.533,1.296,0,43.9,0.158,0.147,NA,0.016,NA,-90,-14.036
1448,84,20,3.561,1.247,0,39,0.215,0.202,NA,0.057,NA,-59.744,30.256
1449,85,1,3.286,1.513,0,82.5,0,0,NA,NA,NA,NA,NA
1450,85,2,3.286,1.489,0,83.1,0.025,0.025,NA,0.025,NA,-90,NA
1451,85,3,3.274,1.476,0,83.7,0.042,0.039,NA,0.017,NA,-135,-45
1452,85,4,3.266,1.468,0,86.3,0.054,0.05,NA,0.012,NA,-135,0
1453,85,5,3.258,1.456,0,81.9,0.068,0.064,NA,0.015,NA,-123.69,11.31
1454,85,6,3.258,1.431,0,83.6,0.093,0.087,NA,0.025,NA,-90,33.69
1455,85,7,3.258,1.431,0,83.1,0.093,0.087,NA,0,NA,0,90
1456,85,8,3.258,1.419,0,84.9,0.105,0.099,NA,0.012,NA,-90,-90
1457,85,9,3.258,1.419,0,81.3,0.105,0.099,NA,0,NA,0,90
1458,85,10,3.249,1.407,0,81.3,0.12,0.113,NA,0.015,NA,-123.69,-123.69
1459,85,11,3.249,1.398,0,83.1,0.128,0.121,NA,0.008,NA,-90,33.69
1460,85,12,3.233,1.394,0,84.7,0.145,0.13,NA,0.017,NA,-165.964,-75.964
1461,85,13,3.221,1.382,0,81.9,0.163,0.147,NA,0.017,NA,-135,30.964
1462,85,14,3.217,1.378,0,83.1,0.169,0.152,NA,0.006,NA,-135,0
1463,85,15,3.217,1.378,0,81.6,0.169,0.152,NA,0,NA,0,135
1464,85,16,3.208,1.374,0,83.4,0.178,0.16,NA,0.009,NA,-153.435,-153.435
1465,85,17,3.192,1.357,0,81.9,0.201,0.182,NA,0.023,NA,-135,18.435
1466,85,18,3.188,1.357,0,80.7,0.205,0.184,NA,0.004,NA,180,-45
1467,85,19,3.184,1.349,0,66.4,0.214,0.194,NA,0.009,NA,-116.565,63.435
1468,86,1,2.691,0.91,0,31.5,0,0,NA,NA,NA,NA,NA
1469,86,2,2.679,0.906,0,37.5,0.013,0.013,NA,0.013,NA,-161.565,NA
1470,86,3,2.663,0.906,0,31.5,0.029,0.029,NA,0.016,NA,180,-18.435
1471,86,4,2.646,0.902,0,26.4,0.046,0.046,NA,0.017,NA,-165.964,14.036
1472,86,5,2.63,0.898,0,41.4,0.063,0.063,NA,0.017,NA,-165.964,0
1473,86,6,2.617,0.898,0,37.5,0.076,0.075,NA,0.012,NA,180,-14.036
1474,86,7,2.593,0.89,0,49.8,0.102,0.101,NA,0.026,NA,-161.565,18.435
1475,86,8,2.58,0.881,0,45.9,0.116,0.114,NA,0.015,NA,-146.31,15.255
1476,86,9,2.568,0.873,0,49.8,0.131,0.129,NA,0.015,NA,-146.31,0
1477,86,10,2.548,0.861,0,38.1,0.155,0.152,NA,0.024,NA,-149.036,-2.726
1478,86,11,2.535,0.857,0,36.3,0.168,0.165,NA,0.013,NA,-161.565,-12.529
1479,86,12,2.519,0.848,0,47.1,0.186,0.183,NA,0.018,NA,-153.435,8.13
1480,86,13,2.511,0.844,0,44.1,0.196,0.192,NA,0.009,NA,-153.435,0
1481,86,14,2.507,0.84,0,39,0.201,0.197,NA,0.006,NA,-135,18.435
1482,86,15,2.507,0.84,0,38.2,0.201,0.197,NA,0,NA,0,135
1483,86,16,2.502,0.84,0,33.2,0.205,0.201,NA,0.004,NA,180,180
1484,86,17,2.494,0.836,0,33.6,0.215,0.21,NA,0.009,NA,-153.435,26.565
1485,86,18,2.486,0.828,0,26.1,0.226,0.221,NA,0.012,NA,-135,18.435
