empty,,,,
Time,,,,
 ==================== ,,,,
Time,Unit,Category,Time,ID
0,,Surface,1,9427
0,,Surface,1,9428
0,,Surface,1,9429
0,,Surface,1,9430
0,,Surface,1,9431
0,,Surface,1,9432
0,,Surface,1,9433
0,,Surface,1,9434
0,,Surface,1,9435
0,,Surface,1,9436
0,,Surface,1,9437
0,,Surface,1,9438
0,,Surface,1,9439
0,,Surface,1,9440
0,,Surface,1,9441
0,,Surface,1,9442
0,,Surface,1,9443
0,,Surface,1,9444
0,,Surface,1,9445
0,,Surface,1,9446
0,,Surface,1,9448
0,,Surface,1,9449
0,,Surface,1,9450
0,,Surface,1,9451
0,,Surface,1,9452
0,,Surface,1,9453
0,,Surface,1,9454
0,,Surface,1,9455
0,,Surface,1,9456
0,,Surface,1,9457
0,,Surface,1,9458
0,,Surface,1,9459
0,,Surface,1,9460
0,,Surface,1,9461
0,,Surface,1,9462
0,,Surface,1,9463
0,,Surface,1,9464
0,,Surface,1,9465
0,,Surface,1,9466
0,,Surface,1,9467
0,,Surface,1,9468
0,,Surface,1,9469
0,,Surface,1,9470
0,,Surface,1,9471
0,,Surface,1,9472
0,,Surface,1,9473
0,,Surface,1,9474
0,,Surface,1,9475
0,,Surface,1,9476
0,,Surface,1,9477
0,,Surface,1,9478
0,,Surface,1,9479
0,,Surface,1,9480
0,,Surface,1,9481
0,,Surface,1,9482
0,,Surface,1,9483
0,,Surface,1,9484
0,,Surface,1,9485
0,,Surface,1,9486
0,,Surface,1,9487
0,,Surface,1,9488
0,,Surface,1,9489
0,,Surface,1,9490
0,,Surface,1,9491
0,,Surface,1,9492
0,,Surface,1,9493
0,,Surface,1,9494
0,,Surface,1,9495
0,,Surface,1,9496
0,,Surface,1,9497
0,,Surface,1,9498
0,,Surface,1,9499
0,,Surface,1,9500
0,,Surface,1,9501
0,,Surface,1,9502
0,,Surface,1,9503
0,,Surface,1,9504
0,,Surface,1,9505
0,,Surface,1,9506
0,,Surface,1,9507
0,,Surface,1,9508
0,,Surface,1,9509
0,,Surface,1,9510
0,,Surface,1,9512
0,,Surface,1,9513
0,,Surface,1,9514
0,,Surface,1,9515
0,,Surface,1,9516
0,,Surface,1,9517
0,,Surface,1,9518
0,,Surface,1,9519
0,,Surface,1,9520
0,,Surface,1,9521
0,,Surface,1,9522
0,,Surface,1,9523
0,,Surface,1,9524
0,,Surface,1,9525
0,,Surface,1,9526
0,,Surface,1,9527
0,,Surface,1,9528
0,,Surface,1,9529
0,,Surface,1,9530
0,,Surface,1,9531
0,,Surface,1,9532
0,,Surface,1,9533
0,,Surface,1,9534
0,,Surface,1,9535
0,,Surface,1,9536
0,,Surface,1,9537
0,,Surface,1,9538
0,,Surface,1,9539
0,,Surface,1,9540
0,,Surface,1,9541
0,,Surface,1,9542
0,,Surface,1,9543
0,,Surface,1,9544
0,,Surface,1,9545
0,,Surface,1,9546
0,,Surface,1,9547
0,,Surface,1,9548
0,,Surface,1,9549
0,,Surface,1,9550
0,,Surface,1,9551
0,,Surface,1,9552
0,,Surface,1,9553
0,,Surface,1,9554
0,,Surface,1,9555
0,,Surface,1,9556
0,,Surface,1,9557
0,,Surface,1,9558
0,,Surface,1,9559
0,,Surface,1,9560
0,,Surface,1,9561
0,,Surface,1,9562
0,,Surface,1,9563
0,,Surface,1,9564
0,,Surface,1,9565
0,,Surface,1,9566
0,,Surface,1,9567
0,,Surface,1,9568
0,,Surface,1,9569
0,,Surface,1,9570
0,,Surface,1,9571
0,,Surface,1,9572
0,,Surface,1,9573
0,,Surface,1,9574
0,,Surface,1,9575
0,,Surface,1,9576
0,,Surface,1,9577
0,,Surface,1,9578
0,,Surface,1,9579
0,,Surface,1,9580
0,,Surface,1,9581
0,,Surface,1,9582
0,,Surface,1,9583
0,,Surface,1,9584
0,,Surface,1,9585
0,,Surface,1,9586
0,,Surface,1,9587
0,,Surface,1,9588
0,,Surface,1,9589
0,,Surface,1,9590
0,,Surface,1,9591
0,,Surface,1,9592
0,,Surface,1,9593
0,,Surface,1,9594
0,,Surface,1,9595
0,,Surface,1,9596
0,,Surface,1,9597
0,,Surface,1,9598
0,,Surface,1,9599
0,,Surface,1,9600
0,,Surface,1,9601
0,,Surface,1,9602
0,,Surface,1,9603
0,,Surface,1,9604
0,,Surface,1,9605
0,,Surface,1,9606
0,,Surface,1,9607
0,,Surface,1,9608
0,,Surface,1,9609
0,,Surface,1,9610
0,,Surface,1,9611
0,,Surface,1,9612
0,,Surface,1,9613
0,,Surface,1,9614
0,,Surface,1,9615
0,,Surface,1,9616
0,,Surface,1,9617
0,,Surface,1,9618
0,,Surface,1,9619
0,,Surface,1,9620
0,,Surface,1,9621
0.418227778,,Surface,2,9622
0.418227778,,Surface,2,9623
0.418227778,,Surface,2,9624
0.418227778,,Surface,2,9625
0.418227778,,Surface,2,9626
0.418227778,,Surface,2,9627
0.418227778,,Surface,2,9628
0.418227778,,Surface,2,9629
0.418227778,,Surface,2,9630
0.418227778,,Surface,2,9631
0.418227778,,Surface,2,9632
0.418227778,,Surface,2,9633
0.418227778,,Surface,2,9634
0.418227778,,Surface,2,9635
0.418227778,,Surface,2,9636
0.418227778,,Surface,2,9637
0.418227778,,Surface,2,9638
0.418227778,,Surface,2,9639
0.418227778,,Surface,2,9640
0.418227778,,Surface,2,9641
0.418227778,,Surface,2,9642
0.418227778,,Surface,2,9643
0.418227778,,Surface,2,9644
0.418227778,,Surface,2,9645
0.418227778,,Surface,2,9646
0.418227778,,Surface,2,9647
0.418227778,,Surface,2,9648
0.418227778,,Surface,2,9649
0.418227778,,Surface,2,9650
0.418227778,,Surface,2,9651
0.418227778,,Surface,2,9652
0.418227778,,Surface,2,9653
0.418227778,,Surface,2,9654
0.418227778,,Surface,2,9655
0.418227778,,Surface,2,9656
0.418227778,,Surface,2,9657
0.418227778,,Surface,2,9658
0.418227778,,Surface,2,9659
0.418227778,,Surface,2,9660
0.418227778,,Surface,2,9661
0.418227778,,Surface,2,9662
0.418227778,,Surface,2,9663
0.418227778,,Surface,2,9664
0.418227778,,Surface,2,9665
0.418227778,,Surface,2,9666
0.418227778,,Surface,2,9667
0.418227778,,Surface,2,9668
0.418227778,,Surface,2,9669
0.418227778,,Surface,2,9670
0.418227778,,Surface,2,9671
0.418227778,,Surface,2,9672
0.418227778,,Surface,2,9673
0.418227778,,Surface,2,9674
0.418227778,,Surface,2,9675
0.418227778,,Surface,2,9676
0.418227778,,Surface,2,9677
0.418227778,,Surface,2,9678
0.418227778,,Surface,2,9679
0.418227778,,Surface,2,9680
0.418227778,,Surface,2,9681
0.418227778,,Surface,2,9682
0.418227778,,Surface,2,9683
0.418227778,,Surface,2,9684
0.418227778,,Surface,2,9685
0.418227778,,Surface,2,9687
0.418227778,,Surface,2,9688
0.418227778,,Surface,2,9689
0.418227778,,Surface,2,9690
0.418227778,,Surface,2,9691
0.418227778,,Surface,2,9692
0.418227778,,Surface,2,9693
0.418227778,,Surface,2,9694
0.418227778,,Surface,2,9695
0.418227778,,Surface,2,9696
0.418227778,,Surface,2,9697
0.418227778,,Surface,2,9698
0.418227778,,Surface,2,9699
0.418227778,,Surface,2,9700
0.418227778,,Surface,2,9701
0.418227778,,Surface,2,9702
0.418227778,,Surface,2,9703
0.418227778,,Surface,2,9704
0.418227778,,Surface,2,9705
0.418227778,,Surface,2,9706
0.418227778,,Surface,2,9707
0.418227778,,Surface,2,9708
0.418227778,,Surface,2,9709
0.418227778,,Surface,2,9710
0.418227778,,Surface,2,9711
0.418227778,,Surface,2,9712
0.418227778,,Surface,2,9713
0.418227778,,Surface,2,9714
0.418227778,,Surface,2,9715
0.418227778,,Surface,2,9716
0.418227778,,Surface,2,9717
0.418227778,,Surface,2,9718
0.418227778,,Surface,2,9719
0.418227778,,Surface,2,9720
0.418227778,,Surface,2,9721
0.418227778,,Surface,2,9722
0.418227778,,Surface,2,9723
0.418227778,,Surface,2,9724
0.418227778,,Surface,2,9725
0.418227778,,Surface,2,9726
0.418227778,,Surface,2,9727
0.418227778,,Surface,2,9728
0.418227778,,Surface,2,9729
0.418227778,,Surface,2,9730
0.418227778,,Surface,2,9731
0.418227778,,Surface,2,9732
0.418227778,,Surface,2,9733
0.418227778,,Surface,2,9734
0.418227778,,Surface,2,9735
0.418227778,,Surface,2,9736
0.418227778,,Surface,2,9737
0.418227778,,Surface,2,9738
0.418227778,,Surface,2,9739
0.418227778,,Surface,2,9740
0.418227778,,Surface,2,9741
0.418227778,,Surface,2,9742
0.418227778,,Surface,2,9743
0.418227778,,Surface,2,9744
0.418227778,,Surface,2,9745
0.418227778,,Surface,2,9746
0.418227778,,Surface,2,9747
0.418227778,,Surface,2,9748
0.418227778,,Surface,2,9749
0.418227778,,Surface,2,9750
0.418227778,,Surface,2,9751
0.418227778,,Surface,2,9752
0.418227778,,Surface,2,9753
0.418227778,,Surface,2,9754
0.418227778,,Surface,2,9755
0.418227778,,Surface,2,9756
0.418227778,,Surface,2,9757
0.418227778,,Surface,2,9758
0.418227778,,Surface,2,9759
0.418227778,,Surface,2,9760
0.418227778,,Surface,2,9761
0.418227778,,Surface,2,9762
0.418227778,,Surface,2,9763
0.418227778,,Surface,2,9764
0.418227778,,Surface,2,9765
0.418227778,,Surface,2,9766
0.418227778,,Surface,2,9767
0.418227778,,Surface,2,9768
0.418227778,,Surface,2,9769
0.418227778,,Surface,2,9770
0.418227778,,Surface,2,9771
0.418227778,,Surface,2,9772
0.418227778,,Surface,2,9773
0.418227778,,Surface,2,9774
0.418227778,,Surface,2,9775
0.418227778,,Surface,2,9776
0.418227778,,Surface,2,9777
0.418227778,,Surface,2,9778
0.418227778,,Surface,2,9779
0.418227778,,Surface,2,9780
0.418227778,,Surface,2,9781
0.418227778,,Surface,2,9782
0.418227778,,Surface,2,9783
0.418227778,,Surface,2,9784
0.418227778,,Surface,2,9785
0.418227778,,Surface,2,9786
0.418227778,,Surface,2,9787
0.418227778,,Surface,2,9788
0.418227778,,Surface,2,9789
0.418227778,,Surface,2,9790
0.418227778,,Surface,2,9791
0.418227778,,Surface,2,9792
0.418227778,,Surface,2,9793
0.418227778,,Surface,2,9794
0.418227778,,Surface,2,9795
0.418227778,,Surface,2,9796
0.418227778,,Surface,2,9797
0.418227778,,Surface,2,9798
0.418227778,,Surface,2,9799
0.418227778,,Surface,2,9800
0.418227778,,Surface,2,9801
0.418227778,,Surface,2,9802
0.418227778,,Surface,2,9803
0.418227778,,Surface,2,9804
0.418227778,,Surface,2,9805
0.418227778,,Surface,2,9806
0.418227778,,Surface,2,9807
0.418227778,,Surface,2,9808
0.418227778,,Surface,2,9809
0.418227778,,Surface,2,9810
0.418227778,,Surface,2,9811
0.418227778,,Surface,2,9812
0.418227778,,Surface,2,9813
0.418227778,,Surface,2,9814
0.418227778,,Surface,2,9815
0.418227778,,Surface,2,9816
0.418227778,,Surface,2,9817
0.418227778,,Surface,2,9818
0.418227778,,Surface,2,9819
0.418227778,,Surface,2,9820
0.418227778,,Surface,2,9821
0.836452778,,Surface,3,9822
0.836452778,,Surface,3,9823
0.836452778,,Surface,3,9824
0.836452778,,Surface,3,9825
0.836452778,,Surface,3,9826
0.836452778,,Surface,3,9827
0.836452778,,Surface,3,9828
0.836452778,,Surface,3,9829
0.836452778,,Surface,3,9830
0.836452778,,Surface,3,9831
0.836452778,,Surface,3,9832
0.836452778,,Surface,3,9833
0.836452778,,Surface,3,9834
0.836452778,,Surface,3,9835
0.836452778,,Surface,3,9836
0.836452778,,Surface,3,9837
0.836452778,,Surface,3,9838
0.836452778,,Surface,3,9839
0.836452778,,Surface,3,9840
0.836452778,,Surface,3,9841
0.836452778,,Surface,3,9842
0.836452778,,Surface,3,9843
0.836452778,,Surface,3,9844
0.836452778,,Surface,3,9845
0.836452778,,Surface,3,9846
0.836452778,,Surface,3,9847
0.836452778,,Surface,3,9848
0.836452778,,Surface,3,9849
0.836452778,,Surface,3,9850
0.836452778,,Surface,3,9851
0.836452778,,Surface,3,9852
0.836452778,,Surface,3,9853
0.836452778,,Surface,3,9854
0.836452778,,Surface,3,9855
0.836452778,,Surface,3,9856
0.836452778,,Surface,3,9858
0.836452778,,Surface,3,9859
0.836452778,,Surface,3,9860
0.836452778,,Surface,3,9861
0.836452778,,Surface,3,9862
0.836452778,,Surface,3,9863
0.836452778,,Surface,3,9864
0.836452778,,Surface,3,9865
0.836452778,,Surface,3,9866
0.836452778,,Surface,3,9867
0.836452778,,Surface,3,9868
0.836452778,,Surface,3,9869
0.836452778,,Surface,3,9870
0.836452778,,Surface,3,9871
0.836452778,,Surface,3,9872
0.836452778,,Surface,3,9873
0.836452778,,Surface,3,9874
0.836452778,,Surface,3,9875
0.836452778,,Surface,3,9876
0.836452778,,Surface,3,9877
0.836452778,,Surface,3,9878
0.836452778,,Surface,3,9879
0.836452778,,Surface,3,9880
0.836452778,,Surface,3,9881
0.836452778,,Surface,3,9882
0.836452778,,Surface,3,9883
0.836452778,,Surface,3,9884
0.836452778,,Surface,3,9885
0.836452778,,Surface,3,9886
0.836452778,,Surface,3,9887
0.836452778,,Surface,3,9888
0.836452778,,Surface,3,9889
0.836452778,,Surface,3,9890
0.836452778,,Surface,3,9891
0.836452778,,Surface,3,9892
0.836452778,,Surface,3,9893
0.836452778,,Surface,3,9894
0.836452778,,Surface,3,9895
0.836452778,,Surface,3,9896
0.836452778,,Surface,3,9897
0.836452778,,Surface,3,9898
0.836452778,,Surface,3,9899
0.836452778,,Surface,3,9900
0.836452778,,Surface,3,9901
0.836452778,,Surface,3,9902
0.836452778,,Surface,3,9903
0.836452778,,Surface,3,9904
0.836452778,,Surface,3,9905
0.836452778,,Surface,3,9906
0.836452778,,Surface,3,9907
0.836452778,,Surface,3,9908
0.836452778,,Surface,3,9909
0.836452778,,Surface,3,9910
0.836452778,,Surface,3,9911
0.836452778,,Surface,3,9912
0.836452778,,Surface,3,9913
0.836452778,,Surface,3,9914
0.836452778,,Surface,3,9915
0.836452778,,Surface,3,9916
0.836452778,,Surface,3,9917
0.836452778,,Surface,3,9918
0.836452778,,Surface,3,9919
0.836452778,,Surface,3,9920
0.836452778,,Surface,3,9921
0.836452778,,Surface,3,9922
0.836452778,,Surface,3,9923
0.836452778,,Surface,3,9924
0.836452778,,Surface,3,9925
0.836452778,,Surface,3,9926
0.836452778,,Surface,3,9927
0.836452778,,Surface,3,9928
0.836452778,,Surface,3,9929
0.836452778,,Surface,3,9930
0.836452778,,Surface,3,9931
0.836452778,,Surface,3,9932
0.836452778,,Surface,3,9933
0.836452778,,Surface,3,9934
0.836452778,,Surface,3,9935
0.836452778,,Surface,3,9936
0.836452778,,Surface,3,9937
0.836452778,,Surface,3,9938
0.836452778,,Surface,3,9939
0.836452778,,Surface,3,9940
0.836452778,,Surface,3,9941
0.836452778,,Surface,3,9942
0.836452778,,Surface,3,9943
0.836452778,,Surface,3,9944
0.836452778,,Surface,3,9945
0.836452778,,Surface,3,9946
0.836452778,,Surface,3,9947
0.836452778,,Surface,3,9948
0.836452778,,Surface,3,9949
0.836452778,,Surface,3,9950
0.836452778,,Surface,3,9951
0.836452778,,Surface,3,9952
0.836452778,,Surface,3,9953
0.836452778,,Surface,3,9954
0.836452778,,Surface,3,9955
0.836452778,,Surface,3,9956
0.836452778,,Surface,3,9957
0.836452778,,Surface,3,9958
0.836452778,,Surface,3,9959
0.836452778,,Surface,3,9960
0.836452778,,Surface,3,9961
0.836452778,,Surface,3,9962
0.836452778,,Surface,3,9963
0.836452778,,Surface,3,9964
0.836452778,,Surface,3,9965
0.836452778,,Surface,3,9966
0.836452778,,Surface,3,9967
0.836452778,,Surface,3,9968
0.836452778,,Surface,3,9969
0.836452778,,Surface,3,9970
0.836452778,,Surface,3,9971
0.836452778,,Surface,3,9972
0.836452778,,Surface,3,9973
0.836452778,,Surface,3,9974
0.836452778,,Surface,3,9975
0.836452778,,Surface,3,9976
0.836452778,,Surface,3,9977
0.836452778,,Surface,3,9978
0.836452778,,Surface,3,9979
0.836452778,,Surface,3,9980
0.836452778,,Surface,3,9981
0.836452778,,Surface,3,9982
0.836452778,,Surface,3,9983
0.836452778,,Surface,3,9984
0.836452778,,Surface,3,9985
0.836452778,,Surface,3,9986
0.836452778,,Surface,3,9987
0.836452778,,Surface,3,9988
0.836452778,,Surface,3,9989
0.836452778,,Surface,3,9990
0.836452778,,Surface,3,9991
0.836452778,,Surface,3,9992
0.836452778,,Surface,3,9993
0.836452778,,Surface,3,9994
0.836452778,,Surface,3,9995
0.836452778,,Surface,3,9996
0.836452778,,Surface,3,9997
0.836452778,,Surface,3,9998
0.836452778,,Surface,3,9999
0.836452778,,Surface,3,10000
0.836452778,,Surface,3,10001
0.836452778,,Surface,3,10002
0.836452778,,Surface,3,10003
0.836452778,,Surface,3,10004
0.836452778,,Surface,3,10005
0.836452778,,Surface,3,10006
0.836452778,,Surface,3,10007
0.836452778,,Surface,3,10008
0.836452778,,Surface,3,10009
0.836452778,,Surface,3,10010
0.836452778,,Surface,3,10011
0.836452778,,Surface,3,10012
0.836452778,,Surface,3,10013
0.836452778,,Surface,3,10014
0.836452778,,Surface,3,10015
0.836452778,,Surface,3,10016
0.836452778,,Surface,3,10017
0.836452778,,Surface,3,10018
0.836452778,,Surface,3,10019
0.836452778,,Surface,3,10020
0.836452778,,Surface,3,10021
0.836452778,,Surface,3,10022
1.254680556,,Surface,4,10023
1.254680556,,Surface,4,10024
1.254680556,,Surface,4,10025
1.254680556,,Surface,4,10026
1.254680556,,Surface,4,10027
1.254680556,,Surface,4,10028
1.254680556,,Surface,4,10029
1.254680556,,Surface,4,10030
1.254680556,,Surface,4,10031
1.254680556,,Surface,4,10032
1.254680556,,Surface,4,10033
1.254680556,,Surface,4,10034
1.254680556,,Surface,4,10035
1.254680556,,Surface,4,10036
1.254680556,,Surface,4,10037
1.254680556,,Surface,4,10038
1.254680556,,Surface,4,10039
1.254680556,,Surface,4,10040
1.254680556,,Surface,4,10041
1.254680556,,Surface,4,10042
1.254680556,,Surface,4,10043
1.254680556,,Surface,4,10044
1.254680556,,Surface,4,10045
1.254680556,,Surface,4,10046
1.254680556,,Surface,4,10047
1.254680556,,Surface,4,10048
1.254680556,,Surface,4,10049
1.254680556,,Surface,4,10050
1.254680556,,Surface,4,10051
1.254680556,,Surface,4,10052
1.254680556,,Surface,4,10053
1.254680556,,Surface,4,10054
1.254680556,,Surface,4,10055
1.254680556,,Surface,4,10056
1.254680556,,Surface,4,10057
1.254680556,,Surface,4,10058
1.254680556,,Surface,4,10059
1.254680556,,Surface,4,10060
1.254680556,,Surface,4,10061
1.254680556,,Surface,4,10062
1.254680556,,Surface,4,10063
1.254680556,,Surface,4,10064
1.254680556,,Surface,4,10065
1.254680556,,Surface,4,10066
1.254680556,,Surface,4,10067
1.254680556,,Surface,4,10068
1.254680556,,Surface,4,10069
1.254680556,,Surface,4,10070
1.254680556,,Surface,4,10071
1.254680556,,Surface,4,10072
1.254680556,,Surface,4,10073
1.254680556,,Surface,4,10074
1.254680556,,Surface,4,10075
1.254680556,,Surface,4,10076
1.254680556,,Surface,4,10077
1.254680556,,Surface,4,10078
1.254680556,,Surface,4,10079
1.254680556,,Surface,4,10080
1.254680556,,Surface,4,10081
1.254680556,,Surface,4,10082
1.254680556,,Surface,4,10083
1.254680556,,Surface,4,10084
1.254680556,,Surface,4,10085
1.254680556,,Surface,4,10086
1.254680556,,Surface,4,10087
1.254680556,,Surface,4,10088
1.254680556,,Surface,4,10089
1.254680556,,Surface,4,10090
1.254680556,,Surface,4,10091
1.254680556,,Surface,4,10092
1.254680556,,Surface,4,10093
1.254680556,,Surface,4,10094
1.254680556,,Surface,4,10095
1.254680556,,Surface,4,10096
1.254680556,,Surface,4,10097
1.254680556,,Surface,4,10098
1.254680556,,Surface,4,10099
1.254680556,,Surface,4,10100
1.254680556,,Surface,4,10101
1.254680556,,Surface,4,10102
1.254680556,,Surface,4,10103
1.254680556,,Surface,4,10104
1.254680556,,Surface,4,10105
1.254680556,,Surface,4,10106
1.254680556,,Surface,4,10107
1.254680556,,Surface,4,10108
1.254680556,,Surface,4,10109
1.254680556,,Surface,4,10110
1.254680556,,Surface,4,10111
1.254680556,,Surface,4,10112
1.254680556,,Surface,4,10113
1.254680556,,Surface,4,10114
1.254680556,,Surface,4,10115
1.254680556,,Surface,4,10116
1.254680556,,Surface,4,10117
1.254680556,,Surface,4,10118
1.254680556,,Surface,4,10119
1.254680556,,Surface,4,10120
1.254680556,,Surface,4,10121
1.254680556,,Surface,4,10122
1.254680556,,Surface,4,10123
1.254680556,,Surface,4,10124
1.254680556,,Surface,4,10125
1.254680556,,Surface,4,10126
1.254680556,,Surface,4,10127
1.254680556,,Surface,4,10128
1.254680556,,Surface,4,10129
1.254680556,,Surface,4,10130
1.254680556,,Surface,4,10131
1.254680556,,Surface,4,10132
1.254680556,,Surface,4,10133
1.254680556,,Surface,4,10134
1.254680556,,Surface,4,10135
1.254680556,,Surface,4,10136
1.254680556,,Surface,4,10137
1.254680556,,Surface,4,10138
1.254680556,,Surface,4,10139
1.254680556,,Surface,4,10140
1.254680556,,Surface,4,10141
1.254680556,,Surface,4,10142
1.254680556,,Surface,4,10143
1.254680556,,Surface,4,10144
1.254680556,,Surface,4,10145
1.254680556,,Surface,4,10146
1.254680556,,Surface,4,10147
1.254680556,,Surface,4,10148
1.254680556,,Surface,4,10149
1.254680556,,Surface,4,10150
1.254680556,,Surface,4,10151
1.254680556,,Surface,4,10152
1.254680556,,Surface,4,10153
1.254680556,,Surface,4,10154
1.254680556,,Surface,4,10155
1.254680556,,Surface,4,10156
1.254680556,,Surface,4,10157
1.254680556,,Surface,4,10158
1.254680556,,Surface,4,10159
1.254680556,,Surface,4,10160
1.254680556,,Surface,4,10161
1.254680556,,Surface,4,10162
1.254680556,,Surface,4,10163
1.254680556,,Surface,4,10164
1.254680556,,Surface,4,10165
1.254680556,,Surface,4,10166
1.254680556,,Surface,4,10167
1.254680556,,Surface,4,10168
1.254680556,,Surface,4,10169
1.254680556,,Surface,4,10170
1.254680556,,Surface,4,10171
1.254680556,,Surface,4,10172
1.254680556,,Surface,4,10173
1.254680556,,Surface,4,10174
1.254680556,,Surface,4,10175
1.254680556,,Surface,4,10176
1.254680556,,Surface,4,10177
1.254680556,,Surface,4,10178
1.254680556,,Surface,4,10179
1.254680556,,Surface,4,10180
1.254680556,,Surface,4,10181
1.254680556,,Surface,4,10182
1.254680556,,Surface,4,10183
1.254680556,,Surface,4,10184
1.254680556,,Surface,4,10185
1.254680556,,Surface,4,10186
1.254680556,,Surface,4,10187
1.254680556,,Surface,4,10188
1.254680556,,Surface,4,10189
1.254680556,,Surface,4,10190
1.254680556,,Surface,4,10191
1.254680556,,Surface,4,10192
1.254680556,,Surface,4,10193
1.254680556,,Surface,4,10194
1.254680556,,Surface,4,10195
1.254680556,,Surface,4,10196
1.254680556,,Surface,4,10197
1.254680556,,Surface,4,10198
1.254680556,,Surface,4,10199
1.254680556,,Surface,4,10200
1.254680556,,Surface,4,10201
1.254680556,,Surface,4,10202
1.254680556,,Surface,4,10203
1.254680556,,Surface,4,10204
1.254680556,,Surface,4,10205
1.254680556,,Surface,4,10206
1.254680556,,Surface,4,10207
1.254680556,,Surface,4,10208
1.254680556,,Surface,4,10209
1.254680556,,Surface,4,10210
1.254680556,,Surface,4,10211
1.254680556,,Surface,4,10212
1.254680556,,Surface,4,10213
1.254680556,,Surface,4,10214
1.254680556,,Surface,4,10215
1.254680556,,Surface,4,10216
1.254680556,,Surface,4,10217
1.254680556,,Surface,4,10218
1.254680556,,Surface,4,10219
1.254680556,,Surface,4,10220
1.254680556,,Surface,4,10221
1.254680556,,Surface,4,10222
1.254680556,,Surface,4,10223
1.254680556,,Surface,4,10224
1.254680556,,Surface,4,10225
1.254680556,,Surface,4,10226
1.254680556,,Surface,4,10227
1.254680556,,Surface,4,10228
1.254680556,,Surface,4,10229
1.254680556,,Surface,4,10230
1.254680556,,Surface,4,10231
1.254680556,,Surface,4,10232
1.254680556,,Surface,4,10233
1.254680556,,Surface,4,10234
1.254680556,,Surface,4,10235
1.254680556,,Surface,4,10236
1.254680556,,Surface,4,10237
1.254680556,,Surface,4,10238
1.254680556,,Surface,4,10239
1.254680556,,Surface,4,10240
1.254680556,,Surface,4,10241
1.254680556,,Surface,4,10242
1.254680556,,Surface,4,10243
1.672905556,,Surface,5,10244
1.672905556,,Surface,5,10245
1.672905556,,Surface,5,10246
1.672905556,,Surface,5,10247
1.672905556,,Surface,5,10248
1.672905556,,Surface,5,10249
1.672905556,,Surface,5,10250
1.672905556,,Surface,5,10251
1.672905556,,Surface,5,10252
1.672905556,,Surface,5,10253
1.672905556,,Surface,5,10254
1.672905556,,Surface,5,10255
1.672905556,,Surface,5,10256
1.672905556,,Surface,5,10257
1.672905556,,Surface,5,10258
1.672905556,,Surface,5,10259
1.672905556,,Surface,5,10260
1.672905556,,Surface,5,10261
1.672905556,,Surface,5,10262
1.672905556,,Surface,5,10263
1.672905556,,Surface,5,10264
1.672905556,,Surface,5,10265
1.672905556,,Surface,5,10266
1.672905556,,Surface,5,10267
1.672905556,,Surface,5,10268
1.672905556,,Surface,5,10269
1.672905556,,Surface,5,10270
1.672905556,,Surface,5,10271
1.672905556,,Surface,5,10272
1.672905556,,Surface,5,10273
1.672905556,,Surface,5,10274
1.672905556,,Surface,5,10275
1.672905556,,Surface,5,10276
1.672905556,,Surface,5,10277
1.672905556,,Surface,5,10278
1.672905556,,Surface,5,10279
1.672905556,,Surface,5,10280
1.672905556,,Surface,5,10281
1.672905556,,Surface,5,10282
1.672905556,,Surface,5,10283
1.672905556,,Surface,5,10284
1.672905556,,Surface,5,10285
1.672905556,,Surface,5,10286
1.672905556,,Surface,5,10287
1.672905556,,Surface,5,10288
1.672905556,,Surface,5,10289
1.672905556,,Surface,5,10290
1.672905556,,Surface,5,10291
1.672905556,,Surface,5,10292
1.672905556,,Surface,5,10293
1.672905556,,Surface,5,10294
1.672905556,,Surface,5,10295
1.672905556,,Surface,5,10296
1.672905556,,Surface,5,10297
1.672905556,,Surface,5,10298
1.672905556,,Surface,5,10299
1.672905556,,Surface,5,10300
1.672905556,,Surface,5,10301
1.672905556,,Surface,5,10302
1.672905556,,Surface,5,10303
1.672905556,,Surface,5,10304
1.672905556,,Surface,5,10305
1.672905556,,Surface,5,10306
1.672905556,,Surface,5,10307
1.672905556,,Surface,5,10308
1.672905556,,Surface,5,10309
1.672905556,,Surface,5,10310
1.672905556,,Surface,5,10311
1.672905556,,Surface,5,10312
1.672905556,,Surface,5,10313
1.672905556,,Surface,5,10314
1.672905556,,Surface,5,10315
1.672905556,,Surface,5,10316
1.672905556,,Surface,5,10317
1.672905556,,Surface,5,10318
1.672905556,,Surface,5,10319
1.672905556,,Surface,5,10320
1.672905556,,Surface,5,10321
1.672905556,,Surface,5,10322
1.672905556,,Surface,5,10323
1.672905556,,Surface,5,10324
1.672905556,,Surface,5,10325
1.672905556,,Surface,5,10326
1.672905556,,Surface,5,10327
1.672905556,,Surface,5,10328
1.672905556,,Surface,5,10329
1.672905556,,Surface,5,10330
1.672905556,,Surface,5,10331
1.672905556,,Surface,5,10332
1.672905556,,Surface,5,10333
1.672905556,,Surface,5,10334
1.672905556,,Surface,5,10335
1.672905556,,Surface,5,10336
1.672905556,,Surface,5,10337
1.672905556,,Surface,5,10338
1.672905556,,Surface,5,10339
1.672905556,,Surface,5,10340
1.672905556,,Surface,5,10341
1.672905556,,Surface,5,10342
1.672905556,,Surface,5,10343
1.672905556,,Surface,5,10344
1.672905556,,Surface,5,10345
1.672905556,,Surface,5,10346
1.672905556,,Surface,5,10347
1.672905556,,Surface,5,10348
1.672905556,,Surface,5,10349
1.672905556,,Surface,5,10350
1.672905556,,Surface,5,10351
1.672905556,,Surface,5,10352
1.672905556,,Surface,5,10353
1.672905556,,Surface,5,10354
1.672905556,,Surface,5,10355
1.672905556,,Surface,5,10356
1.672905556,,Surface,5,10357
1.672905556,,Surface,5,10358
1.672905556,,Surface,5,10359
1.672905556,,Surface,5,10360
1.672905556,,Surface,5,10361
1.672905556,,Surface,5,10362
1.672905556,,Surface,5,10363
1.672905556,,Surface,5,10364
1.672905556,,Surface,5,10365
1.672905556,,Surface,5,10366
1.672905556,,Surface,5,10367
1.672905556,,Surface,5,10368
1.672905556,,Surface,5,10369
1.672905556,,Surface,5,10370
1.672905556,,Surface,5,10371
1.672905556,,Surface,5,10372
1.672905556,,Surface,5,10373
1.672905556,,Surface,5,10374
1.672905556,,Surface,5,10375
1.672905556,,Surface,5,10376
1.672905556,,Surface,5,10377
1.672905556,,Surface,5,10378
1.672905556,,Surface,5,10379
1.672905556,,Surface,5,10380
1.672905556,,Surface,5,10381
1.672905556,,Surface,5,10382
1.672905556,,Surface,5,10383
1.672905556,,Surface,5,10384
1.672905556,,Surface,5,10385
1.672905556,,Surface,5,10386
1.672905556,,Surface,5,10387
1.672905556,,Surface,5,10388
1.672905556,,Surface,5,10389
1.672905556,,Surface,5,10390
1.672905556,,Surface,5,10391
1.672905556,,Surface,5,10392
1.672905556,,Surface,5,10393
1.672905556,,Surface,5,10394
1.672905556,,Surface,5,10395
1.672905556,,Surface,5,10396
1.672905556,,Surface,5,10397
1.672905556,,Surface,5,10398
1.672905556,,Surface,5,10399
1.672905556,,Surface,5,10400
1.672905556,,Surface,5,10401
1.672905556,,Surface,5,10402
1.672905556,,Surface,5,10403
1.672905556,,Surface,5,10404
1.672905556,,Surface,5,10405
1.672905556,,Surface,5,10406
1.672905556,,Surface,5,10407
1.672905556,,Surface,5,10408
1.672905556,,Surface,5,10409
1.672905556,,Surface,5,10410
1.672905556,,Surface,5,10411
1.672905556,,Surface,5,10412
1.672905556,,Surface,5,10413
1.672905556,,Surface,5,10414
1.672905556,,Surface,5,10415
1.672905556,,Surface,5,10416
1.672905556,,Surface,5,10417
1.672905556,,Surface,5,10418
1.672905556,,Surface,5,10419
1.672905556,,Surface,5,10420
1.672905556,,Surface,5,10421
1.672905556,,Surface,5,10422
1.672905556,,Surface,5,10423
1.672905556,,Surface,5,10424
1.672905556,,Surface,5,10425
1.672905556,,Surface,5,10426
1.672905556,,Surface,5,10427
1.672905556,,Surface,5,10428
1.672905556,,Surface,5,10429
1.672905556,,Surface,5,10430
1.672905556,,Surface,5,10431
1.672905556,,Surface,5,10432
1.672905556,,Surface,5,10433
1.672905556,,Surface,5,10434
1.672905556,,Surface,5,10435
1.672905556,,Surface,5,10436
1.672905556,,Surface,5,10437
1.672905556,,Surface,5,10438
1.672905556,,Surface,5,10439
1.672905556,,Surface,5,10440
1.672905556,,Surface,5,10441
1.672905556,,Surface,5,10442
1.672905556,,Surface,5,10443
1.672905556,,Surface,5,10444
1.672905556,,Surface,5,10445
1.672905556,,Surface,5,10446
1.672905556,,Surface,5,10447
1.672905556,,Surface,5,10448
1.672905556,,Surface,5,10449
1.672905556,,Surface,5,10450
2.091133333,,Surface,6,10451
2.091133333,,Surface,6,10452
2.091133333,,Surface,6,10453
2.091133333,,Surface,6,10454
2.091133333,,Surface,6,10455
2.091133333,,Surface,6,10456
2.091133333,,Surface,6,10457
2.091133333,,Surface,6,10458
2.091133333,,Surface,6,10459
2.091133333,,Surface,6,10460
2.091133333,,Surface,6,10461
2.091133333,,Surface,6,10462
2.091133333,,Surface,6,10463
2.091133333,,Surface,6,10464
2.091133333,,Surface,6,10465
2.091133333,,Surface,6,10466
2.091133333,,Surface,6,10467
2.091133333,,Surface,6,10468
2.091133333,,Surface,6,10469
2.091133333,,Surface,6,10470
2.091133333,,Surface,6,10471
2.091133333,,Surface,6,10472
2.091133333,,Surface,6,10473
2.091133333,,Surface,6,10474
2.091133333,,Surface,6,10475
2.091133333,,Surface,6,10476
2.091133333,,Surface,6,10477
2.091133333,,Surface,6,10478
2.091133333,,Surface,6,10479
2.091133333,,Surface,6,10480
2.091133333,,Surface,6,10481
2.091133333,,Surface,6,10482
2.091133333,,Surface,6,10483
2.091133333,,Surface,6,10484
2.091133333,,Surface,6,10485
2.091133333,,Surface,6,10486
2.091133333,,Surface,6,10487
2.091133333,,Surface,6,10488
2.091133333,,Surface,6,10489
2.091133333,,Surface,6,10490
2.091133333,,Surface,6,10491
2.091133333,,Surface,6,10492
2.091133333,,Surface,6,10493
2.091133333,,Surface,6,10494
2.091133333,,Surface,6,10495
2.091133333,,Surface,6,10496
2.091133333,,Surface,6,10497
2.091133333,,Surface,6,10498
2.091133333,,Surface,6,10499
2.091133333,,Surface,6,10500
2.091133333,,Surface,6,10501
2.091133333,,Surface,6,10502
2.091133333,,Surface,6,10503
2.091133333,,Surface,6,10504
2.091133333,,Surface,6,10505
2.091133333,,Surface,6,10506
2.091133333,,Surface,6,10507
2.091133333,,Surface,6,10508
2.091133333,,Surface,6,10509
2.091133333,,Surface,6,10510
2.091133333,,Surface,6,10511
2.091133333,,Surface,6,10512
2.091133333,,Surface,6,10513
2.091133333,,Surface,6,10514
2.091133333,,Surface,6,10515
2.091133333,,Surface,6,10516
2.091133333,,Surface,6,10517
2.091133333,,Surface,6,10518
2.091133333,,Surface,6,10519
2.091133333,,Surface,6,10520
2.091133333,,Surface,6,10521
2.091133333,,Surface,6,10522
2.091133333,,Surface,6,10523
2.091133333,,Surface,6,10524
2.091133333,,Surface,6,10525
2.091133333,,Surface,6,10526
2.091133333,,Surface,6,10527
2.091133333,,Surface,6,10528
2.091133333,,Surface,6,10529
2.091133333,,Surface,6,10530
2.091133333,,Surface,6,10531
2.091133333,,Surface,6,10532
2.091133333,,Surface,6,10533
2.091133333,,Surface,6,10534
2.091133333,,Surface,6,10535
2.091133333,,Surface,6,10536
2.091133333,,Surface,6,10537
2.091133333,,Surface,6,10538
2.091133333,,Surface,6,10539
2.091133333,,Surface,6,10540
2.091133333,,Surface,6,10541
2.091133333,,Surface,6,10542
2.091133333,,Surface,6,10543
2.091133333,,Surface,6,10544
2.091133333,,Surface,6,10545
2.091133333,,Surface,6,10546
2.091133333,,Surface,6,10547
2.091133333,,Surface,6,10548
2.091133333,,Surface,6,10549
2.091133333,,Surface,6,10550
2.091133333,,Surface,6,10551
2.091133333,,Surface,6,10552
2.091133333,,Surface,6,10553
2.091133333,,Surface,6,10554
2.091133333,,Surface,6,10555
2.091133333,,Surface,6,10556
2.091133333,,Surface,6,10557
2.091133333,,Surface,6,10558
2.091133333,,Surface,6,10559
2.091133333,,Surface,6,10560
2.091133333,,Surface,6,10561
2.091133333,,Surface,6,10562
2.091133333,,Surface,6,10563
2.091133333,,Surface,6,10564
2.091133333,,Surface,6,10565
2.091133333,,Surface,6,10566
2.091133333,,Surface,6,10567
2.091133333,,Surface,6,10568
2.091133333,,Surface,6,10569
2.091133333,,Surface,6,10570
2.091133333,,Surface,6,10571
2.091133333,,Surface,6,10572
2.091133333,,Surface,6,10573
2.091133333,,Surface,6,10574
2.091133333,,Surface,6,10575
2.091133333,,Surface,6,10576
2.091133333,,Surface,6,10577
2.091133333,,Surface,6,10578
2.091133333,,Surface,6,10579
2.091133333,,Surface,6,10580
2.091133333,,Surface,6,10581
2.091133333,,Surface,6,10582
2.091133333,,Surface,6,10583
2.091133333,,Surface,6,10584
2.091133333,,Surface,6,10585
2.091133333,,Surface,6,10586
2.091133333,,Surface,6,10587
2.091133333,,Surface,6,10588
2.091133333,,Surface,6,10589
2.091133333,,Surface,6,10590
2.091133333,,Surface,6,10591
2.091133333,,Surface,6,10592
2.091133333,,Surface,6,10593
2.091133333,,Surface,6,10594
2.091133333,,Surface,6,10595
2.091133333,,Surface,6,10596
2.091133333,,Surface,6,10597
2.091133333,,Surface,6,10598
2.091133333,,Surface,6,10599
2.091133333,,Surface,6,10600
2.091133333,,Surface,6,10601
2.091133333,,Surface,6,10602
2.091133333,,Surface,6,10603
2.091133333,,Surface,6,10604
2.091133333,,Surface,6,10605
2.091133333,,Surface,6,10606
2.091133333,,Surface,6,10607
2.091133333,,Surface,6,10608
2.091133333,,Surface,6,10609
2.091133333,,Surface,6,10610
2.091133333,,Surface,6,10611
2.091133333,,Surface,6,10612
2.091133333,,Surface,6,10613
2.091133333,,Surface,6,10614
2.091133333,,Surface,6,10615
2.091133333,,Surface,6,10616
2.091133333,,Surface,6,10617
2.091133333,,Surface,6,10618
2.091133333,,Surface,6,10619
2.091133333,,Surface,6,10620
2.091133333,,Surface,6,10621
2.091133333,,Surface,6,10622
2.091133333,,Surface,6,10623
2.091133333,,Surface,6,10624
2.091133333,,Surface,6,10625
2.091133333,,Surface,6,10626
2.091133333,,Surface,6,10627
2.091133333,,Surface,6,10628
2.091133333,,Surface,6,10629
2.091133333,,Surface,6,10630
2.091133333,,Surface,6,10631
2.091133333,,Surface,6,10632
2.091133333,,Surface,6,10633
2.091133333,,Surface,6,10634
2.091133333,,Surface,6,10635
2.091133333,,Surface,6,10636
2.091133333,,Surface,6,10637
2.091133333,,Surface,6,10638
2.091133333,,Surface,6,10639
2.091133333,,Surface,6,10640
2.091133333,,Surface,6,10641
2.091133333,,Surface,6,10642
2.091133333,,Surface,6,10643
2.091133333,,Surface,6,10644
2.091133333,,Surface,6,10645
2.091133333,,Surface,6,10646
2.091133333,,Surface,6,10647
2.509358333,,Surface,7,10648
2.509358333,,Surface,7,10649
2.509358333,,Surface,7,10650
2.509358333,,Surface,7,10651
2.509358333,,Surface,7,10652
2.509358333,,Surface,7,10653
2.509358333,,Surface,7,10654
2.509358333,,Surface,7,10655
2.509358333,,Surface,7,10656
2.509358333,,Surface,7,10657
2.509358333,,Surface,7,10658
2.509358333,,Surface,7,10659
2.509358333,,Surface,7,10660
2.509358333,,Surface,7,10661
2.509358333,,Surface,7,10662
2.509358333,,Surface,7,10663
2.509358333,,Surface,7,10664
2.509358333,,Surface,7,10665
2.509358333,,Surface,7,10666
2.509358333,,Surface,7,10667
2.509358333,,Surface,7,10668
2.509358333,,Surface,7,10669
2.509358333,,Surface,7,10670
2.509358333,,Surface,7,10671
2.509358333,,Surface,7,10672
2.509358333,,Surface,7,10673
2.509358333,,Surface,7,10674
2.509358333,,Surface,7,10675
2.509358333,,Surface,7,10676
2.509358333,,Surface,7,10677
2.509358333,,Surface,7,10678
2.509358333,,Surface,7,10679
2.509358333,,Surface,7,10680
2.509358333,,Surface,7,10681
2.509358333,,Surface,7,10682
2.509358333,,Surface,7,10683
2.509358333,,Surface,7,10684
2.509358333,,Surface,7,10685
2.509358333,,Surface,7,10686
2.509358333,,Surface,7,10687
2.509358333,,Surface,7,10688
2.509358333,,Surface,7,10689
2.509358333,,Surface,7,10690
2.509358333,,Surface,7,10691
2.509358333,,Surface,7,10692
2.509358333,,Surface,7,10693
2.509358333,,Surface,7,10694
2.509358333,,Surface,7,10695
2.509358333,,Surface,7,10696
2.509358333,,Surface,7,10697
2.509358333,,Surface,7,10698
2.509358333,,Surface,7,10699
2.509358333,,Surface,7,10700
2.509358333,,Surface,7,10701
2.509358333,,Surface,7,10702
2.509358333,,Surface,7,10703
2.509358333,,Surface,7,10704
2.509358333,,Surface,7,10705
2.509358333,,Surface,7,10706
2.509358333,,Surface,7,10707
2.509358333,,Surface,7,10708
2.509358333,,Surface,7,10709
2.509358333,,Surface,7,10710
2.509358333,,Surface,7,10711
2.509358333,,Surface,7,10712
2.509358333,,Surface,7,10713
2.509358333,,Surface,7,10714
2.509358333,,Surface,7,10715
2.509358333,,Surface,7,10716
2.509358333,,Surface,7,10717
2.509358333,,Surface,7,10718
2.509358333,,Surface,7,10719
2.509358333,,Surface,7,10720
2.509358333,,Surface,7,10721
2.509358333,,Surface,7,10722
2.509358333,,Surface,7,10723
2.509358333,,Surface,7,10724
2.509358333,,Surface,7,10725
2.509358333,,Surface,7,10726
2.509358333,,Surface,7,10727
2.509358333,,Surface,7,10728
2.509358333,,Surface,7,10729
2.509358333,,Surface,7,10730
2.509358333,,Surface,7,10731
2.509358333,,Surface,7,10732
2.509358333,,Surface,7,10733
2.509358333,,Surface,7,10734
2.509358333,,Surface,7,10735
2.509358333,,Surface,7,10736
2.509358333,,Surface,7,10737
2.509358333,,Surface,7,10738
2.509358333,,Surface,7,10739
2.509358333,,Surface,7,10740
2.509358333,,Surface,7,10741
2.509358333,,Surface,7,10742
2.509358333,,Surface,7,10743
2.509358333,,Surface,7,10744
2.509358333,,Surface,7,10745
2.509358333,,Surface,7,10746
2.509358333,,Surface,7,10747
2.509358333,,Surface,7,10748
2.509358333,,Surface,7,10749
2.509358333,,Surface,7,10750
2.509358333,,Surface,7,10751
2.509358333,,Surface,7,10752
2.509358333,,Surface,7,10753
2.509358333,,Surface,7,10754
2.509358333,,Surface,7,10755
2.509358333,,Surface,7,10756
2.509358333,,Surface,7,10757
2.509358333,,Surface,7,10758
2.509358333,,Surface,7,10759
2.509358333,,Surface,7,10760
2.509358333,,Surface,7,10761
2.509358333,,Surface,7,10762
2.509358333,,Surface,7,10763
2.509358333,,Surface,7,10764
2.509358333,,Surface,7,10765
2.509358333,,Surface,7,10766
2.509358333,,Surface,7,10767
2.509358333,,Surface,7,10768
2.509358333,,Surface,7,10769
2.509358333,,Surface,7,10770
2.509358333,,Surface,7,10771
2.509358333,,Surface,7,10772
2.509358333,,Surface,7,10773
2.509358333,,Surface,7,10774
2.509358333,,Surface,7,10775
2.509358333,,Surface,7,10776
2.509358333,,Surface,7,10777
2.509358333,,Surface,7,10778
2.509358333,,Surface,7,10779
2.509358333,,Surface,7,10780
2.509358333,,Surface,7,10781
2.509358333,,Surface,7,10782
2.509358333,,Surface,7,10783
2.509358333,,Surface,7,10784
2.509358333,,Surface,7,10785
2.509358333,,Surface,7,10786
2.509358333,,Surface,7,10787
2.509358333,,Surface,7,10788
2.509358333,,Surface,7,10789
2.509358333,,Surface,7,10790
2.509358333,,Surface,7,10791
2.509358333,,Surface,7,10792
2.509358333,,Surface,7,10793
2.509358333,,Surface,7,10794
2.509358333,,Surface,7,10795
2.509358333,,Surface,7,10796
2.509358333,,Surface,7,10797
2.509358333,,Surface,7,10798
2.509358333,,Surface,7,10799
2.509358333,,Surface,7,10800
2.509358333,,Surface,7,10801
2.509358333,,Surface,7,10802
2.509358333,,Surface,7,10803
2.509358333,,Surface,7,10804
2.509358333,,Surface,7,10805
2.509358333,,Surface,7,10806
2.509358333,,Surface,7,10807
2.509358333,,Surface,7,10808
2.509358333,,Surface,7,10809
2.509358333,,Surface,7,10810
2.509358333,,Surface,7,10811
2.509358333,,Surface,7,10812
2.509358333,,Surface,7,10813
2.509358333,,Surface,7,10814
2.509358333,,Surface,7,10815
2.509358333,,Surface,7,10816
2.509358333,,Surface,7,10817
2.509358333,,Surface,7,10818
2.509358333,,Surface,7,10819
2.509358333,,Surface,7,10820
2.509358333,,Surface,7,10821
2.509358333,,Surface,7,10822
2.509358333,,Surface,7,10823
2.509358333,,Surface,7,10824
2.509358333,,Surface,7,10825
2.509358333,,Surface,7,10826
2.509358333,,Surface,7,10827
2.509358333,,Surface,7,10828
2.509358333,,Surface,7,10829
2.509358333,,Surface,7,10830
2.509358333,,Surface,7,10831
2.509358333,,Surface,7,10832
2.509358333,,Surface,7,10833
2.509358333,,Surface,7,10834
2.509358333,,Surface,7,10835
2.509358333,,Surface,7,10836
2.509358333,,Surface,7,10837
2.509358333,,Surface,7,10838
2.509358333,,Surface,7,10839
2.509358333,,Surface,7,10840
2.509358333,,Surface,7,10841
2.509358333,,Surface,7,10842
2.509358333,,Surface,7,10843
2.509358333,,Surface,7,10844
2.509358333,,Surface,7,10845
2.509358333,,Surface,7,10846
2.509358333,,Surface,7,10847
2.509358333,,Surface,7,10848
2.509358333,,Surface,7,10849
2.509358333,,Surface,7,10850
2.509358333,,Surface,7,10851
2.509358333,,Surface,7,10852
2.927583333,,Surface,8,10853
2.927583333,,Surface,8,10854
2.927583333,,Surface,8,10855
2.927583333,,Surface,8,10856
2.927583333,,Surface,8,10857
2.927583333,,Surface,8,10858
2.927583333,,Surface,8,10859
2.927583333,,Surface,8,10860
2.927583333,,Surface,8,10861
2.927583333,,Surface,8,10862
2.927583333,,Surface,8,10863
2.927583333,,Surface,8,10864
2.927583333,,Surface,8,10865
2.927583333,,Surface,8,10866
2.927583333,,Surface,8,10867
2.927583333,,Surface,8,10868
2.927583333,,Surface,8,10869
2.927583333,,Surface,8,10870
2.927583333,,Surface,8,10871
2.927583333,,Surface,8,10872
2.927583333,,Surface,8,10873
2.927583333,,Surface,8,10874
2.927583333,,Surface,8,10875
2.927583333,,Surface,8,10876
2.927583333,,Surface,8,10877
2.927583333,,Surface,8,10878
2.927583333,,Surface,8,10879
2.927583333,,Surface,8,10880
2.927583333,,Surface,8,10881
2.927583333,,Surface,8,10882
2.927583333,,Surface,8,10883
2.927583333,,Surface,8,10884
2.927583333,,Surface,8,10885
2.927583333,,Surface,8,10886
2.927583333,,Surface,8,10887
2.927583333,,Surface,8,10888
2.927583333,,Surface,8,10889
2.927583333,,Surface,8,10890
2.927583333,,Surface,8,10891
2.927583333,,Surface,8,10892
2.927583333,,Surface,8,10893
2.927583333,,Surface,8,10894
2.927583333,,Surface,8,10895
2.927583333,,Surface,8,10896
2.927583333,,Surface,8,10897
2.927583333,,Surface,8,10898
2.927583333,,Surface,8,10899
2.927583333,,Surface,8,10900
2.927583333,,Surface,8,10901
2.927583333,,Surface,8,10902
2.927583333,,Surface,8,10903
2.927583333,,Surface,8,10904
2.927583333,,Surface,8,10905
2.927583333,,Surface,8,10906
2.927583333,,Surface,8,10907
2.927583333,,Surface,8,10908
2.927583333,,Surface,8,10909
2.927583333,,Surface,8,10910
2.927583333,,Surface,8,10911
2.927583333,,Surface,8,10912
2.927583333,,Surface,8,10913
2.927583333,,Surface,8,10914
2.927583333,,Surface,8,10915
2.927583333,,Surface,8,10916
2.927583333,,Surface,8,10917
2.927583333,,Surface,8,10918
2.927583333,,Surface,8,10919
2.927583333,,Surface,8,10920
2.927583333,,Surface,8,10921
2.927583333,,Surface,8,10922
2.927583333,,Surface,8,10923
2.927583333,,Surface,8,10924
2.927583333,,Surface,8,10925
2.927583333,,Surface,8,10926
2.927583333,,Surface,8,10927
2.927583333,,Surface,8,10928
2.927583333,,Surface,8,10929
2.927583333,,Surface,8,10930
2.927583333,,Surface,8,10931
2.927583333,,Surface,8,10932
2.927583333,,Surface,8,10933
2.927583333,,Surface,8,10934
2.927583333,,Surface,8,10935
2.927583333,,Surface,8,10936
2.927583333,,Surface,8,10937
2.927583333,,Surface,8,10938
2.927583333,,Surface,8,10939
2.927583333,,Surface,8,10940
2.927583333,,Surface,8,10941
2.927583333,,Surface,8,10942
2.927583333,,Surface,8,10943
2.927583333,,Surface,8,10944
2.927583333,,Surface,8,10945
2.927583333,,Surface,8,10946
2.927583333,,Surface,8,10947
2.927583333,,Surface,8,10948
2.927583333,,Surface,8,10949
2.927583333,,Surface,8,10950
2.927583333,,Surface,8,10951
2.927583333,,Surface,8,10952
2.927583333,,Surface,8,10953
2.927583333,,Surface,8,10954
2.927583333,,Surface,8,10955
2.927583333,,Surface,8,10956
2.927583333,,Surface,8,10957
2.927583333,,Surface,8,10958
2.927583333,,Surface,8,10959
2.927583333,,Surface,8,10960
2.927583333,,Surface,8,10961
2.927583333,,Surface,8,10962
2.927583333,,Surface,8,10963
2.927583333,,Surface,8,10964
2.927583333,,Surface,8,10965
2.927583333,,Surface,8,10966
2.927583333,,Surface,8,10967
2.927583333,,Surface,8,10968
2.927583333,,Surface,8,10969
2.927583333,,Surface,8,10970
2.927583333,,Surface,8,10971
2.927583333,,Surface,8,10972
2.927583333,,Surface,8,10973
2.927583333,,Surface,8,10974
2.927583333,,Surface,8,10975
2.927583333,,Surface,8,10976
2.927583333,,Surface,8,10977
2.927583333,,Surface,8,10978
2.927583333,,Surface,8,10979
2.927583333,,Surface,8,10980
2.927583333,,Surface,8,10981
2.927583333,,Surface,8,10982
2.927583333,,Surface,8,10983
2.927583333,,Surface,8,10984
2.927583333,,Surface,8,10985
2.927583333,,Surface,8,10986
2.927583333,,Surface,8,10987
2.927583333,,Surface,8,10988
2.927583333,,Surface,8,10989
2.927583333,,Surface,8,10990
2.927583333,,Surface,8,10991
2.927583333,,Surface,8,10992
2.927583333,,Surface,8,10993
2.927583333,,Surface,8,10994
2.927583333,,Surface,8,10995
2.927583333,,Surface,8,10996
2.927583333,,Surface,8,10997
2.927583333,,Surface,8,10998
2.927583333,,Surface,8,10999
2.927583333,,Surface,8,11000
2.927583333,,Surface,8,11001
2.927583333,,Surface,8,11002
2.927583333,,Surface,8,11003
2.927583333,,Surface,8,11004
2.927583333,,Surface,8,11005
2.927583333,,Surface,8,11006
2.927583333,,Surface,8,11007
2.927583333,,Surface,8,11008
2.927583333,,Surface,8,11009
2.927583333,,Surface,8,11010
2.927583333,,Surface,8,11011
2.927583333,,Surface,8,11012
2.927583333,,Surface,8,11013
2.927583333,,Surface,8,11014
2.927583333,,Surface,8,11015
2.927583333,,Surface,8,11016
2.927583333,,Surface,8,11017
2.927583333,,Surface,8,11018
2.927583333,,Surface,8,11019
2.927583333,,Surface,8,11020
2.927583333,,Surface,8,11021
2.927583333,,Surface,8,11022
2.927583333,,Surface,8,11023
2.927583333,,Surface,8,11024
2.927583333,,Surface,8,11025
2.927583333,,Surface,8,11026
2.927583333,,Surface,8,11027
2.927583333,,Surface,8,11028
2.927583333,,Surface,8,11029
2.927583333,,Surface,8,11030
2.927583333,,Surface,8,11031
2.927583333,,Surface,8,11032
2.927583333,,Surface,8,11033
2.927583333,,Surface,8,11034
2.927583333,,Surface,8,11035
2.927583333,,Surface,8,11036
2.927583333,,Surface,8,11037
2.927583333,,Surface,8,11038
2.927583333,,Surface,8,11039
2.927583333,,Surface,8,11040
2.927583333,,Surface,8,11041
2.927583333,,Surface,8,11042
2.927583333,,Surface,8,11043
2.927583333,,Surface,8,11044
2.927583333,,Surface,8,11045
2.927583333,,Surface,8,11046
2.927583333,,Surface,8,11047
2.927583333,,Surface,8,11048
2.927583333,,Surface,8,11049
2.927583333,,Surface,8,11050
2.927583333,,Surface,8,11051
2.927583333,,Surface,8,11052
2.927583333,,Surface,8,11053
2.927583333,,Surface,8,11054
3.345805556,,Surface,9,11055
3.345805556,,Surface,9,11056
3.345805556,,Surface,9,11057
3.345805556,,Surface,9,11058
3.345805556,,Surface,9,11059
3.345805556,,Surface,9,11060
3.345805556,,Surface,9,11061
3.345805556,,Surface,9,11062
3.345805556,,Surface,9,11063
3.345805556,,Surface,9,11064
3.345805556,,Surface,9,11065
3.345805556,,Surface,9,11066
3.345805556,,Surface,9,11067
3.345805556,,Surface,9,11068
3.345805556,,Surface,9,11069
3.345805556,,Surface,9,11070
3.345805556,,Surface,9,11071
3.345805556,,Surface,9,11072
3.345805556,,Surface,9,11073
3.345805556,,Surface,9,11074
3.345805556,,Surface,9,11075
3.345805556,,Surface,9,11076
3.345805556,,Surface,9,11077
3.345805556,,Surface,9,11078
3.345805556,,Surface,9,11079
3.345805556,,Surface,9,11080
3.345805556,,Surface,9,11081
3.345805556,,Surface,9,11082
3.345805556,,Surface,9,11083
3.345805556,,Surface,9,11084
3.345805556,,Surface,9,11085
3.345805556,,Surface,9,11086
3.345805556,,Surface,9,11087
3.345805556,,Surface,9,11088
3.345805556,,Surface,9,11089
3.345805556,,Surface,9,11090
3.345805556,,Surface,9,11091
3.345805556,,Surface,9,11092
3.345805556,,Surface,9,11093
3.345805556,,Surface,9,11094
3.345805556,,Surface,9,11095
3.345805556,,Surface,9,11096
3.345805556,,Surface,9,11097
3.345805556,,Surface,9,11098
3.345805556,,Surface,9,11099
3.345805556,,Surface,9,11100
3.345805556,,Surface,9,11101
3.345805556,,Surface,9,11102
3.345805556,,Surface,9,11103
3.345805556,,Surface,9,11104
3.345805556,,Surface,9,11105
3.345805556,,Surface,9,11106
3.345805556,,Surface,9,11107
3.345805556,,Surface,9,11108
3.345805556,,Surface,9,11109
3.345805556,,Surface,9,11110
3.345805556,,Surface,9,11111
3.345805556,,Surface,9,11112
3.345805556,,Surface,9,11113
3.345805556,,Surface,9,11114
3.345805556,,Surface,9,11115
3.345805556,,Surface,9,11116
3.345805556,,Surface,9,11117
3.345805556,,Surface,9,11118
3.345805556,,Surface,9,11119
3.345805556,,Surface,9,11120
3.345805556,,Surface,9,11121
3.345805556,,Surface,9,11122
3.345805556,,Surface,9,11123
3.345805556,,Surface,9,11124
3.345805556,,Surface,9,11125
3.345805556,,Surface,9,11126
3.345805556,,Surface,9,11127
3.345805556,,Surface,9,11128
3.345805556,,Surface,9,11129
3.345805556,,Surface,9,11130
3.345805556,,Surface,9,11131
3.345805556,,Surface,9,11132
3.345805556,,Surface,9,11133
3.345805556,,Surface,9,11134
3.345805556,,Surface,9,11135
3.345805556,,Surface,9,11136
3.345805556,,Surface,9,11137
3.345805556,,Surface,9,11138
3.345805556,,Surface,9,11139
3.345805556,,Surface,9,11140
3.345805556,,Surface,9,11141
3.345805556,,Surface,9,11142
3.345805556,,Surface,9,11143
3.345805556,,Surface,9,11144
3.345805556,,Surface,9,11145
3.345805556,,Surface,9,11146
3.345805556,,Surface,9,11147
3.345805556,,Surface,9,11148
3.345805556,,Surface,9,11149
3.345805556,,Surface,9,11150
3.345805556,,Surface,9,11151
3.345805556,,Surface,9,11152
3.345805556,,Surface,9,11153
3.345805556,,Surface,9,11154
3.345805556,,Surface,9,11155
3.345805556,,Surface,9,11156
3.345805556,,Surface,9,11157
3.345805556,,Surface,9,11158
3.345805556,,Surface,9,11159
3.345805556,,Surface,9,11160
3.345805556,,Surface,9,11161
3.345805556,,Surface,9,11162
3.345805556,,Surface,9,11163
3.345805556,,Surface,9,11164
3.345805556,,Surface,9,11165
3.345805556,,Surface,9,11166
3.345805556,,Surface,9,11167
3.345805556,,Surface,9,11168
3.345805556,,Surface,9,11169
3.345805556,,Surface,9,11170
3.345805556,,Surface,9,11171
3.345805556,,Surface,9,11172
3.345805556,,Surface,9,11173
3.345805556,,Surface,9,11174
3.345805556,,Surface,9,11175
3.345805556,,Surface,9,11176
3.345805556,,Surface,9,11177
3.345805556,,Surface,9,11178
3.345805556,,Surface,9,11179
3.345805556,,Surface,9,11180
3.345805556,,Surface,9,11181
3.345805556,,Surface,9,11182
3.345805556,,Surface,9,11183
3.345805556,,Surface,9,11184
3.345805556,,Surface,9,11185
3.345805556,,Surface,9,11186
3.345805556,,Surface,9,11187
3.345805556,,Surface,9,11188
3.345805556,,Surface,9,11189
3.345805556,,Surface,9,11190
3.345805556,,Surface,9,11191
3.345805556,,Surface,9,11192
3.345805556,,Surface,9,11193
3.345805556,,Surface,9,11194
3.345805556,,Surface,9,11195
3.345805556,,Surface,9,11196
3.345805556,,Surface,9,11197
3.345805556,,Surface,9,11198
3.345805556,,Surface,9,11199
3.345805556,,Surface,9,11200
3.345805556,,Surface,9,11201
3.345805556,,Surface,9,11202
3.345805556,,Surface,9,11203
3.345805556,,Surface,9,11204
3.345805556,,Surface,9,11205
3.345805556,,Surface,9,11206
3.345805556,,Surface,9,11207
3.345805556,,Surface,9,11208
3.345805556,,Surface,9,11209
3.345805556,,Surface,9,11210
3.345805556,,Surface,9,11211
3.345805556,,Surface,9,11212
3.345805556,,Surface,9,11213
3.345805556,,Surface,9,11214
3.345805556,,Surface,9,11215
3.345805556,,Surface,9,11216
3.345805556,,Surface,9,11217
3.345805556,,Surface,9,11218
3.345805556,,Surface,9,11219
3.345805556,,Surface,9,11220
3.345805556,,Surface,9,11221
3.345805556,,Surface,9,11222
3.345805556,,Surface,9,11223
3.345805556,,Surface,9,11224
3.345805556,,Surface,9,11225
3.345805556,,Surface,9,11226
3.345805556,,Surface,9,11227
3.345805556,,Surface,9,11228
3.345805556,,Surface,9,11229
3.345805556,,Surface,9,11230
3.345805556,,Surface,9,11231
3.345805556,,Surface,9,11232
3.345805556,,Surface,9,11233
3.345805556,,Surface,9,11234
3.345805556,,Surface,9,11235
3.345805556,,Surface,9,11236
3.345805556,,Surface,9,11237
3.345805556,,Surface,9,11238
3.345805556,,Surface,9,11239
3.345805556,,Surface,9,11240
3.345805556,,Surface,9,11241
3.345805556,,Surface,9,11242
3.345805556,,Surface,9,11243
3.345805556,,Surface,9,11244
3.345805556,,Surface,9,11245
3.345805556,,Surface,9,11246
3.345805556,,Surface,9,11247
3.345805556,,Surface,9,11248
3.345805556,,Surface,9,11249
3.345805556,,Surface,9,11250
3.345805556,,Surface,9,11251
3.345805556,,Surface,9,11252
3.345805556,,Surface,9,11253
3.345805556,,Surface,9,11254
3.345805556,,Surface,9,11255
3.345805556,,Surface,9,11256
3.345805556,,Surface,9,11257
3.345805556,,Surface,9,11258
3.345805556,,Surface,9,11259
3.345805556,,Surface,9,11260
3.345805556,,Surface,9,11261
3.345805556,,Surface,9,11262
3.345805556,,Surface,9,11263
3.345805556,,Surface,9,11264
3.345805556,,Surface,9,11265
3.345805556,,Surface,9,11266
3.345805556,,Surface,9,11267
3.345805556,,Surface,9,11268
3.345805556,,Surface,9,11269
3.764027778,,Surface,10,11270
3.764027778,,Surface,10,11271
3.764027778,,Surface,10,11272
3.764027778,,Surface,10,11273
3.764027778,,Surface,10,11274
3.764027778,,Surface,10,11275
3.764027778,,Surface,10,11276
3.764027778,,Surface,10,11277
3.764027778,,Surface,10,11278
3.764027778,,Surface,10,11279
3.764027778,,Surface,10,11280
3.764027778,,Surface,10,11281
3.764027778,,Surface,10,11282
3.764027778,,Surface,10,11283
3.764027778,,Surface,10,11284
3.764027778,,Surface,10,11285
3.764027778,,Surface,10,11286
3.764027778,,Surface,10,11287
3.764027778,,Surface,10,11288
3.764027778,,Surface,10,11289
3.764027778,,Surface,10,11290
3.764027778,,Surface,10,11291
3.764027778,,Surface,10,11292
3.764027778,,Surface,10,11293
3.764027778,,Surface,10,11294
3.764027778,,Surface,10,11295
3.764027778,,Surface,10,11296
3.764027778,,Surface,10,11297
3.764027778,,Surface,10,11298
3.764027778,,Surface,10,11299
3.764027778,,Surface,10,11300
3.764027778,,Surface,10,11301
3.764027778,,Surface,10,11302
3.764027778,,Surface,10,11303
3.764027778,,Surface,10,11304
3.764027778,,Surface,10,11305
3.764027778,,Surface,10,11306
3.764027778,,Surface,10,11307
3.764027778,,Surface,10,11308
3.764027778,,Surface,10,11309
3.764027778,,Surface,10,11310
3.764027778,,Surface,10,11311
3.764027778,,Surface,10,11312
3.764027778,,Surface,10,11313
3.764027778,,Surface,10,11314
3.764027778,,Surface,10,11315
3.764027778,,Surface,10,11316
3.764027778,,Surface,10,11317
3.764027778,,Surface,10,11318
3.764027778,,Surface,10,11319
3.764027778,,Surface,10,11320
3.764027778,,Surface,10,11321
3.764027778,,Surface,10,11322
3.764027778,,Surface,10,11323
3.764027778,,Surface,10,11324
3.764027778,,Surface,10,11325
3.764027778,,Surface,10,11326
3.764027778,,Surface,10,11327
3.764027778,,Surface,10,11328
3.764027778,,Surface,10,11329
3.764027778,,Surface,10,11330
3.764027778,,Surface,10,11331
3.764027778,,Surface,10,11332
3.764027778,,Surface,10,11333
3.764027778,,Surface,10,11334
3.764027778,,Surface,10,11335
3.764027778,,Surface,10,11336
3.764027778,,Surface,10,11337
3.764027778,,Surface,10,11338
3.764027778,,Surface,10,11339
3.764027778,,Surface,10,11340
3.764027778,,Surface,10,11341
3.764027778,,Surface,10,11342
3.764027778,,Surface,10,11343
3.764027778,,Surface,10,11344
3.764027778,,Surface,10,11345
3.764027778,,Surface,10,11346
3.764027778,,Surface,10,11347
3.764027778,,Surface,10,11348
3.764027778,,Surface,10,11349
3.764027778,,Surface,10,11350
3.764027778,,Surface,10,11351
3.764027778,,Surface,10,11352
3.764027778,,Surface,10,11353
3.764027778,,Surface,10,11354
3.764027778,,Surface,10,11355
3.764027778,,Surface,10,11356
3.764027778,,Surface,10,11357
3.764027778,,Surface,10,11358
3.764027778,,Surface,10,11359
3.764027778,,Surface,10,11360
3.764027778,,Surface,10,11361
3.764027778,,Surface,10,11362
3.764027778,,Surface,10,11363
3.764027778,,Surface,10,11364
3.764027778,,Surface,10,11365
3.764027778,,Surface,10,11366
3.764027778,,Surface,10,11367
3.764027778,,Surface,10,11368
3.764027778,,Surface,10,11369
3.764027778,,Surface,10,11370
3.764027778,,Surface,10,11371
3.764027778,,Surface,10,11372
3.764027778,,Surface,10,11373
3.764027778,,Surface,10,11374
3.764027778,,Surface,10,11375
3.764027778,,Surface,10,11376
3.764027778,,Surface,10,11377
3.764027778,,Surface,10,11378
3.764027778,,Surface,10,11379
3.764027778,,Surface,10,11380
3.764027778,,Surface,10,11381
3.764027778,,Surface,10,11382
3.764027778,,Surface,10,11383
3.764027778,,Surface,10,11384
3.764027778,,Surface,10,11385
3.764027778,,Surface,10,11386
3.764027778,,Surface,10,11387
3.764027778,,Surface,10,11388
3.764027778,,Surface,10,11389
3.764027778,,Surface,10,11390
3.764027778,,Surface,10,11391
3.764027778,,Surface,10,11392
3.764027778,,Surface,10,11393
3.764027778,,Surface,10,11394
3.764027778,,Surface,10,11395
3.764027778,,Surface,10,11396
3.764027778,,Surface,10,11397
3.764027778,,Surface,10,11398
3.764027778,,Surface,10,11399
3.764027778,,Surface,10,11400
3.764027778,,Surface,10,11401
3.764027778,,Surface,10,11402
3.764027778,,Surface,10,11403
3.764027778,,Surface,10,11404
3.764027778,,Surface,10,11405
3.764027778,,Surface,10,11406
3.764027778,,Surface,10,11407
3.764027778,,Surface,10,11408
3.764027778,,Surface,10,11409
3.764027778,,Surface,10,11410
3.764027778,,Surface,10,11411
3.764027778,,Surface,10,11412
3.764027778,,Surface,10,11413
3.764027778,,Surface,10,11414
3.764027778,,Surface,10,11415
3.764027778,,Surface,10,11416
3.764027778,,Surface,10,11417
3.764027778,,Surface,10,11418
3.764027778,,Surface,10,11419
3.764027778,,Surface,10,11420
3.764027778,,Surface,10,11421
3.764027778,,Surface,10,11422
3.764027778,,Surface,10,11423
3.764027778,,Surface,10,11424
3.764027778,,Surface,10,11425
3.764027778,,Surface,10,11426
3.764027778,,Surface,10,11427
3.764027778,,Surface,10,11428
3.764027778,,Surface,10,11429
3.764027778,,Surface,10,11430
3.764027778,,Surface,10,11431
3.764027778,,Surface,10,11432
3.764027778,,Surface,10,11433
3.764027778,,Surface,10,11434
3.764027778,,Surface,10,11435
3.764027778,,Surface,10,11436
3.764027778,,Surface,10,11437
3.764027778,,Surface,10,11438
3.764027778,,Surface,10,11439
3.764027778,,Surface,10,11440
3.764027778,,Surface,10,11441
3.764027778,,Surface,10,11442
3.764027778,,Surface,10,11443
3.764027778,,Surface,10,11444
3.764027778,,Surface,10,11445
3.764027778,,Surface,10,11446
3.764027778,,Surface,10,11447
3.764027778,,Surface,10,11448
3.764027778,,Surface,10,11449
3.764027778,,Surface,10,11450
3.764027778,,Surface,10,11451
3.764027778,,Surface,10,11452
3.764027778,,Surface,10,11453
3.764027778,,Surface,10,11454
3.764027778,,Surface,10,11455
3.764027778,,Surface,10,11456
3.764027778,,Surface,10,11457
3.764027778,,Surface,10,11458
3.764027778,,Surface,10,11459
3.764027778,,Surface,10,11460
3.764027778,,Surface,10,11461
3.764027778,,Surface,10,11462
3.764027778,,Surface,10,11463
3.764027778,,Surface,10,11464
3.764027778,,Surface,10,11465
3.764027778,,Surface,10,11466
3.764027778,,Surface,10,11467
3.764027778,,Surface,10,11468
3.764027778,,Surface,10,11469
3.764027778,,Surface,10,11470
3.764027778,,Surface,10,11471
3.764027778,,Surface,10,11472
3.764027778,,Surface,10,11473
3.764027778,,Surface,10,11474
3.764027778,,Surface,10,11475
3.764027778,,Surface,10,11476
3.764027778,,Surface,10,11477
3.764027778,,Surface,10,11478
3.764027778,,Surface,10,11479
3.764027778,,Surface,10,11480
3.764027778,,Surface,10,11481
3.764027778,,Surface,10,11482
3.764027778,,Surface,10,11483
3.764027778,,Surface,10,11484
3.764027778,,Surface,10,11485
3.764027778,,Surface,10,11486
3.764027778,,Surface,10,11487
3.764027778,,Surface,10,11488
3.764027778,,Surface,10,11489
3.764027778,,Surface,10,11490
3.764027778,,Surface,10,11491
3.764027778,,Surface,10,11492
3.764027778,,Surface,10,11493
3.764027778,,Surface,10,11494
4.182277778,,Surface,11,11495
4.182277778,,Surface,11,11496
4.182277778,,Surface,11,11497
4.182277778,,Surface,11,11498
4.182277778,,Surface,11,11499
4.182277778,,Surface,11,11500
4.182277778,,Surface,11,11501
4.182277778,,Surface,11,11502
4.182277778,,Surface,11,11503
4.182277778,,Surface,11,11504
4.182277778,,Surface,11,11505
4.182277778,,Surface,11,11506
4.182277778,,Surface,11,11507
4.182277778,,Surface,11,11508
4.182277778,,Surface,11,11509
4.182277778,,Surface,11,11510
4.182277778,,Surface,11,11511
4.182277778,,Surface,11,11512
4.182277778,,Surface,11,11513
4.182277778,,Surface,11,11514
4.182277778,,Surface,11,11515
4.182277778,,Surface,11,11516
4.182277778,,Surface,11,11517
4.182277778,,Surface,11,11518
4.182277778,,Surface,11,11519
4.182277778,,Surface,11,11520
4.182277778,,Surface,11,11521
4.182277778,,Surface,11,11522
4.182277778,,Surface,11,11523
4.182277778,,Surface,11,11524
4.182277778,,Surface,11,11525
4.182277778,,Surface,11,11526
4.182277778,,Surface,11,11527
4.182277778,,Surface,11,11528
4.182277778,,Surface,11,11529
4.182277778,,Surface,11,11530
4.182277778,,Surface,11,11531
4.182277778,,Surface,11,11532
4.182277778,,Surface,11,11533
4.182277778,,Surface,11,11534
4.182277778,,Surface,11,11535
4.182277778,,Surface,11,11536
4.182277778,,Surface,11,11537
4.182277778,,Surface,11,11538
4.182277778,,Surface,11,11539
4.182277778,,Surface,11,11540
4.182277778,,Surface,11,11541
4.182277778,,Surface,11,11542
4.182277778,,Surface,11,11543
4.182277778,,Surface,11,11544
4.182277778,,Surface,11,11545
4.182277778,,Surface,11,11546
4.182277778,,Surface,11,11547
4.182277778,,Surface,11,11548
4.182277778,,Surface,11,11549
4.182277778,,Surface,11,11550
4.182277778,,Surface,11,11551
4.182277778,,Surface,11,11552
4.182277778,,Surface,11,11553
4.182277778,,Surface,11,11554
4.182277778,,Surface,11,11555
4.182277778,,Surface,11,11556
4.182277778,,Surface,11,11557
4.182277778,,Surface,11,11558
4.182277778,,Surface,11,11559
4.182277778,,Surface,11,11560
4.182277778,,Surface,11,11561
4.182277778,,Surface,11,11562
4.182277778,,Surface,11,11563
4.182277778,,Surface,11,11564
4.182277778,,Surface,11,11565
4.182277778,,Surface,11,11566
4.182277778,,Surface,11,11567
4.182277778,,Surface,11,11568
4.182277778,,Surface,11,11569
4.182277778,,Surface,11,11570
4.182277778,,Surface,11,11571
4.182277778,,Surface,11,11572
4.182277778,,Surface,11,11573
4.182277778,,Surface,11,11574
4.182277778,,Surface,11,11575
4.182277778,,Surface,11,11576
4.182277778,,Surface,11,11577
4.182277778,,Surface,11,11578
4.182277778,,Surface,11,11579
4.182277778,,Surface,11,11580
4.182277778,,Surface,11,11581
4.182277778,,Surface,11,11582
4.182277778,,Surface,11,11583
4.182277778,,Surface,11,11584
4.182277778,,Surface,11,11585
4.182277778,,Surface,11,11586
4.182277778,,Surface,11,11587
4.182277778,,Surface,11,11588
4.182277778,,Surface,11,11589
4.182277778,,Surface,11,11590
4.182277778,,Surface,11,11591
4.182277778,,Surface,11,11592
4.182277778,,Surface,11,11593
4.182277778,,Surface,11,11594
4.182277778,,Surface,11,11595
4.182277778,,Surface,11,11596
4.182277778,,Surface,11,11597
4.182277778,,Surface,11,11598
4.182277778,,Surface,11,11599
4.182277778,,Surface,11,11600
4.182277778,,Surface,11,11601
4.182277778,,Surface,11,11602
4.182277778,,Surface,11,11603
4.182277778,,Surface,11,11604
4.182277778,,Surface,11,11605
4.182277778,,Surface,11,11606
4.182277778,,Surface,11,11607
4.182277778,,Surface,11,11608
4.182277778,,Surface,11,11609
4.182277778,,Surface,11,11610
4.182277778,,Surface,11,11611
4.182277778,,Surface,11,11612
4.182277778,,Surface,11,11613
4.182277778,,Surface,11,11614
4.182277778,,Surface,11,11615
4.182277778,,Surface,11,11616
4.182277778,,Surface,11,11617
4.182277778,,Surface,11,11618
4.182277778,,Surface,11,11619
4.182277778,,Surface,11,11620
4.182277778,,Surface,11,11621
4.182277778,,Surface,11,11622
4.182277778,,Surface,11,11623
4.182277778,,Surface,11,11624
4.182277778,,Surface,11,11625
4.182277778,,Surface,11,11626
4.182277778,,Surface,11,11627
4.182277778,,Surface,11,11628
4.182277778,,Surface,11,11629
4.182277778,,Surface,11,11630
4.182277778,,Surface,11,11631
4.182277778,,Surface,11,11632
4.182277778,,Surface,11,11633
4.182277778,,Surface,11,11634
4.182277778,,Surface,11,11635
4.182277778,,Surface,11,11636
4.182277778,,Surface,11,11637
4.182277778,,Surface,11,11638
4.182277778,,Surface,11,11639
4.182277778,,Surface,11,11640
4.182277778,,Surface,11,11641
4.182277778,,Surface,11,11642
4.182277778,,Surface,11,11643
4.182277778,,Surface,11,11644
4.182277778,,Surface,11,11645
4.182277778,,Surface,11,11646
4.182277778,,Surface,11,11647
4.182277778,,Surface,11,11648
4.182277778,,Surface,11,11649
4.182277778,,Surface,11,11650
4.182277778,,Surface,11,11651
4.182277778,,Surface,11,11652
4.182277778,,Surface,11,11653
4.182277778,,Surface,11,11654
4.182277778,,Surface,11,11655
4.182277778,,Surface,11,11656
4.182277778,,Surface,11,11657
4.182277778,,Surface,11,11658
4.182277778,,Surface,11,11659
4.182277778,,Surface,11,11660
4.182277778,,Surface,11,11661
4.182277778,,Surface,11,11662
4.182277778,,Surface,11,11663
4.182277778,,Surface,11,11664
4.182277778,,Surface,11,11665
4.182277778,,Surface,11,11666
4.182277778,,Surface,11,11667
4.182277778,,Surface,11,11668
4.182277778,,Surface,11,11669
4.182277778,,Surface,11,11670
4.182277778,,Surface,11,11671
4.182277778,,Surface,11,11672
4.182277778,,Surface,11,11673
4.182277778,,Surface,11,11674
4.182277778,,Surface,11,11675
4.182277778,,Surface,11,11676
4.182277778,,Surface,11,11677
4.182277778,,Surface,11,11678
4.182277778,,Surface,11,11679
4.182277778,,Surface,11,11680
4.182277778,,Surface,11,11681
4.182277778,,Surface,11,11682
4.182277778,,Surface,11,11683
4.182277778,,Surface,11,11684
4.182277778,,Surface,11,11685
4.182277778,,Surface,11,11686
4.182277778,,Surface,11,11687
4.182277778,,Surface,11,11688
4.182277778,,Surface,11,11689
4.182277778,,Surface,11,11690
4.182277778,,Surface,11,11691
4.182277778,,Surface,11,11692
4.182277778,,Surface,11,11693
4.182277778,,Surface,11,11694
4.182277778,,Surface,11,11695
4.182277778,,Surface,11,11696
4.182277778,,Surface,11,11697
4.182277778,,Surface,11,11698
4.182277778,,Surface,11,11699
4.182277778,,Surface,11,11700
4.182277778,,Surface,11,11701
4.182277778,,Surface,11,11702
4.182277778,,Surface,11,11703
4.182277778,,Surface,11,11704
4.182277778,,Surface,11,11705
4.182277778,,Surface,11,11706
4.182277778,,Surface,11,11707
4.182277778,,Surface,11,11708
4.182277778,,Surface,11,11709
4.182277778,,Surface,11,11710
4.182277778,,Surface,11,11711
4.6005,,Surface,12,11712
4.6005,,Surface,12,11713
4.6005,,Surface,12,11714
4.6005,,Surface,12,11715
4.6005,,Surface,12,11716
4.6005,,Surface,12,11717
4.6005,,Surface,12,11718
4.6005,,Surface,12,11719
4.6005,,Surface,12,11720
4.6005,,Surface,12,11721
4.6005,,Surface,12,11722
4.6005,,Surface,12,11723
4.6005,,Surface,12,11724
4.6005,,Surface,12,11725
4.6005,,Surface,12,11726
4.6005,,Surface,12,11727
4.6005,,Surface,12,11728
4.6005,,Surface,12,11729
4.6005,,Surface,12,11730
4.6005,,Surface,12,11731
4.6005,,Surface,12,11732
4.6005,,Surface,12,11733
4.6005,,Surface,12,11734
4.6005,,Surface,12,11735
4.6005,,Surface,12,11736
4.6005,,Surface,12,11737
4.6005,,Surface,12,11738
4.6005,,Surface,12,11739
4.6005,,Surface,12,11740
4.6005,,Surface,12,11741
4.6005,,Surface,12,11742
4.6005,,Surface,12,11743
4.6005,,Surface,12,11744
4.6005,,Surface,12,11745
4.6005,,Surface,12,11746
4.6005,,Surface,12,11747
4.6005,,Surface,12,11748
4.6005,,Surface,12,11749
4.6005,,Surface,12,11750
4.6005,,Surface,12,11751
4.6005,,Surface,12,11752
4.6005,,Surface,12,11753
4.6005,,Surface,12,11754
4.6005,,Surface,12,11755
4.6005,,Surface,12,11756
4.6005,,Surface,12,11757
4.6005,,Surface,12,11758
4.6005,,Surface,12,11759
4.6005,,Surface,12,11760
4.6005,,Surface,12,11761
4.6005,,Surface,12,11762
4.6005,,Surface,12,11763
4.6005,,Surface,12,11764
4.6005,,Surface,12,11765
4.6005,,Surface,12,11766
4.6005,,Surface,12,11767
4.6005,,Surface,12,11768
4.6005,,Surface,12,11769
4.6005,,Surface,12,11770
4.6005,,Surface,12,11771
4.6005,,Surface,12,11772
4.6005,,Surface,12,11773
4.6005,,Surface,12,11774
4.6005,,Surface,12,11775
4.6005,,Surface,12,11776
4.6005,,Surface,12,11777
4.6005,,Surface,12,11778
4.6005,,Surface,12,11779
4.6005,,Surface,12,11780
4.6005,,Surface,12,11781
4.6005,,Surface,12,11782
4.6005,,Surface,12,11783
4.6005,,Surface,12,11784
4.6005,,Surface,12,11785
4.6005,,Surface,12,11786
4.6005,,Surface,12,11787
4.6005,,Surface,12,11788
4.6005,,Surface,12,11789
4.6005,,Surface,12,11790
4.6005,,Surface,12,11791
4.6005,,Surface,12,11792
4.6005,,Surface,12,11793
4.6005,,Surface,12,11794
4.6005,,Surface,12,11795
4.6005,,Surface,12,11796
4.6005,,Surface,12,11797
4.6005,,Surface,12,11798
4.6005,,Surface,12,11799
4.6005,,Surface,12,11800
4.6005,,Surface,12,11801
4.6005,,Surface,12,11802
4.6005,,Surface,12,11803
4.6005,,Surface,12,11804
4.6005,,Surface,12,11805
4.6005,,Surface,12,11806
4.6005,,Surface,12,11807
4.6005,,Surface,12,11808
4.6005,,Surface,12,11809
4.6005,,Surface,12,11810
4.6005,,Surface,12,11811
4.6005,,Surface,12,11812
4.6005,,Surface,12,11813
4.6005,,Surface,12,11814
4.6005,,Surface,12,11815
4.6005,,Surface,12,11816
4.6005,,Surface,12,11817
4.6005,,Surface,12,11818
4.6005,,Surface,12,11819
4.6005,,Surface,12,11820
4.6005,,Surface,12,11821
4.6005,,Surface,12,11822
4.6005,,Surface,12,11823
4.6005,,Surface,12,11824
4.6005,,Surface,12,11825
4.6005,,Surface,12,11826
4.6005,,Surface,12,11827
4.6005,,Surface,12,11828
4.6005,,Surface,12,11829
4.6005,,Surface,12,11830
4.6005,,Surface,12,11831
4.6005,,Surface,12,11832
4.6005,,Surface,12,11833
4.6005,,Surface,12,11834
4.6005,,Surface,12,11835
4.6005,,Surface,12,11836
4.6005,,Surface,12,11837
4.6005,,Surface,12,11838
4.6005,,Surface,12,11839
4.6005,,Surface,12,11840
4.6005,,Surface,12,11841
4.6005,,Surface,12,11842
4.6005,,Surface,12,11843
4.6005,,Surface,12,11844
4.6005,,Surface,12,11845
4.6005,,Surface,12,11846
4.6005,,Surface,12,11847
4.6005,,Surface,12,11848
4.6005,,Surface,12,11849
4.6005,,Surface,12,11850
4.6005,,Surface,12,11851
4.6005,,Surface,12,11852
4.6005,,Surface,12,11853
4.6005,,Surface,12,11854
4.6005,,Surface,12,11855
4.6005,,Surface,12,11856
4.6005,,Surface,12,11857
4.6005,,Surface,12,11858
4.6005,,Surface,12,11859
4.6005,,Surface,12,11860
4.6005,,Surface,12,11861
4.6005,,Surface,12,11862
4.6005,,Surface,12,11863
4.6005,,Surface,12,11864
4.6005,,Surface,12,11865
4.6005,,Surface,12,11866
4.6005,,Surface,12,11867
4.6005,,Surface,12,11868
4.6005,,Surface,12,11869
4.6005,,Surface,12,11870
4.6005,,Surface,12,11871
4.6005,,Surface,12,11872
4.6005,,Surface,12,11873
4.6005,,Surface,12,11874
4.6005,,Surface,12,11875
4.6005,,Surface,12,11876
4.6005,,Surface,12,11877
4.6005,,Surface,12,11878
4.6005,,Surface,12,11879
4.6005,,Surface,12,11880
4.6005,,Surface,12,11881
4.6005,,Surface,12,11882
4.6005,,Surface,12,11883
4.6005,,Surface,12,11884
4.6005,,Surface,12,11885
4.6005,,Surface,12,11886
4.6005,,Surface,12,11887
4.6005,,Surface,12,11888
4.6005,,Surface,12,11889
4.6005,,Surface,12,11890
4.6005,,Surface,12,11891
4.6005,,Surface,12,11892
4.6005,,Surface,12,11893
4.6005,,Surface,12,11894
4.6005,,Surface,12,11895
4.6005,,Surface,12,11896
4.6005,,Surface,12,11897
4.6005,,Surface,12,11898
4.6005,,Surface,12,11899
4.6005,,Surface,12,11900
4.6005,,Surface,12,11901
4.6005,,Surface,12,11902
4.6005,,Surface,12,11903
4.6005,,Surface,12,11904
4.6005,,Surface,12,11905
4.6005,,Surface,12,11906
4.6005,,Surface,12,11907
4.6005,,Surface,12,11908
4.6005,,Surface,12,11909
5.018722222,,Surface,13,11910
5.018722222,,Surface,13,11911
5.018722222,,Surface,13,11912
5.018722222,,Surface,13,11913
5.018722222,,Surface,13,11914
5.018722222,,Surface,13,11915
5.018722222,,Surface,13,11916
5.018722222,,Surface,13,11917
5.018722222,,Surface,13,11918
5.018722222,,Surface,13,11919
5.018722222,,Surface,13,11920
5.018722222,,Surface,13,11921
5.018722222,,Surface,13,11922
5.018722222,,Surface,13,11923
5.018722222,,Surface,13,11924
5.018722222,,Surface,13,11925
5.018722222,,Surface,13,11926
5.018722222,,Surface,13,11927
5.018722222,,Surface,13,11928
5.018722222,,Surface,13,11929
5.018722222,,Surface,13,11930
5.018722222,,Surface,13,11931
5.018722222,,Surface,13,11932
5.018722222,,Surface,13,11933
5.018722222,,Surface,13,11934
5.018722222,,Surface,13,11935
5.018722222,,Surface,13,11936
5.018722222,,Surface,13,11937
5.018722222,,Surface,13,11938
5.018722222,,Surface,13,11939
5.018722222,,Surface,13,11940
5.018722222,,Surface,13,11941
5.018722222,,Surface,13,11942
5.018722222,,Surface,13,11943
5.018722222,,Surface,13,11944
5.018722222,,Surface,13,11945
5.018722222,,Surface,13,11946
5.018722222,,Surface,13,11947
5.018722222,,Surface,13,11948
5.018722222,,Surface,13,11949
5.018722222,,Surface,13,11950
5.018722222,,Surface,13,11951
5.018722222,,Surface,13,11952
5.018722222,,Surface,13,11953
5.018722222,,Surface,13,11954
5.018722222,,Surface,13,11955
5.018722222,,Surface,13,11956
5.018722222,,Surface,13,11957
5.018722222,,Surface,13,11958
5.018722222,,Surface,13,11959
5.018722222,,Surface,13,11960
5.018722222,,Surface,13,11961
5.018722222,,Surface,13,11962
5.018722222,,Surface,13,11963
5.018722222,,Surface,13,11964
5.018722222,,Surface,13,11965
5.018722222,,Surface,13,11966
5.018722222,,Surface,13,11967
5.018722222,,Surface,13,11968
5.018722222,,Surface,13,11969
5.018722222,,Surface,13,11970
5.018722222,,Surface,13,11971
5.018722222,,Surface,13,11972
5.018722222,,Surface,13,11973
5.018722222,,Surface,13,11974
5.018722222,,Surface,13,11975
5.018722222,,Surface,13,11976
5.018722222,,Surface,13,11977
5.018722222,,Surface,13,11978
5.018722222,,Surface,13,11979
5.018722222,,Surface,13,11980
5.018722222,,Surface,13,11981
5.018722222,,Surface,13,11982
5.018722222,,Surface,13,11983
5.018722222,,Surface,13,11984
5.018722222,,Surface,13,11985
5.018722222,,Surface,13,11986
5.018722222,,Surface,13,11987
5.018722222,,Surface,13,11988
5.018722222,,Surface,13,11989
5.018722222,,Surface,13,11990
5.018722222,,Surface,13,11991
5.018722222,,Surface,13,11992
5.018722222,,Surface,13,11993
5.018722222,,Surface,13,11994
5.018722222,,Surface,13,11995
5.018722222,,Surface,13,11996
5.018722222,,Surface,13,11997
5.018722222,,Surface,13,11998
5.018722222,,Surface,13,11999
5.018722222,,Surface,13,12000
5.018722222,,Surface,13,12001
5.018722222,,Surface,13,12002
5.018722222,,Surface,13,12003
5.018722222,,Surface,13,12004
5.018722222,,Surface,13,12005
5.018722222,,Surface,13,12006
5.018722222,,Surface,13,12007
5.018722222,,Surface,13,12008
5.018722222,,Surface,13,12009
5.018722222,,Surface,13,12010
5.018722222,,Surface,13,12011
5.018722222,,Surface,13,12012
5.018722222,,Surface,13,12013
5.018722222,,Surface,13,12014
5.018722222,,Surface,13,12015
5.018722222,,Surface,13,12016
5.018722222,,Surface,13,12017
5.018722222,,Surface,13,12018
5.018722222,,Surface,13,12019
5.018722222,,Surface,13,12020
5.018722222,,Surface,13,12021
5.018722222,,Surface,13,12022
5.018722222,,Surface,13,12023
5.018722222,,Surface,13,12024
5.018722222,,Surface,13,12025
5.018722222,,Surface,13,12026
5.018722222,,Surface,13,12027
5.018722222,,Surface,13,12028
5.018722222,,Surface,13,12029
5.018722222,,Surface,13,12030
5.018722222,,Surface,13,12031
5.018722222,,Surface,13,12032
5.018722222,,Surface,13,12033
5.018722222,,Surface,13,12034
5.018722222,,Surface,13,12035
5.018722222,,Surface,13,12036
5.018722222,,Surface,13,12037
5.018722222,,Surface,13,12038
5.018722222,,Surface,13,12039
5.018722222,,Surface,13,12040
5.018722222,,Surface,13,12041
5.018722222,,Surface,13,12042
5.018722222,,Surface,13,12043
5.018722222,,Surface,13,12044
5.018722222,,Surface,13,12045
5.018722222,,Surface,13,12046
5.018722222,,Surface,13,12047
5.018722222,,Surface,13,12048
5.018722222,,Surface,13,12049
5.018722222,,Surface,13,12050
5.018722222,,Surface,13,12051
5.018722222,,Surface,13,12052
5.018722222,,Surface,13,12053
5.018722222,,Surface,13,12054
5.018722222,,Surface,13,12055
5.018722222,,Surface,13,12056
5.018722222,,Surface,13,12057
5.018722222,,Surface,13,12058
5.018722222,,Surface,13,12059
5.018722222,,Surface,13,12060
5.018722222,,Surface,13,12061
5.018722222,,Surface,13,12062
5.018722222,,Surface,13,12063
5.018722222,,Surface,13,12064
5.018722222,,Surface,13,12065
5.018722222,,Surface,13,12066
5.018722222,,Surface,13,12067
5.018722222,,Surface,13,12068
5.018722222,,Surface,13,12069
5.018722222,,Surface,13,12070
5.018722222,,Surface,13,12071
5.018722222,,Surface,13,12072
5.018722222,,Surface,13,12073
5.018722222,,Surface,13,12074
5.018722222,,Surface,13,12075
5.018722222,,Surface,13,12076
5.018722222,,Surface,13,12077
5.018722222,,Surface,13,12078
5.018722222,,Surface,13,12079
5.018722222,,Surface,13,12080
5.018722222,,Surface,13,12081
5.018722222,,Surface,13,12082
5.018722222,,Surface,13,12083
5.018722222,,Surface,13,12084
5.018722222,,Surface,13,12085
5.018722222,,Surface,13,12086
5.018722222,,Surface,13,12087
5.018722222,,Surface,13,12088
5.018722222,,Surface,13,12089
5.018722222,,Surface,13,12090
5.018722222,,Surface,13,12091
5.018722222,,Surface,13,12092
5.018722222,,Surface,13,12093
5.018722222,,Surface,13,12094
5.018722222,,Surface,13,12095
5.018722222,,Surface,13,12096
5.018722222,,Surface,13,12097
5.018722222,,Surface,13,12098
5.018722222,,Surface,13,12099
5.436944444,,Surface,14,12100
5.436944444,,Surface,14,12101
5.436944444,,Surface,14,12102
5.436944444,,Surface,14,12103
5.436944444,,Surface,14,12104
5.436944444,,Surface,14,12105
5.436944444,,Surface,14,12106
5.436944444,,Surface,14,12107
5.436944444,,Surface,14,12108
5.436944444,,Surface,14,12109
5.436944444,,Surface,14,12110
5.436944444,,Surface,14,12111
5.436944444,,Surface,14,12112
5.436944444,,Surface,14,12113
5.436944444,,Surface,14,12114
5.436944444,,Surface,14,12115
5.436944444,,Surface,14,12116
5.436944444,,Surface,14,12117
5.436944444,,Surface,14,12118
5.436944444,,Surface,14,12119
5.436944444,,Surface,14,12120
5.436944444,,Surface,14,12121
5.436944444,,Surface,14,12122
5.436944444,,Surface,14,12123
5.436944444,,Surface,14,12124
5.436944444,,Surface,14,12125
5.436944444,,Surface,14,12126
5.436944444,,Surface,14,12127
5.436944444,,Surface,14,12128
5.436944444,,Surface,14,12129
5.436944444,,Surface,14,12130
5.436944444,,Surface,14,12131
5.436944444,,Surface,14,12132
5.436944444,,Surface,14,12133
5.436944444,,Surface,14,12134
5.436944444,,Surface,14,12135
5.436944444,,Surface,14,12136
5.436944444,,Surface,14,12137
5.436944444,,Surface,14,12138
5.436944444,,Surface,14,12139
5.436944444,,Surface,14,12140
5.436944444,,Surface,14,12141
5.436944444,,Surface,14,12142
5.436944444,,Surface,14,12143
5.436944444,,Surface,14,12144
5.436944444,,Surface,14,12145
5.436944444,,Surface,14,12146
5.436944444,,Surface,14,12147
5.436944444,,Surface,14,12148
5.436944444,,Surface,14,12149
5.436944444,,Surface,14,12150
5.436944444,,Surface,14,12151
5.436944444,,Surface,14,12152
5.436944444,,Surface,14,12153
5.436944444,,Surface,14,12154
5.436944444,,Surface,14,12155
5.436944444,,Surface,14,12156
5.436944444,,Surface,14,12157
5.436944444,,Surface,14,12158
5.436944444,,Surface,14,12159
5.436944444,,Surface,14,12160
5.436944444,,Surface,14,12161
5.436944444,,Surface,14,12162
5.436944444,,Surface,14,12163
5.436944444,,Surface,14,12164
5.436944444,,Surface,14,12165
5.436944444,,Surface,14,12166
5.436944444,,Surface,14,12167
5.436944444,,Surface,14,12168
5.436944444,,Surface,14,12169
5.436944444,,Surface,14,12170
5.436944444,,Surface,14,12171
5.436944444,,Surface,14,12172
5.436944444,,Surface,14,12173
5.436944444,,Surface,14,12174
5.436944444,,Surface,14,12175
5.436944444,,Surface,14,12176
5.436944444,,Surface,14,12177
5.436944444,,Surface,14,12178
5.436944444,,Surface,14,12179
5.436944444,,Surface,14,12180
5.436944444,,Surface,14,12181
5.436944444,,Surface,14,12182
5.436944444,,Surface,14,12183
5.436944444,,Surface,14,12184
5.436944444,,Surface,14,12185
5.436944444,,Surface,14,12186
5.436944444,,Surface,14,12187
5.436944444,,Surface,14,12188
5.436944444,,Surface,14,12189
5.436944444,,Surface,14,12190
5.436944444,,Surface,14,12191
5.436944444,,Surface,14,12192
5.436944444,,Surface,14,12193
5.436944444,,Surface,14,12194
5.436944444,,Surface,14,12195
5.436944444,,Surface,14,12196
5.436944444,,Surface,14,12197
5.436944444,,Surface,14,12198
5.436944444,,Surface,14,12199
5.436944444,,Surface,14,12200
5.436944444,,Surface,14,12201
5.436944444,,Surface,14,12202
5.436944444,,Surface,14,12203
5.436944444,,Surface,14,12204
5.436944444,,Surface,14,12205
5.436944444,,Surface,14,12206
5.436944444,,Surface,14,12207
5.436944444,,Surface,14,12208
5.436944444,,Surface,14,12209
5.436944444,,Surface,14,12210
5.436944444,,Surface,14,12211
5.436944444,,Surface,14,12212
5.436944444,,Surface,14,12213
5.436944444,,Surface,14,12214
5.436944444,,Surface,14,12215
5.436944444,,Surface,14,12216
5.436944444,,Surface,14,12217
5.436944444,,Surface,14,12218
5.436944444,,Surface,14,12219
5.436944444,,Surface,14,12220
5.436944444,,Surface,14,12221
5.436944444,,Surface,14,12222
5.436944444,,Surface,14,12223
5.436944444,,Surface,14,12224
5.436944444,,Surface,14,12225
5.436944444,,Surface,14,12226
5.436944444,,Surface,14,12227
5.436944444,,Surface,14,12228
5.436944444,,Surface,14,12229
5.436944444,,Surface,14,12230
5.436944444,,Surface,14,12231
5.436944444,,Surface,14,12232
5.436944444,,Surface,14,12233
5.436944444,,Surface,14,12234
5.436944444,,Surface,14,12235
5.436944444,,Surface,14,12236
5.436944444,,Surface,14,12237
5.436944444,,Surface,14,12238
5.436944444,,Surface,14,12239
5.436944444,,Surface,14,12240
5.436944444,,Surface,14,12241
5.436944444,,Surface,14,12242
5.436944444,,Surface,14,12243
5.436944444,,Surface,14,12244
5.436944444,,Surface,14,12245
5.436944444,,Surface,14,12246
5.436944444,,Surface,14,12247
5.436944444,,Surface,14,12248
5.436944444,,Surface,14,12249
5.436944444,,Surface,14,12250
5.436944444,,Surface,14,12251
5.436944444,,Surface,14,12252
5.436944444,,Surface,14,12253
5.436944444,,Surface,14,12254
5.436944444,,Surface,14,12255
5.436944444,,Surface,14,12256
5.436944444,,Surface,14,12257
5.436944444,,Surface,14,12258
5.436944444,,Surface,14,12259
5.436944444,,Surface,14,12260
5.436944444,,Surface,14,12261
5.436944444,,Surface,14,12262
5.436944444,,Surface,14,12263
5.436944444,,Surface,14,12264
5.436944444,,Surface,14,12265
5.436944444,,Surface,14,12266
5.436944444,,Surface,14,12267
5.436944444,,Surface,14,12268
5.436944444,,Surface,14,12269
5.436944444,,Surface,14,12270
5.436944444,,Surface,14,12271
5.436944444,,Surface,14,12272
5.436944444,,Surface,14,12273
5.436944444,,Surface,14,12274
5.436944444,,Surface,14,12275
5.436944444,,Surface,14,12276
5.436944444,,Surface,14,12277
5.436944444,,Surface,14,12278
5.436944444,,Surface,14,12279
5.436944444,,Surface,14,12280
5.436944444,,Surface,14,12281
5.436944444,,Surface,14,12282
5.436944444,,Surface,14,12283
5.436944444,,Surface,14,12284
5.436944444,,Surface,14,12285
5.436944444,,Surface,14,12286
5.436944444,,Surface,14,12287
5.436944444,,Surface,14,12288
